{"schema":{"folders":{"ultimate_icon_fonts":"Ultimate_VC_Addons\/icon-fonts"}},"theme_options":{"advanced-fvm_enable_integration":"1","advanced-fvm_script_timeout":"50ms","advanced-normalize_resize_on_mobile":"1","advanced-speed_img_resize":"0","blog-fancy_date-style":"circle","blog-thumbnail_proportions":{"width":2,"height":1},"blog-thumbnail_size":"resize","bottom_bar-bg_color":"rgba(255,255,255,0.13)","bottom_bar-bg_image":{"image":"","repeat":"repeat","position_x":"center","position_y":"top"},"bottom_bar-collapse_after":"990px","bottom_bar-color":"#ffffff","bottom_bar-copyrights":"","bottom_bar-credits":"1","bottom_bar-enabled":"0","bottom_bar-height":"60px","bottom_bar-layout":"logo_left","bottom_bar-line_size":"1px","bottom_bar-logo-padding":"0px 0px 0px 0px","bottom_bar-logo_hd":["",0],"bottom_bar-logo_regular":["",0],"bottom_bar-menu-collapse_after":"778px","bottom_bar-padding":"10px 10px","bottom_bar-style":"content_width_line","bottom_bar-text":"","breadcrumbs-typography":{"font_family":"Open Sans","font_size":13,"line_height":25,"text_transform":"none"},"breadcrumbs_bg_color":"rgba(255,255,255,0.2)","breadcrumbs_border_color":"rgba(255,255,255,0.5)","breadcrumbs_border_radius":"2px","breadcrumbs_border_width":"0px","breadcrumbs_margin":"0px 0px 0px 0px","breadcrumbs_padding":"0px 0px 0px 0px","buttons-border-color":"#ffffff","buttons-border-color_mode":"accent","buttons-color":"#81d742","buttons-color_gradient":"135deg|#13aa4a 30%|#84df31 100%","buttons-color_mode":"accent","buttons-hover-border-color":"#ffffff","buttons-hover-border-color_mode":"accent","buttons-hover_color":"#81d742","buttons-hover_color_gradient":"135deg|#119fd3 30%|#24c693 100%","buttons-hover_color_mode":"gradient","buttons-l-icon-size":20,"buttons-l-typography":{"font_family":"Nunito Sans:800","font_size":"20","text_transform":"none"},"buttons-l_border_radius":"4px","buttons-l_border_width":"0px","buttons-l_padding":"18px 26px 18px 26px","buttons-m-icon-size":20,"buttons-m-typography":{"font_family":"Nunito Sans:800","font_size":"20","text_transform":"none"},"buttons-m_border_radius":"3px","buttons-m_border_width":"0px","buttons-m_padding":"13px 22px 13px 22px","buttons-s-icon-size":14,"buttons-s-typography":{"font_family":"Nunito Sans:200","font_size":"13","text_transform":"none"},"buttons-s_border_radius":"3px","buttons-s_border_width":"0px","buttons-s_padding":"10px 14px 10px 14px","buttons-text_color":"#ffffff","buttons-text_color_mode":"color","buttons-text_hover_color":"#ffffff","buttons-text_hover_color_mode":"color","contact_form_message":"1","content-headers_color":"#252f37","content-links_color":"#13cc96","content-primary_text_color":"#616c7a","content-secondary_text_color":"#9aa4b1","custom_error_messages":"The message has not been sent. Plaese try again.","custom_error_messages_validation":"One or more fields have an error. Please check and try again.","custom_success_messages":"Your message has been sent.","dividers-color":"rgba(173,176,182,0.3)","filter-typography":{"font_family":"Nunito Sans:600","font_size":"15","text_transform":"uppercase"},"fonts-big_size":{"font_size":"17px","line_height":"28px"},"fonts-font_family":"Nunito Sans","fonts-h1-typography":{"font_family":"Nunito Sans:800","text_transform":"none","responsive_font_size":{"desktop":"53px","tablet":"53px","mobile":"53px"},"responsive_line_height":{"desktop":"53px"}},"fonts-h2-typography":{"font_family":"Nunito Sans:800","text_transform":"none","responsive_font_size":{"desktop":"53px"},"responsive_line_height":{"desktop":"53px"}},"fonts-h3-typography":{"font_family":"Nunito Sans:800","text_transform":"none","responsive_font_size":{"desktop":"31px"},"responsive_line_height":{"desktop":"31px"}},"fonts-h4-typography":{"font_family":"Nunito Sans:800","text_transform":"none","responsive_font_size":{"desktop":"23px"},"responsive_line_height":{"desktop":"23px"}},"fonts-h5-typography":{"font_family":"Nunito Sans:800","text_transform":"none","responsive_font_size":{"desktop":"20px"},"responsive_line_height":{"desktop":"20px"}},"fonts-h6-typography":{"font_family":"Nunito Sans:800","text_transform":"none","responsive_font_size":{"desktop":"13px"},"responsive_line_height":{"desktop":"26px"}},"fonts-headers-font-family":"","fonts-headers-text-transform":"","fonts-normal_size":{"font_size":"15px","line_height":"26px"},"fonts-small_size":{"font_size":"13px","line_height":"24px"},"fonts-widget-content":{"font_family":"Nunito Sans","responsive_font_size":{"desktop":"15px"},"responsive_line_height":{"desktop":"26px"}},"fonts-widget-title":{"font_family":"Nunito Sans:800","text_transform":"none","responsive_font_size":{"desktop":"20px"},"responsive_line_height":{"desktop":"20px"}},"fonts-woo-content":{"font_family":"Nunito Sans","responsive_font_size":{"desktop":"17px"},"responsive_line_height":{"desktop":"28px"}},"fonts-woo-title":{"font_family":"Nunito Sans:800","text_transform":"none","responsive_font_size":{"desktop":"20px"},"responsive_line_height":{"desktop":"20px"}},"footer-accent_text_color":"","footer-bg_color":"rgba(35,38,45,1)","footer-bg_image":{"image":"","repeat":"repeat","position_x":"center","position_y":"top"},"footer-collapse_after":"760px","footer-collapse_columns_after":"760px","footer-decoration":"none","footer-decoration-line_size":"1px","footer-decoration_outline_color":"rgba(129,215,66,0.96)","footer-headers_color":"#ffffff","footer-is_fullwidth":"0","footer-layout":"1\/3+1\/3+1\/3","footer-mobile_padding":"50px 20px 15px 20px","footer-padding":"50px 20px 15px 20px","footer-paddings-columns":"25px","footer-primary_text_color":"#ffffff","footer-slide-out-mode":"0","footer-style":"solid_background","general-accent_bg_color":"#5891e8","general-accent_bg_color_gradient":"340deg|#13cc96 0%|#81ffaa 100%","general-accent_color_mode":"gradient","general-album_back_button_url":"","general-album_meta_author":false,"general-album_meta_categories":"1","general-album_meta_comments":false,"general-album_meta_date":"1","general-album_meta_on":"1","general-beautiful_loading":"disabled","general-bg_color":"rgba(255,255,255,1)","general-bg_fixed":false,"general-bg_fullscreen":false,"general-bg_image":{"image":"","repeat":"repeat","position_x":"center","position_y":"top"},"general-blog_meta_author":"1","general-blog_meta_categories":"1","general-blog_meta_comments":"1","general-blog_meta_date":"1","general-blog_meta_on":"1","general-blog_meta_tags":"1","general-border_radius":"2px","general-box_width":"1280px","general-boxed_bg_color":"#f8f8f9","general-boxed_bg_fixed":"1","general-boxed_bg_fullscreen":"1","general-boxed_bg_image":{"image":"","repeat":"no-repeat","position_x":"center","position_y":"center"},"general-breadcrumbs_bg_color":"disabled","general-breadcrumbs_color":"#adb0b6","general-content_boxes_bg_color":"rgba(248,248,249,1)","general-content_boxes_decoration":"none","general-content_boxes_decoration_outline_color":"rgba(0,0,0,0)","general-content_width":"1190px","general-custom_css":".light-preset-color.masthead:not(#phantom):not(.sticky-on):not(.sticky-mobile-on) .l-to-r-line > li > a i.underline,\r\n.light-preset-color.masthead:not(#phantom):not(.sticky-on):not(.sticky-mobile-on) .from-centre-line > li > a .menu-item-text:before,\r\n.light-preset-color.masthead:not(#phantom):not(.sticky-on):not(.sticky-mobile-on) .upwards-line > li > a .menu-item-text:before,\r\n.light-preset-color.masthead:not(#phantom):not(.sticky-on):not(.sticky-mobile-on) .downwards-line > li > a .menu-item-text:before,\r\n.light-preset-color.masthead:not(#phantom):not(.sticky-on):not(.sticky-mobile-on) .active-line-decoration > li.act > a .decoration-line,\r\n.light-preset-color.masthead:not(#phantom):not(.sticky-on):not(.sticky-mobile-on) .hover-line-decoration > li > a:hover .decoration-line,\r\n.light-preset-color.masthead:not(#phantom):not(.sticky-on):not(.sticky-mobile-on) .hover-line-decoration > li.dt-hovered:not(.act) > a .decoration-line\r\n {\r\n\t\tbackground-color: rgba(255,255,255,0.3);\r\n}","general-custom_loader":"","general-favicon":"\/wp-content\/uploads\/2020\/09\/the7-new-fav1-1.gif","general-favicon_hd":"\/wp-content\/uploads\/2020\/09\/the7-new-fav-hd1-2.gif","general-filter-margin":"0px 14px 0px 14px","general-filter-padding":"6px 0px 6px 0px","general-filter_style":"material","general-filter_style-material-line_size":"2px","general-filter_style-minimal-border_radius":"100px","general-fullscreen_overlay_color":"rgba(255,255,255,1)","general-fullscreen_overlay_color_mode":"color","general-fullscreen_overlay_gradient":"135deg|#2edded 30%|#0084bb 100%","general-fullscreen_overlay_opacity":"100","general-handheld_icon-old_ipad":"\/wp-content\/uploads\/2016\/11\/the7-old-ipad1.gif","general-handheld_icon-old_iphone":"","general-handheld_icon-retina_ipad":"\/wp-content\/uploads\/2016\/11\/the7-ipad-hd1.gif","general-handheld_icon-retina_iphone":"\/wp-content\/uploads\/2016\/11\/the7-iphone-hd1.gif","general-images_lazy_loading":"1","general-layout":"wide","general-lightbox_arrow_size":"62px","general-lightbox_overlay_opacity":"85","general-loader_style":"double_circles","general-navigation_margin":"45px","general-next_prev_in_album":"1","general-next_prev_in_blog":"0","general-next_prev_in_portfolio":"1","general-page-title-typography":{"font_family":"Roboto","font_size":48,"line_height":58,"text_transform":"none"},"general-page_content_margin":"70px 20px 70px 20px","general-page_content_mobile_margin":"70px 20px 70px 20px","general-portfolio_meta_author":"1","general-portfolio_meta_categories":"1","general-portfolio_meta_comments":"1","general-portfolio_meta_date":"1","general-portfolio_meta_on":"1","general-portfolio_thumbnail_proportions":{"width":3,"height":2},"general-portfolio_thumbnail_size":"original","general-post_back_button_url":"","general-project_back_button_url":"","general-rel_posts_head_title":"Related Posts","general-rel_posts_max":6,"general-rel_projects_details":"1","general-rel_projects_excerpt":"1","general-rel_projects_head_title":"Related projects","general-rel_projects_info_author":"1","general-rel_projects_info_categories":"1","general-rel_projects_info_comments":"1","general-rel_projects_info_date":"1","general-rel_projects_link":"1","general-rel_projects_max":12,"general-rel_projects_title":"1","general-rel_projects_zoom":"1","general-responsive":"1","general-responsive_title_height":"150px","general-responsive_title_line_height":30,"general-responsive_title_size":20,"general-show_author_in_blog":"1","general-show_back_button_in_album":"1","general-show_back_button_in_post":"0","general-show_back_button_in_project":"0","general-show_breadcrumbs":"1","general-show_rel_posts":"1","general-show_rel_projects":"0","general-show_titles":"1","general-smooth_scroll":"off","general-spinner_color":"rgba(196,196,196,1)","general-switch_content_paddings":"778px","general-title_align":"center","general-title_bg_color":"rgba(249,249,250,1)","general-title_bg_fullscreen":false,"general-title_bg_gradient":"135deg|#4a66d6 30%|#12b4ea 100%","general-title_bg_image":{"image":"","repeat":"repeat","position_x":"center","position_y":"center"},"general-title_bg_mode":"background","general-title_bg_overlay":false,"general-title_bg_parallax":"0","general-title_color":"#292e36","general-title_decoration":"none","general-title_decoration_line_color":"rgba(173,176,182,0.3)","general-title_decoration_line_height":"1px","general-title_decoration_line_style":"solid","general-title_decoration_outline_color":"rgba(30,115,190,0)","general-title_decoration_outline_height":"1px","general-title_decoration_outline_style":"solid","general-title_enable_bg_img":"disabled","general-title_height":"200px","general-title_overlay_color":"rgba(0,0,0,0.5)","general-title_responsive_breadcrumbs":false,"general-title_scroll_effect":"default","general-titles-responsiveness-switch":"990px","general-titles_responsiveness":"0","header-background":"normal","header-bg-color":"#000000","header-bg-image":{"image":"","repeat":"repeat","position_x":"center","position_y":"center"},"header-bg-is_fixed":false,"header-bg-is_fullscreen":false,"header-classic-elements":{"top_bar_left":["custom_menu"],"top_bar_right":["search"],"near_menu_right":["social_icons"],"near_logo_right":["phone","email"]},"header-classic-elements-near_logo-custom-icon-color":"","header-classic-elements-near_logo-custom-icon-size":"16","header-classic-elements-near_logo-font_color":"#888888","header-classic-elements-near_logo-typography":{"font_family":"Arial","font_size":"14"},"header-classic-elements-near_logo_left-padding":"0px 0px 0px 0px","header-classic-elements-near_logo_right-padding":"0px 0px 0px 0px","header-classic-elements-near_menu-custom-icon-color":"","header-classic-elements-near_menu-custom-icon-size":"16","header-classic-elements-near_menu-font_color":"#888888","header-classic-elements-near_menu-typography":{"font_family":"Arial","font_size":"14"},"header-classic-elements-near_menu_right-padding":"0px 0px 0px 40px","header-classic-height":"180px","header-classic-is_fullwidth":"0","header-classic-logo-position":"left","header-classic-menu-bg-color":"rgba(0,0,0,1)","header-classic-menu-bg-style":"solid","header-classic-menu-line_size":"1px","header-classic-menu-margin":"0px 0px","header-classic-menu-position":"left","header-classic-show_elements":"1","header-classic-side-padding":"30px 30px","header-classic-switch_paddings":"0px","header-classic_mobile_paddings":"0px 0px","header-decoration":"disabled","header-decoration-color":"rgba(173,176,182,0.3)","header-decoration-line_size":"1px","header-elements-button-1-bg":"gradient","header-elements-button-1-bg-color":"#ffffff","header-elements-button-1-bg-gradient":"180deg|#74f692 5%|#13cc96 95%","header-elements-button-1-border-color":"accent","header-elements-button-1-border-color-mono":"#ffffff","header-elements-button-1-border_radius":"4px","header-elements-button-1-border_width":"0px","header-elements-button-1-choose-icon":"icomoon-the7-font-the7-cart-14","header-elements-button-1-first-header-switch":"hidden","header-elements-button-1-hover-bg":"gradient","header-elements-button-1-hover-bg-color":"#ffffff","header-elements-button-1-hover-bg-gradient":"180deg|#74f692 20%|#13cc96 95%","header-elements-button-1-hover-border-color":"accent","header-elements-button-1-hover-border-color-mono":"#ffffff","header-elements-button-1-hover-icon-color":"color","header-elements-button-1-hover-icon-color-gradient":"90deg|#ffffff 30%|#000000 100%","header-elements-button-1-hover-icon-color-mono":"#ffffff","header-elements-button-1-icon":"1","header-elements-button-1-icon-color":"color","header-elements-button-1-icon-color-gradient":"90deg|#ffffff 30%|#000000 100%","header-elements-button-1-icon-color-mono":"#ffffff","header-elements-button-1-icon-position":"left","header-elements-button-1-icon-size":"15","header-elements-button-1-icon_gap":"10px","header-elements-button-1-name":"Buy Now $39","header-elements-button-1-on-desktops":"show","header-elements-button-1-padding":"9px 18px 9px 16px","header-elements-button-1-second-header-switch":"hidden","header-elements-button-1-smooth-scroll":false,"header-elements-button-1-target":"1","header-elements-button-1-typography":{"font_family":"Nunito Sans:700","font_size":"15"},"header-elements-button-1-url":"https:\/\/themeforest.net\/item\/the7-responsive-multipurpose-wordpress-theme\/5556590?ref=Dream-Theme&license=regular&open_purchase_for_item_id=5556590","header-elements-button-2-bg":"gradient","header-elements-button-2-bg-color":"#ffffff","header-elements-button-2-bg-gradient":"180deg|#74f692 6%|#13cc96 95%","header-elements-button-2-border-color":"disabled","header-elements-button-2-border-color-mono":"#ffffff","header-elements-button-2-border_radius":"4px","header-elements-button-2-border_width":"0px","header-elements-button-2-choose-icon":"icomoon-the7-font-the7-cart-14","header-elements-button-2-first-header-switch":"near_logo","header-elements-button-2-hover-bg":"gradient","header-elements-button-2-hover-bg-color":"#ffffff","header-elements-button-2-hover-bg-gradient":"180deg|#74f692 24%|#13cc96 94%","header-elements-button-2-hover-border-color":"disabled","header-elements-button-2-hover-border-color-mono":"#ffffff","header-elements-button-2-hover-icon-color":"color","header-elements-button-2-hover-icon-color-gradient":"90deg|#ffffff 30%|#000000 100%","header-elements-button-2-hover-icon-color-mono":"#ffffff","header-elements-button-2-icon":"1","header-elements-button-2-icon-color":"color","header-elements-button-2-icon-color-gradient":"90deg|#ffffff 30%|#000000 100%","header-elements-button-2-icon-color-mono":"#ffffff","header-elements-button-2-icon-position":"left","header-elements-button-2-icon-size":"13","header-elements-button-2-icon_gap":"6px","header-elements-button-2-name":"Buy Now $39","header-elements-button-2-on-desktops":"hide","header-elements-button-2-padding":"8px 12px 7px 12px","header-elements-button-2-second-header-switch":"near_logo","header-elements-button-2-smooth-scroll":false,"header-elements-button-2-target":"1","header-elements-button-2-typography":{"font_family":"Nunito Sans:700","font_size":"13"},"header-elements-button-2-url":"https:\/\/themeforest.net\/item\/the7-responsive-multipurpose-wordpress-theme\/5556590?ref=Dream-Theme&license=regular&open_purchase_for_item_id=5556590","header-elements-contact-address-caption":"8500 Beverly Boulevard Los Angeles, CA 90048","header-elements-contact-address-custom-icon":"the7-mw-icon-address-bold","header-elements-contact-address-first-header-switch":"near_logo","header-elements-contact-address-icon":"custom","header-elements-contact-address-on-desktops":"show","header-elements-contact-address-second-header-switch":"in_menu","header-elements-contact-address-url":"","header-elements-contact-clock-caption":"Monday \u2013 Friday 10 AM \u2013 8 PM","header-elements-contact-clock-custom-icon":"the7-mw-icon-clock-bold","header-elements-contact-clock-first-header-switch":"near_logo","header-elements-contact-clock-icon":"custom","header-elements-contact-clock-on-desktops":"show","header-elements-contact-clock-second-header-switch":"in_menu","header-elements-contact-clock-url":"","header-elements-contact-email-caption":"sales@yoursite.com","header-elements-contact-email-custom-icon":"the7-mw-icon-mail-bold","header-elements-contact-email-first-header-switch":"near_logo","header-elements-contact-email-icon":"custom","header-elements-contact-email-on-desktops":"show","header-elements-contact-email-second-header-switch":"in_menu","header-elements-contact-email-url":"","header-elements-contact-multipurpose_1-caption":"","header-elements-contact-multipurpose_1-custom-icon":"","header-elements-contact-multipurpose_1-first-header-switch":"near_logo","header-elements-contact-multipurpose_1-icon":"custom","header-elements-contact-multipurpose_1-on-desktops":"show","header-elements-contact-multipurpose_1-second-header-switch":"in_menu","header-elements-contact-multipurpose_1-url":"","header-elements-contact-multipurpose_2-caption":"","header-elements-contact-multipurpose_2-custom-icon":"","header-elements-contact-multipurpose_2-first-header-switch":"near_logo","header-elements-contact-multipurpose_2-icon":"custom","header-elements-contact-multipurpose_2-on-desktops":"show","header-elements-contact-multipurpose_2-second-header-switch":"in_menu","header-elements-contact-multipurpose_2-url":"","header-elements-contact-multipurpose_3-caption":"","header-elements-contact-multipurpose_3-custom-icon":"","header-elements-contact-multipurpose_3-first-header-switch":"near_logo","header-elements-contact-multipurpose_3-icon":"custom","header-elements-contact-multipurpose_3-on-desktops":"show","header-elements-contact-multipurpose_3-second-header-switch":"in_menu","header-elements-contact-multipurpose_3-url":"","header-elements-contact-multipurpose_4-caption":"","header-elements-contact-multipurpose_4-custom-icon":"","header-elements-contact-multipurpose_4-first-header-switch":"near_logo","header-elements-contact-multipurpose_4-icon":"custom","header-elements-contact-multipurpose_4-on-desktops":"show","header-elements-contact-multipurpose_4-second-header-switch":"in_menu","header-elements-contact-multipurpose_4-url":"","header-elements-contact-phone-caption":"011 322 44 56","header-elements-contact-phone-custom-icon":"the7-mw-icon-phone-bold","header-elements-contact-phone-first-header-switch":"near_logo","header-elements-contact-phone-icon":"custom","header-elements-contact-phone-on-desktops":"show","header-elements-contact-phone-second-header-switch":"in_menu","header-elements-contact-phone-url":"","header-elements-contact-skype-caption":"Your_Skype","header-elements-contact-skype-custom-icon":"the7-mw-icon-skype-bold","header-elements-contact-skype-first-header-switch":"near_logo","header-elements-contact-skype-icon":"custom","header-elements-contact-skype-on-desktops":"show","header-elements-contact-skype-second-header-switch":"in_menu","header-elements-contact-skype-url":"","header-elements-login-caption":"Login","header-elements-login-custom-icon":"the7-mw-icon-login-bold","header-elements-login-first-header-switch":"near_logo","header-elements-login-icon":"custom","header-elements-login-logout_url":"","header-elements-login-on-desktops":"show","header-elements-login-second-header-switch":"in_menu","header-elements-login-url":"http:\/\/themeforest.net","header-elements-login-use_logout_url":false,"header-elements-logout-caption":"Logout","header-elements-menu-first-header-switch":"near_logo","header-elements-menu-icon":"custom","header-elements-menu-on-desktops":"show","header-elements-menu-second-header-switch":"hidden","header-elements-menu-style":"dropdown","header-elements-menu-style-first-switch":"dropdown","header-elements-menu-style-second-switch":"dropdown","header-elements-menu2-first-header-switch":"near_logo","header-elements-menu2-icon":"custom","header-elements-menu2-on-desktops":"show","header-elements-menu2-second-header-switch":"in_menu","header-elements-menu2-style":"dropdown","header-elements-menu2-style-first-switch":"dropdown","header-elements-menu2-style-second-switch":"dropdown","header-elements-menu2_custom-icon":"the7-mw-icon-dropdown-menu-bold","header-elements-menu_custom-icon":"the7-mw-icon-dropdown-menu-bold","header-elements-search-by":"general","header-elements-search-caption":"","header-elements-search-first-header-switch":"near_logo","header-elements-search-icon":"custom","header-elements-search-input-caption":"Type and hit enter \u2026","header-elements-search-on-desktops":"show","header-elements-search-second-header-switch":"near_logo","header-elements-search_custom-icon":"the7-mw-icon-search-bold","header-elements-soc_icons":[{"icon":"facebook","url":""},{"icon":"facebook","url":"\/"},{"icon":"twitter","url":"\/"},{"icon":"dribbble","url":"\/"}],"header-elements-soc_icons-bg":"color","header-elements-soc_icons-bg-color":"rgba(173,176,182,0.17)","header-elements-soc_icons-bg-gradient":"135deg|#ffffff 30%|#000000 100%","header-elements-soc_icons-bg-size":"26px","header-elements-soc_icons-border":"disabled","header-elements-soc_icons-border-color":"#ffffff","header-elements-soc_icons-color":"#adb0b6","header-elements-soc_icons-first-header-switch":"near_logo","header-elements-soc_icons-hover-bg":"accent","header-elements-soc_icons-hover-bg-color":"rgba(21,191,230,1)","header-elements-soc_icons-hover-bg-gradient":"135deg|#ffffff 30%|#000000 100%","header-elements-soc_icons-hover-border":"disabled","header-elements-soc_icons-hover-border-color":"#ffffff","header-elements-soc_icons-hover-color":"#ffffff","header-elements-soc_icons-on-desktops":"show","header-elements-soc_icons-second-header-switch":"in_menu","header-elements-soc_icons-size":"16px","header-elements-soc_icons_border_radius":"100px","header-elements-soc_icons_border_width":"1px","header-elements-soc_icons_gap":4,"header-elements-text":"[dt_button link=\"https:\/\/themeforest.net\/item\/the7-responsive-multipurpose-wordpress-theme\/5556590?ref=Dream-Theme&license=regular&open_purchase_for_item_id=5556590\" target_blank=\"true\" size=\"medium\" style=\"outline_with_bg\" bg_color_style=\"custom\" bg_color=\"#ffffff\" bg_hover_color_style=\"custom\" bg_hover_color=\"#ffffff\" text_color_style=\"custom\" text_color=\"#ffffff\" text_hover_color_style=\"custom\" text_hover_color=\"#292e36\" icon=\"JTNDaSUyMGNsYXNzJTNEJTIyZmElMjBmYS1zaG9wcGluZy1jYXJ0JTIyJTNFJTNDJTJGaSUzRQ==\" icon_align=\"right\"]GET THE7 NOW[\/dt_button]","header-elements-text-2":"","header-elements-text-2-first-header-switch":"near_logo","header-elements-text-2-on-desktops":"hide","header-elements-text-2-second-header-switch":"hidden","header-elements-text-3":"Some call to action text goes here!","header-elements-text-3-first-header-switch":"near_logo","header-elements-text-3-on-desktops":"show","header-elements-text-3-second-header-switch":"in_menu","header-elements-text-4":"","header-elements-text-4-first-header-switch":"near_logo","header-elements-text-4-on-desktops":"show","header-elements-text-4-second-header-switch":"in_menu","header-elements-text-5":"","header-elements-text-5-first-header-switch":"near_logo","header-elements-text-5-on-desktops":"show","header-elements-text-5-second-header-switch":"in_menu","header-elements-text-first-header-switch":"hidden","header-elements-text-on-desktops":"show","header-elements-text-second-header-switch":"hidden","header-elements-woocommerce_cart-font-content":{"font_family":"Nunito Sans","responsive_font_size":{"desktop":"15px"},"responsive_line_height":{"desktop":"26px"}},"header-floating-mobile-first_switch-logo":"desktop","header-floating-mobile-second_switch-logo":"desktop","header-floating_microwidgets-font":"default","header-floating_microwidgets-font-color":"#ffffff","header-floating_microwidgets-icon":"default","header-floating_microwidgets-icon-color":"#ffffff","header-floating_navigation-active_item-font-color":"#1c252c","header-floating_navigation-active_item-font-gradient":"90deg|#ffffff 30%|#000000 100%","header-floating_navigation-bg-color":"#ffffff","header-floating_navigation-bg-image":{"image":"","repeat":"repeat","position_x":"center","position_y":"center"},"header-floating_navigation-bg-is_fullscreen":false,"header-floating_navigation-decoration":"shadow","header-floating_navigation-decoration-color":"rgba(255,255,255,0.08)","header-floating_navigation-decoration-line_size":"1px","header-floating_navigation-font-active":"color","header-floating_navigation-font-color":"#66727f","header-floating_navigation-font-hover":"color","header-floating_navigation-font-normal":"color","header-floating_navigation-height":"60px","header-floating_navigation-hover-font-color":"#1c252c","header-floating_navigation-hover-font-gradient":"90deg|#ffffff 30%|#000000 100%","header-floating_navigation-show_after":"100px","header-floating_navigation-style":"sticky","header-floating_navigation-top-bar":false,"header-inline-elements":{"near_menu_right":["button","button-2"]},"header-inline-elements-near_menu-custom-icon-color":"","header-inline-elements-near_menu-custom-icon-size":"16","header-inline-elements-near_menu-font_color":"#3b3f4a","header-inline-elements-near_menu-typography":{"font_family":"Roboto:500","font_size":"13"},"header-inline-elements-near_menu_right-padding":"0px 0px 0px 0px","header-inline-height":"100px","header-inline-is_fullwidth":"1","header-inline-menu-position":"left","header-inline-show_elements":"1","header-inline-side-padding":"30px 30px","header-inline-switch_paddings":"0px","header-inline_mobile_paddings":"0px 0px","header-layout":"inline","header-logo-padding":"0px 15px 0px 0px","header-logo_hd":["\/wp-content\/uploads\/2020\/07\/lg80x80.png",4048],"header-logo_regular":["\/wp-content\/uploads\/2020\/07\/lg40x40.png",4049],"header-mega-menu-desc-font-color":"#66727f","header-mega-menu-desc-typography":{"font_family":"Nunito Sans","font_size":"13"},"header-mega-menu-items-padding":"10px 10px 5px 10px","header-mega-menu-submenu-bg-padding":"10px 10px 10px 10px","header-mega-menu-submenu-column-padding":"0px 0px 0px 0px","header-mega-menu-submenu-column-width":"250px","header-mega-menu-title-active_item-font-color":"#0c1217","header-mega-menu-title-active_item-font-color-style":"color","header-mega-menu-title-active_item-font-gradient":"90deg|#ffffff 30%|#000000 100%","header-mega-menu-title-font-color":"#66727f","header-mega-menu-title-hover-font-color":"#0c1217","header-mega-menu-title-hover-font-color-style":"color","header-mega-menu-title-hover-font-gradient":"90deg|#ffffff 30%|#000000 100%","header-mega-menu-title-icon-size":"16","header-mega-menu-title-typography":{"font_family":"Nunito Sans:600","text_transform":"none","font_size":"15"},"header-mega-menu-widget-accent-color":"","header-mega-menu-widget-font-color":"#0c1217","header-mega-menu-widget-title-color":"#0c1217","header-menu-active_item-font-color":"#ffffff","header-menu-active_item-font-color-style":"color","header-menu-active_item-font-gradient":"90deg|#ffffff 30%|#000000 100%","header-menu-close_icon-caption":"disabled","header-menu-close_icon-caption-text":"Navigation","header-menu-close_icon-caption-typography":{"font_family":"Roboto","text_transform":"uppercase","font_size":"16"},"header-menu-close_icon-caption_gap":"20px","header-menu-close_icon-position":"outside","header-menu-close_icon-size":"fade_medium","header-menu-decoration-other-active-color":"rgba(255,255,255,0.15)","header-menu-decoration-other-active-color-style":"accent","header-menu-decoration-other-active-gradient":"135deg|rgba(255,255,255,0.15) 30%|rgba(0,0,0,0.15) 100%","header-menu-decoration-other-active-line":"0","header-menu-decoration-other-active-line-color":"rgba(130,36,227,0.3)","header-menu-decoration-other-active-line-color-style":"color","header-menu-decoration-other-active-line-gradient":"135deg|rgba(221,51,51,0.3) 30%|rgba(129,215,66,0.3) 100%","header-menu-decoration-other-active-line-opacity":"30","header-menu-decoration-other-active-opacity":"15","header-menu-decoration-other-active-style":"background","header-menu-decoration-other-border-radius":"3","header-menu-decoration-other-hover-color":"rgba(255,255,255,0.15)","header-menu-decoration-other-hover-color-style":"accent","header-menu-decoration-other-hover-gradient":"135deg|rgba(255,255,255,0.15) 30%|rgba(0,0,0,0.15) 100%","header-menu-decoration-other-hover-line":"0","header-menu-decoration-other-hover-line-color":"rgba(221,51,51,0.23)","header-menu-decoration-other-hover-line-color-style":"gradient","header-menu-decoration-other-hover-line-gradient":"135deg|rgba(255,255,255,0.23) 30%|rgba(0,0,0,0.23) 100%","header-menu-decoration-other-hover-line-opacity":"23","header-menu-decoration-other-hover-style":"background","header-menu-decoration-other-line_size":"2px","header-menu-decoration-other-links-is_justified":"0","header-menu-decoration-other-opacity":"15","header-menu-decoration-style":"underline","header-menu-decoration-underline-color":"#1e73be","header-menu-decoration-underline-color-style":"accent","header-menu-decoration-underline-direction":"downwards","header-menu-decoration-underline-gradient":"135deg|#ffffff 30%|#000000 100%","header-menu-decoration-underline-line_size":"2px","header-menu-dividers-color":"rgba(17,17,17,0.14)","header-menu-dividers-height":"24px","header-menu-dividers-height-style":"custom","header-menu-dividers-surround":"0","header-menu-dividers-width":"1px","header-menu-font-color":"#ffffff","header-menu-hover-font-color":"#ffffff","header-menu-hover-font-color-style":"color","header-menu-hover-font-gradient":"90deg|#8224e3 30%|#751257 100%","header-menu-icon-size":"16","header-menu-item-margin":"15px 15px 15px 15px","header-menu-item-padding":"4px 4px 4px 4px","header-menu-item-surround_margins-custom-margin":"50px","header-menu-item-surround_margins-style":"regular","header-menu-show_dividers":"0","header-menu-show_next_lvl_icons":false,"header-menu-submenu-active-bg-color":"#f1f5f7","header-menu-submenu-active-bg-color-style":"color","header-menu-submenu-active-bg-gradient":"90deg|#81d742 30%|#eeee22 100%","header-menu-submenu-active-bg-opacity":"7","header-menu-submenu-active-font-color":"#0c1217","header-menu-submenu-active-font-color-style":"color","header-menu-submenu-active-font-gradient":"90deg|#ffffff 30%|#000000 100%","header-menu-submenu-bg-color":"rgba(255,255,255,1)","header-menu-submenu-bg-hover":"background","header-menu-submenu-bg-padding":"0px 0px 0px 0px","header-menu-submenu-bg-width":"250px","header-menu-submenu-display":"hover","header-menu-submenu-font-color":"#66727f","header-menu-submenu-hover-bg-color":"#f1f5f7","header-menu-submenu-hover-bg-color-style":"color","header-menu-submenu-hover-bg-gradient":"90deg|#81d742 30%|#eeee22 100%","header-menu-submenu-hover-bg-opacity":"7","header-menu-submenu-hover-font-color":"#0c1217","header-menu-submenu-hover-font-color-style":"color","header-menu-submenu-hover-font-gradient":"90deg|#81d742 30%|#eeee22 100%","header-menu-submenu-icon-size":"16","header-menu-submenu-item-margin":"1px 1px 1px 1px","header-menu-submenu-item-padding":"8px 10px 8px 10px","header-menu-submenu-parent_is_clickable":false,"header-menu-submenu-show_next_lvl_icons":"1","header-menu-submenu-subtitle-typography":{"font_family":"Arial:400italic","font_size":"10"},"header-menu-submenu-typography":{"font_family":"Nunito Sans:600","text_transform":"none","font_size":"15"},"header-menu-subtitle-typography":{"font_family":"Arial:400italic","font_size":"11"},"header-menu-typography":{"font_family":"Nunito Sans:600","text_transform":"none","font_size":"17"},"header-menu_close_icon-bg":"enabled","header-menu_close_icon-bg-border-radius":"0px","header-menu_close_icon-bg-border-width":"0px","header-menu_close_icon-bg-color":"rgba(255,255,255,0.75)","header-menu_close_icon-bg-hover":"enabled","header-menu_close_icon-border":"enabled","header-menu_close_icon-border-color":"","header-menu_close_icon-border-color-hover":"","header-menu_close_icon-border-hover":"enabled","header-menu_close_icon-caption_color":"#000000","header-menu_close_icon-caption_color-hover":"#000000","header-menu_close_icon-color":"#000000","header-menu_close_icon-hover-color":"#000000","header-menu_close_icon-margin":"30px 30px 30px 30px","header-menu_close_icon-padding":"15px 15px 15px 15px","header-menu_icon-bg":"enabled","header-menu_icon-bg-border-radius":"0px","header-menu_icon-bg-border-width":"0px","header-menu_icon-bg-color":"rgba(255,255,255,0.75)","header-menu_icon-bg-color-hover":"rgba(255,255,255,0.75)","header-menu_icon-bg-hover":"enabled","header-menu_icon-border":"enabled","header-menu_icon-border-color":"","header-menu_icon-border-hover":"enabled","header-menu_icon-border-hover-color":"","header-menu_icon-caption":"disabled","header-menu_icon-caption-padding":"18px 15px 18px 15px","header-menu_icon-caption-text":"Menu","header-menu_icon-caption-typography":{"font_family":"Roboto","text_transform":"none","font_size":"16"},"header-menu_icon-caption_color":"#000000","header-menu_icon-caption_color-hover":"#000000","header-menu_icon-caption_gap":"10px","header-menu_icon-color":"#000000","header-menu_icon-color-hover":"#000000","header-menu_icon-elements":[],"header-menu_icon-elements-below_menu-padding":"0px 0px 0px 0px","header-menu_icon-elements-near_menu-custom-icon-color":"","header-menu_icon-elements-near_menu-custom-icon-size":"16","header-menu_icon-elements-near_menu-font_color":"#888888","header-menu_icon-elements-near_menu-typography":{"font_family":"Arial","font_size":"14"},"header-menu_icon-hover-bg-color":"rgba(255,255,255,0.75)","header-menu_icon-margin":"0px 0px 0px 0px","header-menu_icon-show_elements":"0","header-menu_icon-size":"medium","header-mixed-bg-color":"rgba(255,255,255,1)","header-mixed-decoration":"shadow","header-mixed-decoration-color":"rgba(221,153,51,1)","header-mixed-decoration_size":"1px","header-mixed-floating-top-bar":false,"header-mixed-sticky-bg-color":"#000000","header-mobile-content-padding":"45px 25px 30px 40px","header-mobile-decoration":"shadow","header-mobile-decoration-color":"#ffffff","header-mobile-decoration-line_size":"1px","header-mobile-first_switch-after":"992px","header-mobile-first_switch-height":"60px","header-mobile-first_switch-layout":"right_left","header-mobile-first_switch-logo":"desktop","header-mobile-first_switch-side-padding":"20px 20px","header-mobile-floating-bg-color":"#ffffff","header-mobile-floating_navigation":"sticky","header-mobile-header-bg-color":"#ffffff","header-mobile-menu-align":"right","header-mobile-menu-bg-color":"rgba(255,255,255,1)","header-mobile-menu-bg-width":"290px","header-mobile-menu-close_icon-caption":"disabled","header-mobile-menu-close_icon-caption-text":"Menu","header-mobile-menu-close_icon-caption-typography":{"font_family":"Roboto","text_transform":"none","font_size":"16"},"header-mobile-menu-close_icon-caption_gap":"10px","header-mobile-menu-close_icon-position":"right","header-mobile-menu-close_icon-size":"fade_medium","header-mobile-menu-dividers-color":"rgba(102,114,127,0.1)","header-mobile-menu-dividers-height":"2px","header-mobile-menu-font-color":"#66727f","header-mobile-menu-font-hover-color":"#1c252c","header-mobile-menu-font-hover-color-style":"color","header-mobile-menu-font-hover-gradient":"90deg|#b78ce2 30%|#1e73be 100%","header-mobile-menu-show_dividers":"1","header-mobile-menu-typography":{"font_family":"Nunito Sans:600","text_transform":"none","font_size":"19"},"header-mobile-menu_close-caption_color":"#fff","header-mobile-menu_close-caption_color-hover":"#fff","header-mobile-menu_close_icon-bg":"enabled","header-mobile-menu_close_icon-bg-border-radius":"2px","header-mobile-menu_close_icon-bg-border-width":"0px","header-mobile-menu_close_icon-bg-color":"#ffffff","header-mobile-menu_close_icon-bg-hover":"enabled","header-mobile-menu_close_icon-border":"disabled","header-mobile-menu_close_icon-border-color":"","header-mobile-menu_close_icon-border-color-hover":"","header-mobile-menu_close_icon-border-hover":"disabled","header-mobile-menu_close_icon-color":"#66727f","header-mobile-menu_close_icon-hover-color":"#000000","header-mobile-menu_close_icon-margin":"15px 0px 0px 0px","header-mobile-menu_close_icon-padding":"5px 5px 5px 5px","header-mobile-menu_icon-bg-border-radius":"0px","header-mobile-menu_icon-bg-border-width":"0px","header-mobile-menu_icon-bg-color":"","header-mobile-menu_icon-bg-color-hover":"","header-mobile-menu_icon-bg-enable":"0","header-mobile-menu_icon-bg-hover":"0","header-mobile-menu_icon-border":"disabled","header-mobile-menu_icon-border-color":"","header-mobile-menu_icon-border-hover":"disabled","header-mobile-menu_icon-border-hover-color":"","header-mobile-menu_icon-caption":"disabled","header-mobile-menu_icon-caption-padding":"10px 2px 10px 2px","header-mobile-menu_icon-caption-text":"Menu","header-mobile-menu_icon-caption-typography":{"font_family":"Roboto","text_transform":"none","font_size":"16"},"header-mobile-menu_icon-caption_color":"#ffffff","header-mobile-menu_icon-caption_color-hover":"#ffffff","header-mobile-menu_icon-caption_gap":"10px","header-mobile-menu_icon-color":"#66727f","header-mobile-menu_icon-color-hover":"#1c252c","header-mobile-menu_icon-hover-bg-color":"#ffffff","header-mobile-menu_icon-margin":"0px 0px 0px 0px","header-mobile-menu_icon-size":"large","header-mobile-microwidgets-custom-icon-color":"","header-mobile-microwidgets-custom-icon-size":"16","header-mobile-microwidgets-font-color":"#ffffff","header-mobile-microwidgets-typography":{"font_family":"Roboto:500","font_size":"13"},"header-mobile-overlay-bg-color":"rgba(0,0,0,0.3)","header-mobile-second_switch-after":"0px","header-mobile-second_switch-height":"60px","header-mobile-second_switch-layout":"right_left","header-mobile-second_switch-logo":"desktop","header-mobile-second_switch-side-padding":"20px 20px","header-mobile-submenu-typography":{"font_family":"Nunito Sans:600","text_transform":"none","font_size":"16"},"header-overlay-content-padding":"0px 0px 0px 0px","header-overlay-content-position":"center","header-overlay-content-width":"300px","header-overlay-logo-position":"fully_inside","header-overlay-menu-items_alignment":"center","header-overlay-menu-items_link":"fullwidth","header-overlay-menu-position":"v_center","header-show_floating_navigation":"1","header-side-content-padding":"50px 0px 40px 0px","header-side-elements":{"below_menu":["social_icons","email","skype"]},"header-side-elements-below_menu-padding":"0px 35px 0px 35px","header-side-elements-near_menu-custom-icon-color":"","header-side-elements-near_menu-custom-icon-size":"16","header-side-elements-near_menu-font_color":"#888888","header-side-elements-near_menu-typography":{"font_family":"Arial","font_size":"14"},"header-side-logo-position":"inside","header-side-menu-items_alignment":"center","header-side-menu-items_link":"fullwidth","header-side-menu-position":"v_top","header-side-menu-submenu-position":"down","header-side-position":"right","header-side-show_elements":"1","header-side-width":"300px","header-side_line-elements":[],"header-side_line-elements-below_menu-padding":"0px 0px 0px 0px","header-side_line-elements-near_menu-custom-icon-color":"","header-side_line-elements-near_menu-custom-icon-size":"16","header-side_line-elements-near_menu-font_color":"#888888","header-side_line-elements-near_menu-typography":{"font_family":"Arial","font_size":"14"},"header-side_line-show_elements":"0","header-side_line-width":"60px","header-slide_out-content-padding":"50px 0px 50px 0px","header-slide_out-logo-position":"fully_inside","header-slide_out-menu-items_alignment":"center","header-slide_out-menu-items_link":"fullwidth","header-slide_out-menu-position":"v_top","header-slide_out-overlay-animation":"fade","header-slide_out-overlay-bg-color":"rgba(17,17,17,0.4)","header-slide_out-overlay-bg-color-style":"color","header-slide_out-overlay-bg-gradient":"135deg|rgba(205,183,226,0.4) 30%|rgba(130,20,130,0.4) 100%","header-slide_out-overlay-bg-opacity":"40","header-slide_out-position":"left","header-slide_out-width":"400px","header-split-elements":{"near_menu_right":["text_area"]},"header-split-elements-near_menu-custom-icon-color":"","header-split-elements-near_menu-custom-icon-size":"16","header-split-elements-near_menu-font_color":"#888888","header-split-elements-near_menu-typography":{"font_family":"Arial","font_size":"14"},"header-split-elements-near_menu_left-padding":"0px 20px 0px 20px","header-split-elements-near_menu_right-padding":"0px 50px 0px 20px","header-split-height":"120px","header-split-is_fullwidth":"1","header-split-menu-position":"outside","header-split-show_elements":"1","header-split-side-padding":"30px 30px","header-split-switch_paddings":"0px","header-split_mobile_paddings":"0px 0px","header-style-floating-choose_logo":"main","header-style-floating-logo-padding":"0px 15px 0px 0px","header-style-floating-logo_hd":["",0],"header-style-floating-logo_regular":["",0],"header-style-floating-mobile-logo-padding":"0px 0px 0px 0px","header-style-floating-mobile-logo_hd":["",0],"header-style-floating-mobile-logo_regular":["",0],"header-style-mixed-logo-padding":"0px 0px 0px 0px","header-style-mixed-logo_hd":["",0],"header-style-mixed-logo_regular":["",0],"header-style-mixed-top_line-floating-choose_logo":"main","header-style-mixed-top_line-floating-logo-padding":"0px 0px 0px 0px","header-style-mixed-top_line-floating-logo_hd":["",0],"header-style-mixed-top_line-floating-logo_regular":["",0],"header-style-mixed-transparent-top_line-choose_logo":"main","header-style-mixed-transparent-top_line-logo-padding":"0px 0px 0px 0px","header-style-mixed-transparent-top_line-logo_hd":["",0],"header-style-mixed-transparent-top_line-logo_regular":["",0],"header-style-mobile-logo-padding":"0px 15px 0px 0px","header-style-mobile-logo_hd":["",0],"header-style-mobile-logo_regular":["",0],"header-style-transparent-choose_logo":"main","header-style-transparent-logo-padding":"0px 15px 0px 0px","header-style-transparent-logo_hd":["",0],"header-style-transparent-logo_regular":["",0],"header-style-transparent-mobile-logo-padding":"0px 15px 0px 0px","header-style-transparent-mobile-logo_hd":["",0],"header-style-transparent-mobile-logo_regular":["",0],"header-top_line-elements":[],"header-top_line-elements-below_menu-padding":"0px 0px 0px 0px","header-top_line-elements-in_top_line-custom-icon-color":"","header-top_line-elements-in_top_line-custom-icon-size":"16","header-top_line-elements-in_top_line-font_color":"#888888","header-top_line-elements-in_top_line-typography":{"font_family":"Arial","font_size":"14"},"header-top_line-elements-near_menu-custom-icon-color":"","header-top_line-elements-near_menu-custom-icon-size":"16","header-top_line-elements-near_menu-font_color":"#888888","header-top_line-elements-near_menu-typography":{"font_family":"Arial","font_size":"14"},"header-top_line-elements-top_line-padding":"0px 0px 0px 0px","header-top_line-elements-top_line_right-padding":"0px 0px 0px 0px","header-top_line-show_elements":"0","header-top_line-side-padding":"30px 30px","header-top_line-switch_paddings":"0px","header-top_line_mobile_paddings":"0px 0px","header-transparent-mobile-first_switch-logo":"desktop","header-transparent-mobile-second_switch-logo":"desktop","header-transparent_bg_color":"rgba(238,238,34,1)","header_navigation":"slide_out","image_hover-color":"rgba(255,255,255,0.25)","image_hover-color_gradient":"135deg|rgba(46,221,237,0.25) 30%|rgba(0,132,187,0.25) 100%","image_hover-color_mode":"color","image_hover-opacity":25,"image_hover-project_rollover_color":"rgba(0,0,0,0.85)","image_hover-project_rollover_color_gradient":"135deg|rgba(46,221,237,0.85) 30%|rgba(0,132,187,0.85) 100%","image_hover-project_rollover_color_mode":"accent","image_hover-project_rollover_opacity":85,"image_hover-style":"none","input_bg_color":"rgba(253,253,253,1)","input_border_color":"rgba(51,51,51,0.11)","input_border_radius":"2px","input_border_width":"1px 1px 1px 1px","input_color":"#8b8d94","input_height":"40px","input_padding":"5px 15px 5px 15px","layout-menu_icon-position":"menu_icon_right","layout-menu_icon-show_floating_logo":"1","layout-top_line-height":"130px","layout-top_line-is_fullwidth":"0","layout-top_line-is_sticky":"0","layout-top_line-logo-position":"left","menu-mobile-microwidgets-custom-icon-color":"","menu-mobile-microwidgets-custom-icon-size":"16","menu-mobile-microwidgets-font-color":"#3b3f4a","menu-mobile-microwidgets-typography":{"font_family":"Roboto:500","font_size":"13"},"message_bg_color":"","message_color":"#ffffff","microwidgets-search-active-width":"200px","microwidgets-search-height":"34px","microwidgets-search-typography":{"font_family":"Roboto","font_size":"14"},"microwidgets-search-width":"200px","microwidgets-search_bg-border-color":"#e2e2e2","microwidgets-search_bg-color":"#f4f4f4","microwidgets-search_bg_border_radius":"0px","microwidgets-search_bg_border_width":"0px","microwidgets-search_custom-icon":"the7-mw-icon-search-bold","microwidgets-search_font-color":"#aaaaaa","microwidgets-search_icon":"custom","microwidgets-search_icon-size":"16","microwidgets-search_input-padding":"12px 12px","microwidgets-search_overlay-bg":"color","microwidgets-search_overlay-bg-color":"rgba(0,0,0,0.9)","microwidgets-search_overlay-bg-gradient":"135deg|#ffffff 30%|#000000 100%","microwidgets-search_style":"popup","page_title-background-style-transparent-color_scheme":"light","page_title-padding":"15px 0px","portfolio-breadcrumbs-text":"","portfolio-rel_projects_columns":{"wide_desktop":4,"desktop":3,"laptop":3,"h_tablet":3,"v_tablet":2,"phone":1},"portfolio-rel_projects_proportions":{"width":1,"height":1},"post-show_fancy_categories":"1","post-show_fancy_date":"1","show_static_part_of_archive_title":"1","sidebar-bg_color":"rgba(247,247,248,1)","sidebar-bg_image":{"image":"","repeat":"repeat","position_x":"center","position_y":"center"},"sidebar-decoration":"none","sidebar-decoration_outline_color":"rgba(0,0,0,0.06)","sidebar-distance_to_content":"50px","sidebar-divider-horizontal":"0","sidebar-divider-vertical":"1","sidebar-floating":false,"sidebar-headers_color":"#292e36","sidebar-primary_text_color":"#787d85","sidebar-responsiveness":"970px","sidebar-vertical_distance":"60px","sidebar-visual_style":"with_dividers","sidebar-width":"33%","social_buttons-page":[],"social_buttons-page-button_title":"Share this page","social_buttons-photo":[],"social_buttons-photo-button_title":"Share this image","social_buttons-portfolio_post":[],"social_buttons-portfolio_post-button_title":"Share this post","social_buttons-post":[],"social_buttons-post-button_title":"Share this post","social_buttons-visibility":"allways","stripes-stripe_1_bg_image":{"image":"","repeat":"repeat","position_x":"center","position_y":"center"},"stripes-stripe_1_color":"#f8f8f9","stripes-stripe_1_content_boxes_bg_color":"#ffffff","stripes-stripe_1_content_boxes_bg_opacity":100,"stripes-stripe_1_content_boxes_decoration":"none","stripes-stripe_1_content_boxes_decoration_outline_color":"#dd3333","stripes-stripe_1_content_boxes_decoration_outline_opacity":100,"stripes-stripe_1_headers_color":"#3b3f4a","stripes-stripe_1_outline":"hide","stripes-stripe_1_outline_color":"#44bb70","stripes-stripe_1_outline_opacity":100,"stripes-stripe_1_text_color":"#787d85","stripes-stripe_2_bg_image":{"image":"","repeat":"repeat","position_x":"center","position_y":"center"},"stripes-stripe_2_color":"#23262d","stripes-stripe_2_content_boxes_bg_color":"#ffffff","stripes-stripe_2_content_boxes_bg_opacity":10,"stripes-stripe_2_content_boxes_decoration":"none","stripes-stripe_2_content_boxes_decoration_outline_color":"#ffffff","stripes-stripe_2_content_boxes_decoration_outline_opacity":15,"stripes-stripe_2_headers_color":"#ffffff","stripes-stripe_2_outline":"hide","stripes-stripe_2_outline_color":"#ffffff","stripes-stripe_2_outline_opacity":15,"stripes-stripe_2_text_color":"#8b9199","stripes-stripe_3_bg_image":{"image":"https:\/\/the7.io\/inc\/presets\/images\/full\/skin22.stripes-stripe-3-bg-image.jpg","repeat":"repeat","position_x":"center","position_y":"center"},"stripes-stripe_3_color":"#000000","stripes-stripe_3_content_boxes_bg_color":"#ffffff","stripes-stripe_3_content_boxes_bg_opacity":10,"stripes-stripe_3_content_boxes_decoration":"none","stripes-stripe_3_content_boxes_decoration_outline_color":"#ffffff","stripes-stripe_3_content_boxes_decoration_outline_opacity":19,"stripes-stripe_3_headers_color":"#ffffff","stripes-stripe_3_outline":"hide","stripes-stripe_3_outline_color":"#252728","stripes-stripe_3_outline_opacity":100,"stripes-stripe_3_text_color":"#ffffff","template_page_id_404":0,"template_page_id_author":0,"template_page_id_author_full_content":"0","template_page_id_blog_category":0,"template_page_id_blog_category_full_content":"0","template_page_id_blog_tags":0,"template_page_id_blog_tags_full_content":"0","template_page_id_date":0,"template_page_id_date_full_content":"0","template_page_id_search":0,"template_page_id_search_full_content":"0","the7_opengraph_tags":"1","top-bar-height":"0px","top-bar-transparent_bg_color":"rgba(0,0,0,0.5)","top_bar-bg-color":"rgba(35,38,45,0)","top_bar-bg-image":{"image":"","repeat":"repeat","position_x":"center","position_y":"center"},"top_bar-bg-style":"fullwidth_line","top_bar-custom-icon-color":"","top_bar-custom-icon-size":"16","top_bar-font-color":"#adb0b6","top_bar-line-color":"rgba(173,176,182,0.3)","top_bar-line-in-transparent-header":false,"top_bar-line_size":"1px","top_bar-line_style":"solid","top_bar-padding":"5px 0px 5px 0px","top_bar-switch_paddings":"0px","top_bar-typography":{"font_family":"Roboto:500","text_transform":"none","font_size":"13"},"top_bar_mobile_paddings":"5px 20px 5px 20px","widgetareas":{"1":{"sidebar_name":"Default Sidebar","sidebar_desc":"Sidebar primary widget area"},"2":{"sidebar_name":"Default Footer","sidebar_desc":"Footer primary widget area"}},"buttons-s-custom-icon-size":1,"buttons-m-custom-icon-size":1,"buttons-l-custom-icon-size":1,"buttons-lg-custom-icon-size":1,"buttons-xl-custom-icon-size":1,"button-shadow":{"color":"rgba(0, 0, 0, 0)","horizontal":"0","vertical":"0","blur":"10","spread":"0","position":"outline"},"button-shadow-hover":{"color":"rgba(0, 0, 0, 0)","horizontal":"0","vertical":"0","blur":"10","spread":"0","position":"outline"}},"the7_dashboard_settings":{"mega-menu":true,"elementor-buttons-integration":false,"elementor-theme-style":false,"portfolio":true,"testimonials":false,"team":false,"logos":false,"benefits":false,"albums":false,"slideshow":false},"wp_settings":{"show_on_front":"page","page_on_front":"2850","page_for_posts":"0"},"widgets_settings":{"widget_archives":{"2":{"title":"","count":0,"dropdown":0},"_multiwidget":1},"widget_meta":{"2":{"title":""},"_multiwidget":1},"widget_search":{"2":{"title":""},"_multiwidget":1},"widget_text":{"1":[],"_multiwidget":1},"widget_categories":{"2":{"title":"","count":0,"hierarchical":0,"dropdown":0},"_multiwidget":1},"widget_recent-posts":{"2":{"title":"","number":5},"_multiwidget":1},"widget_recent-comments":{"2":{"title":"","number":5},"_multiwidget":1},"widget_rss":{"1":[],"_multiwidget":1},"widget_presscore-portfolio":{"2":{"title":"More demos","order":"DESC","orderby":"date","select":"all","show":24,"cats":[],"max_width":110},"_multiwidget":1},"sidebars_widgets":{"orphaned_widgets_1":["search-2","recent-posts-2","recent-comments-2","archives-2","categories-2","meta-2"],"wp_inactive_widgets":["9022"],"sidebar_1":["presscore-portfolio-2"],"sidebar_2":[],"array_version":3}},"nav_menu_locations":{"bottom":9,"primary":15,"mobile":16},"ultimate_selected_google_fonts":[{"font_family":"Open+Sans","font_name":"Open Sans","variants":[{"variant_value":"300","variant_selected":"false"},{"variant_value":"300italic","variant_selected":"false"},{"variant_value":"italic","variant_selected":"false"},{"variant_value":"600","variant_selected":"true"},{"variant_value":"600italic","variant_selected":"false"},{"variant_value":"700","variant_selected":"true"},{"variant_value":"700italic","variant_selected":"false"},{"variant_value":"800","variant_selected":"true"},{"variant_value":"800italic","variant_selected":"false"}],"subsets":[{"subset_value":"vietnamese","subset_selected":"false"},{"subset_value":"greek","subset_selected":"false"},{"subset_value":"latin-ext","subset_selected":"false"},{"subset_value":"cyrillic-ext","subset_selected":"false"},{"subset_value":"latin","subset_selected":"false"},{"subset_value":"cyrillic","subset_selected":"false"},{"subset_value":"greek-ext","subset_selected":"false"}]}],"ultimate_icon_fonts":{"icomoon-hero-icons05":{"include":"smile_fonts\/icomoon-hero-icons05","folder":"smile_fonts\/icomoon-hero-icons05","style":"icomoon-hero-icons05\/icomoon-hero-icons05.css","config":"charmap.php"}},"the7_fontawesome_version":"","elementor":{"elementor_cpt_support":["post","page"],"elementor_disable_color_schemes":"yes","elementor_disable_typography_schemes":"yes","elementor_use_the7_schemes":"no"},"elementor_kit_settings":{"system_colors":[{"_id":"primary","title":"Primary","color":"#6EC1E4"},{"_id":"secondary","title":"Secondary","color":"#54595F"},{"_id":"text","title":"Text","color":"#7A7A7A"},{"_id":"accent","title":"Accent","color":"#61CE70"}],"custom_colors":[],"system_typography":[{"_id":"primary","title":"Primary","typography_typography":"custom","typography_font_family":"Roboto","typography_font_weight":"600"},{"_id":"secondary","title":"Secondary","typography_typography":"custom","typography_font_family":"Roboto Slab","typography_font_weight":"400"},{"_id":"text","title":"Text","typography_typography":"custom","typography_font_family":"Roboto","typography_font_weight":"400"},{"_id":"accent","title":"Accent","typography_typography":"custom","typography_font_family":"Roboto","typography_font_weight":"500"}],"custom_typography":[],"default_generic_fonts":"Sans-serif","container_width":{"unit":"px","size":1200,"sizes":[]},"space_between_widgets":{"unit":"px","size":0,"sizes":[]},"page_title_selector":"h1.entry-title","viewport_md":778,"viewport_lg":992,"viewport_mobile":777,"viewport_tablet":991},"revolution_sliders":[],"vc_settings":[]}