{"schema":{"folders":{"ultimate_icon_fonts":"Ultimate_VC_Addons\/icon-fonts"}},"theme_options":{"advanced-normalize_resize_on_mobile":"1","advanced-speed_img_resize":"1","blog-fancy_date-style":"vertical","blog-thumbnail_proportions":{"width":2,"height":1},"blog-thumbnail_size":"original","bottom_bar-bg_color":"rgba(0,0,0,0.1)","bottom_bar-bg_image":{"image":"","repeat":"repeat","position_x":"center","position_y":"top"},"bottom_bar-collapse_after":"778px","bottom_bar-color":"#bbbbbb","bottom_bar-copyrights":"","bottom_bar-credits":"1","bottom_bar-enabled":"1","bottom_bar-height":"60px","bottom_bar-layout":"logo_left","bottom_bar-logo-padding":"10px 15px 10px 0px","bottom_bar-logo_hd":["",0],"bottom_bar-logo_regular":["",0],"bottom_bar-menu-collapse_after":"778px","bottom_bar-padding":"10px 10px","bottom_bar-style":"content_width_line","bottom_bar-text":"Call us: 001 234 56 78","breadcrumbs-typography":{"font_family":"Roboto","font_size":14,"line_height":20,"text_transform":"none"},"breadcrumbs_bg_color":"rgba(255,255,255,0.13)","breadcrumbs_border_color":"rgba(130,36,227,0.2)","breadcrumbs_border_radius":"100px","breadcrumbs_border_width":"2px","breadcrumbs_margin":"5px 0px 0px 0px","breadcrumbs_padding":"0px 0px 0px 0px","buttons-color":"#c8ebf7","buttons-color_gradient":"135deg|#dd3333 30%|#3a892a 100%","buttons-color_mode":"color","buttons-hover_color":"#c8ebf7","buttons-hover_color_gradient":"135deg|#cc4789 30%|#e57544 100%","buttons-hover_color_mode":"accent","buttons-l-icon-size":24,"buttons-l-typography":{"font_family":"Roboto Condensed:700","font_size":24,"text_transform":"none"},"buttons-l_border_radius":"100px","buttons-l_padding":"18px 30px 18px 30px","buttons-m-icon-size":16,"buttons-m-typography":{"font_family":"Roboto Condensed:700","font_size":16,"text_transform":"none"},"buttons-m_border_radius":"100px","buttons-m_padding":"12px 22px 12px 22px","buttons-s-icon-size":14,"buttons-s-typography":{"font_family":"Roboto Condensed:700","font_size":14,"text_transform":"none"},"buttons-s_border_radius":"100px","buttons-s_padding":"8px 20px 8px 20px","buttons-text_color":"#ffffff","buttons-text_color_mode":"accent","buttons-text_hover_color":"#ffffff","buttons-text_hover_color_mode":"color","contact_form_message":"1","content-headers_color":"#222222","content-links_color":"#47bbe5","content-primary_text_color":"#777777","content-secondary_text_color":"#bbbbbb","custom_error_messages":"The message has not been sent. Please try again.","custom_error_messages_validation":"One or more fields have an error. Please check and try again.","custom_success_messages":"Your message has been sent.","dividers-color":"rgba(0,0,0,0.1)","filter-typography":{"font_family":"Roboto Condensed:700","font_size":18,"text_transform":"uppercase"},"fonts-big_size":{"font_size":"18px","line_height":"32px"},"fonts-font_family":"Roboto","fonts-h1-typography":{"font_family":"Roboto Condensed:700","text_transform":"none","responsive_font_size":{"desktop":"52px","tablet":"42px","mobile":"42px"},"responsive_line_height":{"desktop":"58px"}},"fonts-h2-typography":{"font_family":"Roboto Condensed:700","text_transform":"none","responsive_font_size":{"desktop":"42px"},"responsive_line_height":{"desktop":"48px"}},"fonts-h3-typography":{"font_family":"Roboto Condensed:700","text_transform":"none","responsive_font_size":{"desktop":"30px"},"responsive_line_height":{"desktop":"38px"}},"fonts-h4-typography":{"font_family":"Roboto Condensed:700","text_transform":"none","responsive_font_size":{"desktop":"24px"},"responsive_line_height":{"desktop":"32px"}},"fonts-h5-typography":{"font_family":"Roboto Condensed:700","text_transform":"none","responsive_font_size":{"desktop":"20px"},"responsive_line_height":{"desktop":"26px"}},"fonts-h6-typography":{"font_family":"Roboto Condensed:700","text_transform":"none","responsive_font_size":{"desktop":"16px"},"responsive_line_height":{"desktop":"24px"}},"fonts-headers-font-family":"","fonts-headers-text-transform":"","fonts-normal_size":{"font_size":"16px","line_height":"26px"},"fonts-small_size":{"font_size":"14px","line_height":"24px"},"footer-accent_text_color":"","footer-bg_color":"rgba(0,0,0,0.1)","footer-bg_image":{"image":"","repeat":"repeat","position_x":"center","position_y":"top"},"footer-collapse_after":"778px","footer-decoration":"none","footer-decoration_outline_color":"rgba(129,215,66,0.96)","footer-headers_color":"#222222","footer-is_fullwidth":"0","footer-layout":"1\/3+1\/3+1\/3","footer-mobile_padding":"60px 20px 25px 20px","footer-padding":"60px 50px 25px 50px","footer-paddings-columns":"25px","footer-primary_text_color":"#777777","footer-slide-out-mode":"0","footer-style":"content_width_line","general-accent_bg_color":"#47bbe5","general-accent_bg_color_gradient":"0deg|#415ed3 0%|#319fd6 55%|#44dde5 100%","general-accent_color_mode":"color","general-album_back_button_url":"","general-album_meta_author":false,"general-album_meta_categories":"1","general-album_meta_comments":false,"general-album_meta_date":"1","general-album_meta_on":"1","general-beautiful_loading":"enabled","general-bg_color":"rgba(255,255,255,1)","general-bg_fixed":false,"general-bg_fullscreen":false,"general-bg_image":{"image":"","repeat":"repeat","position_x":"center","position_y":"top"},"general-blog_meta_author":"1","general-blog_meta_categories":"1","general-blog_meta_comments":"1","general-blog_meta_date":"1","general-blog_meta_on":"1","general-blog_meta_tags":"1","general-border_radius":"0px","general-box_width":"1340px","general-boxed_bg_color":"#ffffff","general-boxed_bg_fixed":false,"general-boxed_bg_fullscreen":false,"general-boxed_bg_image":{"image":"","repeat":"repeat","position_x":"left","position_y":"top"},"general-breadcrumbs_bg_color":"disabled","general-breadcrumbs_color":"#bbbbbb","general-content_boxes_bg_color":"rgba(247,247,247,1)","general-content_boxes_decoration":"none","general-content_boxes_decoration_outline_color":"rgba(0,0,0,0)","general-content_width":"1300px","general-custom_css":"","general-custom_loader":"","general-favicon":"\/wp-content\/uploads\/sites\/52\/2019\/03\/the7-new-fav1.gif","general-favicon_hd":"\/wp-content\/uploads\/sites\/52\/2019\/03\/the7-new-fav-hd1.gif","general-filter-margin":"0px 17px 0px 17px","general-filter-padding":"8px 0px 8px 0px","general-filter_style":"material","general-filter_style-material-line_size":"2px","general-filter_style-minimal-border_radius":"100px","general-fullscreen_overlay_color":"rgba(255,255,255,1)","general-fullscreen_overlay_color_mode":"color","general-fullscreen_overlay_gradient":"135deg|#8224e3 30%|#dd3333 100%","general-fullscreen_overlay_opacity":100,"general-handheld_icon-old_ipad":"","general-handheld_icon-old_iphone":"","general-handheld_icon-retina_ipad":"","general-handheld_icon-retina_iphone":"","general-images_lazy_loading":"1","general-layout":"wide","general-lightbox_arrow_size":"62px","general-lightbox_overlay_opacity":85,"general-loader_style":"ball_elastic_dots","general-navigation_margin":"50px","general-next_prev_in_album":"1","general-next_prev_in_blog":"1","general-next_prev_in_portfolio":"1","general-page-title-typography":{"font_family":"Roboto Condensed:700","font_size":42,"line_height":52,"text_transform":"uppercase"},"general-page_content_margin":"50px 50px 50px 50px","general-page_content_mobile_margin":"50px 20px 50px 20px","general-portfolio_meta_author":false,"general-portfolio_meta_categories":"1","general-portfolio_meta_comments":false,"general-portfolio_meta_date":"1","general-portfolio_meta_on":"1","general-portfolio_thumbnail_proportions":{"width":2,"height":1},"general-portfolio_thumbnail_size":"resize","general-post_back_button_url":"\/g-creative\/blog\/","general-project_back_button_url":"\/minimal-creative\/portfolio\/","general-rel_posts_head_title":"Related posts","general-rel_posts_max":6,"general-rel_projects_details":"1","general-rel_projects_excerpt":false,"general-rel_projects_head_title":"Other Projects","general-rel_projects_info_author":false,"general-rel_projects_info_categories":"1","general-rel_projects_info_comments":false,"general-rel_projects_info_date":false,"general-rel_projects_link":"1","general-rel_projects_max":12,"general-rel_projects_title":"1","general-rel_projects_zoom":"1","general-responsive":"1","general-responsive_title_height":"0px","general-responsive_title_line_height":40,"general-responsive_title_size":30,"general-show_author_in_blog":"1","general-show_back_button_in_album":"1","general-show_back_button_in_post":"1","general-show_back_button_in_project":"1","general-show_breadcrumbs":"1","general-show_rel_posts":"1","general-show_rel_projects":"1","general-show_titles":"1","general-smooth_scroll":"off","general-spinner_color":"#47bbe5","general-switch_content_paddings":"778px","general-title_align":"left","general-title_bg_color":"rgba(247,247,247,1)","general-title_bg_fullscreen":false,"general-title_bg_gradient":"0deg|#4a66d6 30%|#12b4ea 100%","general-title_bg_image":{"image":"https:\/\/the7.io\/minimal-creative\/inc\/presets\/images\/full\/skin16r.general-title-bg-image.gif","repeat":"repeat","position_x":"center","position_y":"center"},"general-title_bg_mode":"disabled","general-title_bg_overlay":false,"general-title_bg_parallax":"","general-title_color":"#222222","general-title_decoration":"none","general-title_decoration_line_color":"rgba(0,0,0,0.1)","general-title_decoration_line_height":"1px","general-title_decoration_line_style":"solid","general-title_decoration_outline_color":"rgba(30,115,190,0)","general-title_decoration_outline_height":"1px","general-title_decoration_outline_style":"solid","general-title_enable_bg_img":"disabled","general-title_height":"0px","general-title_overlay_color":"rgba(0,0,0,0.5)","general-title_responsive_breadcrumbs":false,"general-title_scroll_effect":"parallax","general-titles-responsiveness-switch":"990px","general-titles_responsiveness":"1","header-background":"normal","header-bg-color":"#ffffff","header-bg-image":{"image":"","repeat":"repeat","position_x":"left","position_y":"top"},"header-bg-is_fixed":false,"header-bg-is_fullscreen":false,"header-classic-elements":{"top_bar_left":["phone","address"],"top_bar_right":["social_icons"],"near_menu_right":["search"],"near_logo_right":["custom_menu"]},"header-classic-elements-near_logo-custom-icon-color":"","header-classic-elements-near_logo-custom-icon-size":16,"header-classic-elements-near_logo-font_color":"#333333","header-classic-elements-near_logo-typography":{"font_family":"Roboto","font_size":"13"},"header-classic-elements-near_logo_left-padding":"0px 0px 0px 0px","header-classic-elements-near_logo_right-padding":"0px 0px 0px 0px","header-classic-elements-near_menu-custom-icon-color":"","header-classic-elements-near_menu-custom-icon-size":16,"header-classic-elements-near_menu-font_color":"#333333","header-classic-elements-near_menu-typography":{"font_family":"Roboto:700","font_size":"13"},"header-classic-elements-near_menu_right-padding":"0px 0px 0px 40px","header-classic-height":"180px","header-classic-is_fullwidth":"0","header-classic-logo-position":"left","header-classic-menu-bg-color":"rgba(0,0,0,1)","header-classic-menu-bg-style":"solid","header-classic-menu-margin":"0px 0px","header-classic-menu-position":"left","header-classic-show_elements":"1","header-classic-side-padding":"30px 30px","header-decoration":"disabled","header-decoration-color":"rgba(51,51,51,0.12)","header-elements-button-1-bg":"accent","header-elements-button-1-bg-color":"#ffffff","header-elements-button-1-bg-gradient":"135deg|#ffffff 30%|#000000 100%","header-elements-button-1-border-color":"accent","header-elements-button-1-border-color-mono":"#ffffff","header-elements-button-1-border_radius":"100px","header-elements-button-1-border_width":"0px","header-elements-button-1-choose-icon":"fas fa-comment-dots","header-elements-button-1-first-header-switch":"near_logo","header-elements-button-1-hover-bg":"color","header-elements-button-1-hover-bg-color":"#6cc9ea","header-elements-button-1-hover-bg-gradient":"135deg|#ffffff 30%|#000000 100%","header-elements-button-1-hover-border-color":"accent","header-elements-button-1-hover-border-color-mono":"#ffffff","header-elements-button-1-hover-icon-color":"color","header-elements-button-1-hover-icon-color-gradient":"90deg|#ffffff 30%|#000000 100%","header-elements-button-1-hover-icon-color-mono":"#ffffff","header-elements-button-1-icon":"1","header-elements-button-1-icon-color":"color","header-elements-button-1-icon-color-gradient":"90deg|#ffffff 30%|#000000 100%","header-elements-button-1-icon-color-mono":"#ffffff","header-elements-button-1-icon-position":"left","header-elements-button-1-icon-size":14,"header-elements-button-1-name":"Request a quote","header-elements-button-1-on-desktops":"show","header-elements-button-1-padding":"10px 20px 10px 20px","header-elements-button-1-second-header-switch":"in_menu","header-elements-button-1-smooth-scroll":false,"header-elements-button-1-target":false,"header-elements-button-1-typography":{"font_family":"Roboto:700","font_size":"14"},"header-elements-button-1-url":"minimal-creative\/contact\/","header-elements-button-2-bg":"accent","header-elements-button-2-bg-color":"#ffffff","header-elements-button-2-bg-gradient":"135deg|#ffffff 30%|#000000 100%","header-elements-button-2-border-color":"accent","header-elements-button-2-border-color-mono":"#ffffff","header-elements-button-2-border_radius":"0px","header-elements-button-2-border_width":"1px","header-elements-button-2-choose-icon":"","header-elements-button-2-first-header-switch":"near_logo","header-elements-button-2-hover-bg":"accent","header-elements-button-2-hover-bg-color":"#ffffff","header-elements-button-2-hover-bg-gradient":"135deg|#ffffff 30%|#000000 100%","header-elements-button-2-hover-border-color":"accent","header-elements-button-2-hover-border-color-mono":"#ffffff","header-elements-button-2-hover-icon-color":"color","header-elements-button-2-hover-icon-color-gradient":"90deg|#ffffff 30%|#000000 100%","header-elements-button-2-hover-icon-color-mono":"#ffffff","header-elements-button-2-icon":false,"header-elements-button-2-icon-color":"color","header-elements-button-2-icon-color-gradient":"90deg|#ffffff 30%|#000000 100%","header-elements-button-2-icon-color-mono":"#ffffff","header-elements-button-2-icon-position":"right","header-elements-button-2-icon-size":14,"header-elements-button-2-name":"Button","header-elements-button-2-on-desktops":"show","header-elements-button-2-padding":"10px 20px 10px 20px","header-elements-button-2-second-header-switch":"in_menu","header-elements-button-2-smooth-scroll":false,"header-elements-button-2-target":false,"header-elements-button-2-typography":{"font_family":"Roboto:700","font_size":"14"},"header-elements-button-2-url":"","header-elements-contact-address-caption":"8500 Beverly Boulevard Los Angeles, CA 90048","header-elements-contact-address-custom-icon":"the7-mw-icon-address-bold","header-elements-contact-address-first-header-switch":"near_logo","header-elements-contact-address-icon":"custom","header-elements-contact-address-on-desktops":"show","header-elements-contact-address-second-header-switch":"hidden","header-elements-contact-address-url":"","header-elements-contact-clock-caption":"Monday \u2013 Friday 10 AM \u2013 8 PM","header-elements-contact-clock-custom-icon":"far fa-clock","header-elements-contact-clock-first-header-switch":"in_menu","header-elements-contact-clock-icon":"custom","header-elements-contact-clock-on-desktops":"show","header-elements-contact-clock-second-header-switch":"in_menu","header-elements-contact-clock-url":"","header-elements-contact-email-caption":"sales@yoursite.com","header-elements-contact-email-custom-icon":"far fa-envelope","header-elements-contact-email-first-header-switch":"in_menu","header-elements-contact-email-icon":"custom","header-elements-contact-email-on-desktops":"show","header-elements-contact-email-second-header-switch":"in_menu","header-elements-contact-email-url":"","header-elements-contact-multipurpose_1-caption":"","header-elements-contact-multipurpose_1-custom-icon":"","header-elements-contact-multipurpose_1-first-header-switch":"near_logo","header-elements-contact-multipurpose_1-icon":"custom","header-elements-contact-multipurpose_1-on-desktops":"show","header-elements-contact-multipurpose_1-second-header-switch":"in_menu","header-elements-contact-multipurpose_1-url":"","header-elements-contact-multipurpose_2-caption":"","header-elements-contact-multipurpose_2-custom-icon":"","header-elements-contact-multipurpose_2-first-header-switch":"near_logo","header-elements-contact-multipurpose_2-icon":"custom","header-elements-contact-multipurpose_2-on-desktops":"show","header-elements-contact-multipurpose_2-second-header-switch":"in_menu","header-elements-contact-multipurpose_2-url":"","header-elements-contact-multipurpose_3-caption":"","header-elements-contact-multipurpose_3-custom-icon":"","header-elements-contact-multipurpose_3-first-header-switch":"near_logo","header-elements-contact-multipurpose_3-icon":"custom","header-elements-contact-multipurpose_3-on-desktops":"show","header-elements-contact-multipurpose_3-second-header-switch":"in_menu","header-elements-contact-multipurpose_3-url":"","header-elements-contact-multipurpose_4-caption":"","header-elements-contact-multipurpose_4-custom-icon":"","header-elements-contact-multipurpose_4-first-header-switch":"near_logo","header-elements-contact-multipurpose_4-icon":"custom","header-elements-contact-multipurpose_4-on-desktops":"show","header-elements-contact-multipurpose_4-second-header-switch":"in_menu","header-elements-contact-multipurpose_4-url":"","header-elements-contact-phone-caption":"011 322 44 56","header-elements-contact-phone-custom-icon":"fas fa-mobile-alt","header-elements-contact-phone-first-header-switch":"top_bar_right","header-elements-contact-phone-icon":"custom","header-elements-contact-phone-on-desktops":"show","header-elements-contact-phone-second-header-switch":"in_top_bar","header-elements-contact-phone-url":"","header-elements-contact-skype-caption":"Your_Skype","header-elements-contact-skype-custom-icon":"the7-mw-icon-skype-bold","header-elements-contact-skype-first-header-switch":"near_logo","header-elements-contact-skype-icon":"custom","header-elements-contact-skype-on-desktops":"show","header-elements-contact-skype-second-header-switch":"in_top_bar","header-elements-contact-skype-url":"","header-elements-edd_cart-sub_cart-bg-color":"rgba(255,255,255,1)","header-elements-edd_cart-sub_cart-bg-width":280,"header-elements-edd_cart-sub_cart-font-color":"#333333","header-elements-login-caption":"Login","header-elements-login-custom-icon":"the7-mw-icon-login-bold","header-elements-login-first-header-switch":"near_logo","header-elements-login-icon":"custom","header-elements-login-logout_url":"","header-elements-login-on-desktops":"show","header-elements-login-second-header-switch":"in_menu","header-elements-login-url":"http:\/\/themeforest.net","header-elements-login-use_logout_url":false,"header-elements-logout-caption":"Logout","header-elements-menu-first-header-switch":"near_logo","header-elements-menu-icon":"custom","header-elements-menu-on-desktops":"show","header-elements-menu-second-header-switch":"in_menu","header-elements-menu-style":"list","header-elements-menu-style-first-switch":"list","header-elements-menu-style-second-switch":"list","header-elements-menu2-first-header-switch":"near_logo","header-elements-menu2-icon":"custom","header-elements-menu2-on-desktops":"show","header-elements-menu2-second-header-switch":"in_menu","header-elements-menu2-style":"dropdown","header-elements-menu2-style-first-switch":"dropdown","header-elements-menu2-style-second-switch":"dropdown","header-elements-menu2_custom-icon":"the7-mw-icon-dropdown-menu-bold","header-elements-menu_custom-icon":"the7-mw-icon-dropdown-menu-bold","header-elements-search-by":"general","header-elements-search-caption":"Search","header-elements-search-first-header-switch":"top_bar_right","header-elements-search-icon":"custom","header-elements-search-input-caption":"Type and hit enter \u2026","header-elements-search-on-desktops":"show","header-elements-search-second-header-switch":"in_menu","header-elements-search_custom-icon":"the7-mw-icon-search-bold","header-elements-soc_icons":[{"icon":"facebook","url":"\/"},{"icon":"twitter","url":"\/"},{"icon":"dribbble","url":"\/"}],"header-elements-soc_icons-bg":"disabled","header-elements-soc_icons-bg-color":"rgba(255,255,255,1)","header-elements-soc_icons-bg-gradient":"135deg|#ffffff 30%|#000000 100%","header-elements-soc_icons-bg-size":"24px","header-elements-soc_icons-border":"accent","header-elements-soc_icons-border-color":"rgba(255,255,255,1)","header-elements-soc_icons-color":"","header-elements-soc_icons-first-header-switch":"top_bar_left","header-elements-soc_icons-hover-bg":"accent","header-elements-soc_icons-hover-bg-color":"rgba(50,184,104,1)","header-elements-soc_icons-hover-bg-gradient":"135deg|#ffffff 30%|#000000 100%","header-elements-soc_icons-hover-border":"disabled","header-elements-soc_icons-hover-border-color":"rgba(255,255,255,1)","header-elements-soc_icons-hover-color":"#ffffff","header-elements-soc_icons-on-desktops":"show","header-elements-soc_icons-second-header-switch":"in_top_bar","header-elements-soc_icons-size":"14px","header-elements-soc_icons_border_radius":"100px","header-elements-soc_icons_border_width":"2px","header-elements-soc_icons_gap":5,"header-elements-text":"Some call to action text goes here!","header-elements-text-2":"Some call to action text goes here!","header-elements-text-2-first-header-switch":"near_logo","header-elements-text-2-on-desktops":"show","header-elements-text-2-second-header-switch":"in_menu","header-elements-text-3":"Some call to action text goes here!","header-elements-text-3-first-header-switch":"near_logo","header-elements-text-3-on-desktops":"show","header-elements-text-3-second-header-switch":"in_menu","header-elements-text-4":"Some call to action text goes here!","header-elements-text-4-first-header-switch":"near_logo","header-elements-text-4-on-desktops":"show","header-elements-text-4-second-header-switch":"in_menu","header-elements-text-5":"Some call to action text goes here!","header-elements-text-5-first-header-switch":"near_logo","header-elements-text-5-on-desktops":"show","header-elements-text-5-second-header-switch":"in_menu","header-elements-text-first-header-switch":"near_logo","header-elements-text-on-desktops":"show","header-elements-text-second-header-switch":"in_menu","header-elements-woocommerce_cart-sub_cart-bg-color":"rgba(255,255,255,1)","header-elements-woocommerce_cart-sub_cart-bg-width":280,"header-elements-woocommerce_cart-sub_cart-font-color":"#333333","header-floating_navigation-active_item-font-color":"#ffffff","header-floating_navigation-active_item-font-gradient":"90deg|#ffffff 30%|#000000 100%","header-floating_navigation-bg-color":"rgba(129,215,66,0.09)","header-floating_navigation-bg-image":{"image":"","repeat":"repeat","position_x":"center","position_y":"center"},"header-floating_navigation-bg-is_fullscreen":false,"header-floating_navigation-decoration":"line","header-floating_navigation-decoration-color":"rgba(130,36,227,1)","header-floating_navigation-font-active":"default","header-floating_navigation-font-color":"#ffffff","header-floating_navigation-font-hover":"default","header-floating_navigation-font-normal":"default","header-floating_navigation-height":"70px","header-floating_navigation-hover-font-color":"#ffffff","header-floating_navigation-hover-font-gradient":"90deg|#ffffff 30%|#000000 100%","header-floating_navigation-show_after":"120px","header-floating_navigation-style":"sticky","header-floating_navigation-top-bar":false,"header-inline-elements":{"top_bar_left":["phone","address"],"top_bar_right":["social_icons"],"near_menu_right":["search"]},"header-inline-elements-near_menu-custom-icon-color":"","header-inline-elements-near_menu-custom-icon-size":16,"header-inline-elements-near_menu-font_color":"#333333","header-inline-elements-near_menu-typography":{"font_family":"Roboto","font_size":"13"},"header-inline-elements-near_menu_right-padding":"0px 0px 0px 2px","header-inline-height":"120px","header-inline-is_fullwidth":"0","header-inline-menu-position":"justify","header-inline-show_elements":"1","header-inline-side-padding":"30px 30px","header-layout":"top_line","header-logo-padding":"0px 0px 50px 0px","header-logo_hd":["",0],"header-logo_regular":["",0],"header-mega-menu-desc-font-color":"#333333","header-mega-menu-desc-typography":{"font_family":"Roboto","font_size":"14"},"header-mega-menu-items-padding":"0px 0px 10px 0px","header-mega-menu-submenu-bg-padding":"0px 10px 0px 10px","header-mega-menu-submenu-column-padding":"20px 10px 20px 10px","header-mega-menu-submenu-column-width":"240px","header-mega-menu-title-active_item-font-color":"#ffffff","header-mega-menu-title-active_item-font-color-style":"accent","header-mega-menu-title-active_item-font-gradient":"90deg|#ffffff 30%|#000000 100%","header-mega-menu-title-font-color":"#333333","header-mega-menu-title-hover-font-color":"#ffffff","header-mega-menu-title-hover-font-color-style":"accent","header-mega-menu-title-hover-font-gradient":"90deg|#ffffff 30%|#000000 100%","header-mega-menu-title-icon-size":20,"header-mega-menu-title-typography":{"font_family":"Roboto Condensed:700","font_size":"20","text_transform":"none"},"header-mega-menu-widget-accent-color":"","header-mega-menu-widget-font-color":"#333333","header-mega-menu-widget-title-color":"#333333","header-menu-active_item-font-color":"#ffffff","header-menu-active_item-font-color-style":"accent","header-menu-active_item-font-gradient":"90deg|#ffffff 30%|#000000 100%","header-menu-decoration-other-active-color":"rgba(255,255,255,0.15)","header-menu-decoration-other-active-color-style":"accent","header-menu-decoration-other-active-gradient":"135deg|rgba(255,255,255,0.15) 30%|rgba(0,0,0,0.15) 100%","header-menu-decoration-other-active-line":"0","header-menu-decoration-other-active-line-color":"rgba(130,36,227,0.3)","header-menu-decoration-other-active-line-color-style":"color","header-menu-decoration-other-active-line-gradient":"135deg|rgba(221,51,51,0.3) 30%|rgba(129,215,66,0.3) 100%","header-menu-decoration-other-active-line-opacity":30,"header-menu-decoration-other-active-opacity":15,"header-menu-decoration-other-active-style":"background","header-menu-decoration-other-border-radius":3,"header-menu-decoration-other-hover-color":"rgba(255,255,255,0.15)","header-menu-decoration-other-hover-color-style":"accent","header-menu-decoration-other-hover-gradient":"135deg|rgba(255,255,255,0.15) 30%|rgba(0,0,0,0.15) 100%","header-menu-decoration-other-hover-line":"0","header-menu-decoration-other-hover-line-color":"rgba(221,51,51,0.23)","header-menu-decoration-other-hover-line-color-style":"gradient","header-menu-decoration-other-hover-line-gradient":"135deg|rgba(255,255,255,0.23) 30%|rgba(0,0,0,0.23) 100%","header-menu-decoration-other-hover-line-opacity":23,"header-menu-decoration-other-hover-style":"background","header-menu-decoration-other-line_size":"2px","header-menu-decoration-other-links-is_justified":"1","header-menu-decoration-other-opacity":15,"header-menu-decoration-style":"underline","header-menu-decoration-underline-color":"#ffffff","header-menu-decoration-underline-color-style":"accent","header-menu-decoration-underline-direction":"left_to_right","header-menu-decoration-underline-gradient":"135deg|#ffffff 30%|#000000 100%","header-menu-decoration-underline-line_size":"2px","header-menu-dividers-color":"rgba(51,51,51,0.12)","header-menu-dividers-height":"80px","header-menu-dividers-height-style":"full","header-menu-dividers-surround":"0","header-menu-font-color":"#222222","header-menu-hover-font-color":"#ffffff","header-menu-hover-font-color-style":"accent","header-menu-hover-font-gradient":"90deg|#8224e3 30%|#751257 100%","header-menu-icon-size":26,"header-menu-item-margin":"0px 0px 0px 0px","header-menu-item-padding":"14px 0px 14px 0px","header-menu-item-surround_margins-custom-margin":"30px","header-menu-item-surround_margins-style":"regular","header-menu-show_dividers":"0","header-menu-show_next_lvl_icons":"1","header-menu-submenu-active-bg-color":"rgba(255,255,255,0.07)","header-menu-submenu-active-bg-color-style":"accent","header-menu-submenu-active-bg-gradient":"90deg|#81d742 30%|#eeee22 100%","header-menu-submenu-active-bg-opacity":7,"header-menu-submenu-active-font-color":"#ffffff","header-menu-submenu-active-font-color-style":"accent","header-menu-submenu-active-font-gradient":"90deg|#ffffff 30%|#000000 100%","header-menu-submenu-bg-color":"rgba(255,255,255,1)","header-menu-submenu-bg-hover":"none","header-menu-submenu-bg-padding":"10px 10px 10px 10px","header-menu-submenu-bg-width":"280px","header-menu-submenu-font-color":"#333333","header-menu-submenu-hover-bg-color":"rgba(255,255,255,0.07)","header-menu-submenu-hover-bg-color-style":"accent","header-menu-submenu-hover-bg-gradient":"90deg|#81d742 30%|#eeee22 100%","header-menu-submenu-hover-bg-opacity":7,"header-menu-submenu-hover-font-color":"#ffffff","header-menu-submenu-hover-font-color-style":"accent","header-menu-submenu-hover-font-gradient":"90deg|#81d742 30%|#eeee22 100%","header-menu-submenu-icon-size":14,"header-menu-submenu-item-margin":"0px 0px 0px 0px","header-menu-submenu-item-padding":"10px 10px 10px 10px","header-menu-submenu-parent_is_clickable":"1","header-menu-submenu-show_next_lvl_icons":"1","header-menu-submenu-subtitle-typography":{"font_family":"Arial:400italic","font_size":"10"},"header-menu-submenu-typography":{"font_family":"Roboto Condensed:700","font_size":"22","text_transform":"none"},"header-menu-subtitle-typography":{"font_family":"Arial:400italic","font_size":"12"},"header-menu-typography":{"font_family":"Roboto Condensed:700","font_size":"26","text_transform":"uppercase"},"header-menu_close_icon-margin":"0px 0px 0px 0px","header-menu_icon-bg-border-radius":"0px","header-menu_icon-bg-color":"#222222","header-menu_icon-color":"#ffffff","header-menu_icon-elements":{"below_menu":["social_icons","search","phone"]},"header-menu_icon-elements-below_menu-padding":"30px 0px 0px 0px","header-menu_icon-elements-near_menu-custom-icon-color":"","header-menu_icon-elements-near_menu-custom-icon-size":16,"header-menu_icon-elements-near_menu-font_color":"#333333","header-menu_icon-elements-near_menu-typography":{"font_family":"Roboto:700","font_size":"14"},"header-menu_icon-hover-bg-color":"rgba(255,255,255,0)","header-menu_icon-margin":"0px 0px 0px 0px","header-menu_icon-show_elements":"1","header-menu_icon-size":"large","header-mixed-bg-color":"rgba(255,255,255,1)","header-mixed-decoration":"shadow","header-mixed-decoration-color":"rgba(221,153,51,1)","header-mixed-floating-top-bar":false,"header-mixed-sticky-bg-color":"#ffffff","header-mobile-first_switch-after":"778px","header-mobile-first_switch-height":"60px","header-mobile-first_switch-layout":"right_left","header-mobile-first_switch-logo":"desktop","header-mobile-first_switch-side-padding":"20px 20px","header-mobile-floating_navigation":"sticky","header-mobile-header-bg-color":"rgba(255,255,255,1)","header-mobile-menu-align":"right","header-mobile-menu-bg-color":"rgba(255,255,255,1)","header-mobile-menu-bg-width":"300px","header-mobile-menu-font-color":"#222222","header-mobile-menu-font-hover-color":"#3c3e45","header-mobile-menu-font-hover-color-style":"accent","header-mobile-menu-font-hover-gradient":"90deg|#b78ce2 30%|#1e73be 100%","header-mobile-menu-typography":{"font_family":"Roboto Condensed:700","font_size":"20","text_transform":"uppercase"},"header-mobile-menu_icon-bg-border-radius":"0px","header-mobile-menu_icon-bg-color":"#ffffff","header-mobile-menu_icon-bg-enable":"0","header-mobile-menu_icon-color":"#222222","header-mobile-menu_icon-size":"medium","header-mobile-microwidgets-custom-icon-color":"#47bbe5","header-mobile-microwidgets-custom-icon-size":14,"header-mobile-microwidgets-font-color":"#222222","header-mobile-microwidgets-typography":{"font_family":"Roboto Condensed","font_size":"14"},"header-mobile-overlay-bg-color":"rgba(0,0,0,0.5)","header-mobile-second_switch-after":"600px","header-mobile-second_switch-height":"60px","header-mobile-second_switch-layout":"right_left","header-mobile-second_switch-logo":"desktop","header-mobile-second_switch-side-padding":"20px 20px","header-mobile-submenu-typography":{"font_family":"Roboto Condensed:700","font_size":"14","text_transform":"none"},"header-overlay-content-padding":"0px 0px 0px 0px","header-overlay-content-position":"center","header-overlay-content-width":"320px","header-overlay-logo-position":"inside","header-overlay-menu-items_alignment":"left","header-overlay-menu-items_link":"fullwidth","header-overlay-menu-position":"v_center","header-show_floating_navigation":"1","header-side-content-padding":"50px 0px 45px 40px","header-side-elements":{"below_menu":["social_icons"]},"header-side-elements-below_menu-padding":"30px 30px 0px 0px","header-side-elements-near_menu-custom-icon-color":"","header-side-elements-near_menu-custom-icon-size":16,"header-side-elements-near_menu-font_color":"#333333","header-side-elements-near_menu-typography":{"font_family":"Roboto Condensed:700","font_size":"14"},"header-side-logo-position":"fully_inside","header-side-menu-items_alignment":"left","header-side-menu-items_link":"fullwidth","header-side-menu-position":"v_top","header-side-menu-submenu-position":"down","header-side-position":"left","header-side-show_elements":"1","header-side-width":"250px","header-side_line-elements":{"below_menu":["social_icons","search","phone"]},"header-side_line-elements-below_menu-padding":"30px 0px 0px 0px","header-side_line-elements-near_menu-custom-icon-color":"","header-side_line-elements-near_menu-custom-icon-size":16,"header-side_line-elements-near_menu-font_color":"#333333","header-side_line-elements-near_menu-typography":{"font_family":"Roboto:700","font_size":"14"},"header-side_line-show_elements":"1","header-side_line-width":"60px","header-slide_out-content-padding":"40px 40px 40px 40px","header-slide_out-logo-position":"inside","header-slide_out-menu-items_alignment":"left","header-slide_out-menu-items_link":"textwidth","header-slide_out-menu-position":"v_top","header-slide_out-overlay-animation":"slide","header-slide_out-overlay-bg-color":"rgba(255,255,255,0.7)","header-slide_out-overlay-bg-color-style":"gradient","header-slide_out-overlay-bg-gradient":"90deg|rgba(71,187,229,0.25) 0%|rgba(71,187,229,0.8) 60%","header-slide_out-overlay-bg-opacity":70,"header-slide_out-position":"right","header-slide_out-width":"350px","header-split-elements":{"top_bar_left":["phone","address"],"top_bar_right":["social_icons"],"near_menu_left":["search"]},"header-split-elements-near_menu-custom-icon-color":"","header-split-elements-near_menu-custom-icon-size":16,"header-split-elements-near_menu-font_color":"#333333","header-split-elements-near_menu-typography":{"font_family":"Roboto:700","font_size":"13"},"header-split-elements-near_menu_left-padding":"0px 20px 0px 20px","header-split-elements-near_menu_right-padding":"0px 20px 0px 20px","header-split-height":"100px","header-split-is_fullwidth":"0","header-split-menu-position":"outside","header-split-show_elements":"1","header-split-side-padding":"30px 30px","header-style-floating-choose_logo":"custom","header-style-floating-logo-padding":"0px 0px 0px 0px","header-style-floating-logo_hd":["\/images\/logo-small-dummy-hd.png?w=84&h=84",0],"header-style-floating-logo_regular":["\/images\/logo-small-dummy.png?w=42&h=42",0],"header-style-mixed-logo-padding":"0px 0px 0px 20px","header-style-mixed-logo_hd":["\/wp-content\/uploads\/sites\/52\/2019\/03\/l-mc01.png",398],"header-style-mixed-logo_regular":["\/wp-content\/uploads\/sites\/52\/2019\/03\/l-mc-sm.png",397],"header-style-mixed-top_line-floating-logo-padding":"0px 0px 0px 20px","header-style-mobile-logo-padding":"0px 0px 0px 0px","header-style-mobile-logo_hd":["",0],"header-style-mobile-logo_regular":["",0],"header-style-transparent-choose_logo":"custom","header-style-transparent-logo-padding":"0px 0px 0px 0px","header-style-transparent-logo_hd":["\/images\/logo-main-dummy-hd.png?w=114&h=114",0],"header-style-transparent-logo_regular":["\/images\/logo-main-dummy.png?w=57&h=57",0],"header-style-transparent-mobile-logo-padding":"0px 0px 0px 0px","header-style-transparent-mobile-logo_hd":["",0],"header-style-transparent-mobile-logo_regular":["",0],"header-top_line-elements":{"top_bar_left":["social_icons"],"top_bar_right":["email","working_hours","search"],"top_line_right":["phone","button"]},"header-top_line-elements-below_menu-padding":"35px 0px 0px 0px","header-top_line-elements-in_top_line-custom-icon-color":"#47bbe5","header-top_line-elements-in_top_line-custom-icon-size":20,"header-top_line-elements-in_top_line-font_color":"#222222","header-top_line-elements-in_top_line-font_family":"Roboto Condensed:700","header-top_line-elements-in_top_line-font_size":22,"header-top_line-elements-in_top_line-typography":{"font_family":"Roboto:700","font_size":"20"},"header-top_line-elements-near_menu-custom-icon-color":"#47bbe5","header-top_line-elements-near_menu-custom-icon-size":16,"header-top_line-elements-near_menu-font_color":"#222222","header-top_line-elements-near_menu-typography":{"font_family":"Roboto Condensed","font_size":"16"},"header-top_line-elements-top_line-padding":"0px 0px 0px 0px","header-top_line-elements-top_line_right-padding":"0px 20px 0px 0px","header-top_line-show_elements":"1","header-top_line-side-padding":"0px 0px","header-transparent-mobile-first_switch-logo":"desktop","header-transparent-mobile-second_switch-logo":"desktop","header-transparent_bg_color":"rgba(255,255,255,1)","header_navigation":"slide_out","image_hover-color":"rgba(71,187,229,0.25)","image_hover-color_gradient":"135deg|rgba(0,0,0,0.15) 30%|rgba(48,48,48,0.15) 100%","image_hover-color_mode":"color","image_hover-opacity":15,"image_hover-project_rollover_color":"rgba(71,187,229,0.75)","image_hover-project_rollover_color_gradient":"135deg|rgba(106,229,230,0.65) 30%|rgba(17,144,201,0.65) 100%","image_hover-project_rollover_color_mode":"color","image_hover-project_rollover_opacity":65,"image_hover-style":"none","input_bg_color":"rgba(255,255,255,1)","input_border_color":"rgba(0,0,0,0.1)","input_border_radius":"0px","input_border_width":"1px 1px 1px 1px","input_color":"#777777","input_height":"40px","layout-menu_icon-position":"menu_icon_right","layout-menu_icon-show_floating_logo":"1","layout-side_line-position":"above","layout-side_line-v_position":"left","layout-top_line-height":"60px","layout-top_line-is_fullwidth":"1","layout-top_line-is_sticky":"1","layout-top_line-logo-position":"left","menu-mobile-microwidgets-custom-icon-color":"#47bbe5","menu-mobile-microwidgets-custom-icon-size":16,"menu-mobile-microwidgets-font-color":"#222222","menu-mobile-microwidgets-typography":{"font_family":"Roboto Condensed","font_size":"14"},"message_bg_color":"","message_color":"#ffffff","microwidgets-search-active-width":"200px","microwidgets-search-height":"60px","microwidgets-search-typography":{"font_family":"Roboto","font_size":"20"},"microwidgets-search-width":"400px","microwidgets-search_bg-border-color":"#e2e2e2","microwidgets-search_bg-color":"#f4f4f4","microwidgets-search_bg_border_radius":"100px","microwidgets-search_bg_border_width":"0px","microwidgets-search_custom-icon":"the7-mw-icon-search-bold","microwidgets-search_font-color":"#47bbe5","microwidgets-search_icon":"custom","microwidgets-search_icon-size":22,"microwidgets-search_input-padding":"30px 30px","microwidgets-search_overlay-bg":"color","microwidgets-search_overlay-bg-color":"rgba(0,0,0,0.9)","microwidgets-search_overlay-bg-gradient":"135deg|#ffffff 30%|#000000 100%","microwidgets-search_popup-bg-color":"rgba(255,255,255,1)","microwidgets-search_style":"overlay","page_title-background-style-transparent-color_scheme":"from_options","page_title-padding":"50px 0px","portfolio-rel_projects_columns":{"wide_desktop":4,"desktop":4,"laptop":3,"h_tablet":3,"v_tablet":2,"phone":1},"portfolio-rel_projects_proportions":{"width":1,"height":1},"post-show_fancy_categories":"1","post-show_fancy_date":"1","sidebar-bg_color":"#f7f7f7","sidebar-bg_image":{"image":"","repeat":"repeat","position_x":"center","position_y":"center"},"sidebar-decoration":"none","sidebar-decoration_outline_color":"rgba(0,0,0,0.06)","sidebar-distance_to_content":"50px","sidebar-divider-horizontal":"0","sidebar-divider-vertical":"0","sidebar-headers_color":"#222222","sidebar-primary_text_color":"#777777","sidebar-responsiveness":"990px","sidebar-vertical_distance":"20px","sidebar-visual_style":"with_widgets_bg","sidebar-width":"330px","social_buttons-page":[],"social_buttons-page-button_title":"Share this page","social_buttons-photo":[],"social_buttons-photo-button_title":"Share this image","social_buttons-portfolio_post":[],"social_buttons-portfolio_post-button_title":"Share this post","social_buttons-post":[],"social_buttons-post-button_title":"Share this post","social_buttons-visibility":"allways","stripes-stripe_1_bg_image":{"image":"https:\/\/the7.io\/minimal-creative\/inc\/presets\/images\/full\/skin16r.stripes-stripe-1-bg-image.gif","repeat":"repeat","position_x":"center","position_y":"center"},"stripes-stripe_1_color":"#f5f5f5","stripes-stripe_1_content_boxes_bg_color":"#FFFFFF","stripes-stripe_1_content_boxes_bg_opacity":100,"stripes-stripe_1_content_boxes_decoration":"shadow","stripes-stripe_1_content_boxes_decoration_outline_color":"#FFFFFF","stripes-stripe_1_content_boxes_decoration_outline_opacity":100,"stripes-stripe_1_headers_color":"#3a3a3a","stripes-stripe_1_outline":"hide","stripes-stripe_1_outline_color":"#FFFFFF","stripes-stripe_1_outline_opacity":100,"stripes-stripe_1_text_color":"#888888","stripes-stripe_2_bg_image":{"image":"https:\/\/the7.io\/minimal-creative\/inc\/presets\/images\/full\/skin16r.stripes-stripe-2-bg-image.gif","repeat":"repeat","position_x":"center","position_y":"center"},"stripes-stripe_2_color":"#2b2b2b","stripes-stripe_2_content_boxes_bg_color":"#373737","stripes-stripe_2_content_boxes_bg_opacity":100,"stripes-stripe_2_content_boxes_decoration":"none","stripes-stripe_2_content_boxes_decoration_outline_color":"#FFFFFF","stripes-stripe_2_content_boxes_decoration_outline_opacity":14,"stripes-stripe_2_headers_color":"#eeeeee","stripes-stripe_2_outline":"hide","stripes-stripe_2_outline_color":"#FFFFFF","stripes-stripe_2_outline_opacity":100,"stripes-stripe_2_text_color":"#a5a5a5","stripes-stripe_3_bg_image":{"image":"https:\/\/the7.io\/minimal-creative\/inc\/presets\/images\/full\/skin16r.stripes-stripe-3-bg-image.jpg","repeat":"repeat","position_x":"center","position_y":"center"},"stripes-stripe_3_color":"#d1f0f2","stripes-stripe_3_content_boxes_bg_color":"#FFFFFF","stripes-stripe_3_content_boxes_bg_opacity":100,"stripes-stripe_3_content_boxes_decoration":"shadow","stripes-stripe_3_content_boxes_decoration_outline_color":"#FFFFFF","stripes-stripe_3_content_boxes_decoration_outline_opacity":100,"stripes-stripe_3_headers_color":"#3a3a3a","stripes-stripe_3_outline":"hide","stripes-stripe_3_outline_color":"#FFFFFF","stripes-stripe_3_outline_opacity":100,"stripes-stripe_3_text_color":"#3a3a3a","template_page_id_author":15,"template_page_id_author_full_content":"0","template_page_id_blog_category":15,"template_page_id_blog_category_full_content":"0","template_page_id_blog_tags":15,"template_page_id_blog_tags_full_content":"0","template_page_id_date":15,"template_page_id_date_full_content":"0","template_page_id_gallery_category":0,"template_page_id_gallery_category_full_content":"0","template_page_id_portfolio_category":11,"template_page_id_portfolio_category_full_content":"0","template_page_id_search":15,"template_page_id_search_full_content":"0","top-bar-height":"36px","top-bar-transparent_bg_color":"rgba(0,0,0,0.5)","top_bar-bg-color":"#222222","top_bar-bg-image":{"image":"","repeat":"repeat","position_x":"center","position_y":"center"},"top_bar-bg-style":"disabled","top_bar-custom-icon-color":"#47bbe5","top_bar-custom-icon-size":14,"top_bar-font-color":"#ffffff","top_bar-line-color":"rgba(51,51,51,0.12)","top_bar-line-in-transparent-header":false,"top_bar-line_size":"1px","top_bar-line_style":"solid","top_bar-padding":"5px 20px 5px 20px","top_bar-typography":{"font_family":"Roboto Condensed","font_size":"14","text_transform":"none"},"widgetareas":{"1":{"sidebar_name":"Default Sidebar","sidebar_desc":"Sidebar primary widget area"},"2":{"sidebar_name":"Default Footer","sidebar_desc":"Footer primary widget area"}},"footer-collapse_columns_after":"778px","top_bar-switch_paddings":"600px","top_bar_mobile_paddings":"5px 20px 5px 20px","header-mobile-menu_icon-caption-padding":"21px 18px 21px 18px","header-mobile-menu_icon-color-hover":"#222222","header-mobile-menu_icon-caption_color":"#222222","header-mobile-menu_icon-caption_color-hover":"#222222","header-mobile-menu_icon-bg-color-hover":"#ffffff","header-mobile-menu-dividers-color":"rgba(34,34,34,0.12)","header-menu_icon-caption-padding":"18px 15px 18px 15px","header-menu_close_icon-padding":"15px 15px 15px 15px","header-menu-close_icon-size":"rotate_medium","header-menu_icon-color-hover":"#ffffff","header-menu_icon-caption_color":"#ffffff","header-menu_icon-caption_color-hover":"#ffffff","header-menu_icon-bg-color-hover":"#222222","header-menu_close_icon-caption_color":"#ffffff","header-menu_close_icon-caption_color-hover":"#ffffff","header-menu_close_icon-hover-color":"#ffffff","header-menu_close_icon-color":"#ffffff","header-menu_close_icon-bg-color":"rgba(255,255,255,0)","header-menu_close_icon-bg-border-radius":"0px","header-mobile-menu_icon-bg-hover":"0","header-mobile-floating-bg-color":"rgba(255,255,255,1)","fonts-widget-title":{"font_family":"Roboto Condensed:700","text_transform":"none","responsive_font_size":{"desktop":"20px"},"responsive_line_height":{"desktop":"26px"}},"fonts-woo-title":{"font_family":"Roboto Condensed:700","text_transform":"none","responsive_font_size":{"desktop":"20px"},"responsive_line_height":{"desktop":"26px"}},"fonts-woo-content":{"font_family":"Roboto","responsive_font_size":{"desktop":"18px"},"responsive_line_height":{"desktop":"32px"}},"fonts-widget-content":{"font_family":"Roboto","responsive_font_size":{"desktop":"16px"},"responsive_line_height":{"desktop":"26px"}},"header-elements-woocommerce_cart-font-content":{"font_family":"Roboto","responsive_font_size":{"desktop":"16px"},"responsive_line_height":{"desktop":"26px"}},"buttons-s-custom-icon-size":1,"buttons-m-custom-icon-size":1,"buttons-l-custom-icon-size":1,"buttons-lg-custom-icon-size":1,"buttons-xl-custom-icon-size":1,"button-shadow":{"color":"rgba(0, 0, 0, 0)","horizontal":"0","vertical":"0","blur":"10","spread":"0","position":"outline"},"button-shadow-hover":{"color":"rgba(0, 0, 0, 0)","horizontal":"0","vertical":"0","blur":"10","spread":"0","position":"outline"},"buttons-lg-typography":{"font_family":"Roboto Condensed:700","text_transform":"none"},"buttons-xl-typography":{"font_family":"Roboto Condensed:700","text_transform":"none"}},"the7_dashboard_settings":{"mega-menu":true,"elementor-buttons-integration":false,"elementor-theme-style":false,"portfolio":true,"testimonials":true,"team":true,"logos":false,"benefits":false,"albums":false,"slideshow":false},"wp_settings":{"show_on_front":"page","page_on_front":"5","page_for_posts":"0"},"widgets_settings":{"widget_archives":{"2":{"title":"","count":0,"dropdown":0},"_multiwidget":1},"widget_meta":{"2":{"title":""},"_multiwidget":1},"widget_categories":{"2":{"title":"","count":0,"hierarchical":0,"dropdown":0},"_multiwidget":1},"widget_recent-posts":{"2":{"title":"","number":5},"_multiwidget":1},"widget_tag_cloud":{"2":{"title":"Tags","count":0,"taxonomy":"post_tag"},"_multiwidget":1},"widget_presscore-contact-info-widget":{"2":{"title":"Contact info","text":"","links":{"facebook":"#","twitter":"#","dribbble":"#","pinterest":"#","instagram":"#","px-500":"#"},"fields":[{"title":"Mail","content":"hello@dream-theme.com"},{"title":"Phone","content":"+001 234 56 78"},{"title":"Address","content":"Highland St. Tonawanda, NY 14150"}]},"_multiwidget":1},"widget_presscore-blog-posts":{"2":{"title":"Recent posts","order":"DESC","orderby":"date","show":3,"select":"all","cats":[],"thumbnails":1,"round_images":0,"show_excerpts":0,"images_dimensions":{"w":50,"h":50}},"3":{"title":"Recent posts","order":"DESC","orderby":"date","show":3,"select":"all","cats":[],"thumbnails":1,"round_images":0,"show_excerpts":0,"images_dimensions":{"w":50,"h":50}},"_multiwidget":1},"widget_presscore-blog-categories":{"2":{"title":"Blog categories","select":"all","cats":[]},"_multiwidget":1},"widget_presscore-portfolio":{"2":{"title":"Recent projects","order":"DESC","orderby":"date","select":"all","show":8,"cats":[],"max_width":105},"_multiwidget":1},"widget_presscore-testimonials-slider":{"2":{"show_avatar":1,"title":"What our clients say","order":"DESC","orderby":"date","select":"all","show":6,"cats":[],"autoslide":0},"_multiwidget":1},"sidebars_widgets":{"wp_inactive_widgets":["9022"],"sidebar_1":["presscore-blog-categories-2","presscore-blog-posts-3","tag_cloud-2","presscore-testimonials-slider-2"],"sidebar_2":["presscore-contact-info-widget-2","presscore-blog-posts-2","presscore-portfolio-2"],"array_version":3}},"nav_menu_locations":[],"ultimate_selected_google_fonts":[{"font_family":"Roboto+Condensed","font_name":"Roboto Condensed","variants":[{"variant_value":"300","variant_selected":"false"},{"variant_value":"300italic","variant_selected":"false"},{"variant_value":"italic","variant_selected":"false"},{"variant_value":"700","variant_selected":"false"},{"variant_value":"700italic","variant_selected":"false"}],"subsets":[{"subset_value":"vietnamese","subset_selected":"false"},{"subset_value":"latin-ext","subset_selected":"false"},{"subset_value":"latin","subset_selected":"false"},{"subset_value":"greek","subset_selected":"false"},{"subset_value":"cyrillic-ext","subset_selected":"false"},{"subset_value":"greek-ext","subset_selected":"false"},{"subset_value":"cyrillic","subset_selected":"false"}]},{"font_family":"Roboto","font_name":"Roboto","variants":[{"variant_value":"100","variant_selected":"false"},{"variant_value":"100italic","variant_selected":"false"},{"variant_value":"300","variant_selected":"false"},{"variant_value":"300italic","variant_selected":"false"},{"variant_value":"italic","variant_selected":"false"},{"variant_value":"500","variant_selected":"true"},{"variant_value":"500italic","variant_selected":"false"},{"variant_value":"700","variant_selected":"true"},{"variant_value":"700italic","variant_selected":"false"},{"variant_value":"900","variant_selected":"false"},{"variant_value":"900italic","variant_selected":"false"}],"subsets":[{"subset_value":"vietnamese","subset_selected":"false"},{"subset_value":"latin-ext","subset_selected":"false"},{"subset_value":"latin","subset_selected":"true"},{"subset_value":"greek","subset_selected":"false"},{"subset_value":"cyrillic-ext","subset_selected":"false"},{"subset_value":"greek-ext","subset_selected":"false"},{"subset_value":"cyrillic","subset_selected":"false"}]}],"ultimate_icon_fonts":[],"the7_fontawesome_version":"fa4","revolution_sliders":["The7-Minimal-Creative-Slideshow"],"vc_settings":{"use_custom":"1","vc_color":"#f7f7f7","vc_color_hover":"#F0F0F0","vc_color_call_to_action_bg":"","vc_color_google_maps_bg":"","vc_color_post_slider_caption_bg":"","vc_color_progress_bar_bg":"","vc_color_separator_border":"","vc_color_tab_bg":"","vc_color_tab_bg_active":"","margin":"0px","gutter":"50","responsive_max":"778"}}