{"schema":{"folders":{"ultimate_icon_fonts":"Ultimate_VC_Addons\/icon-fonts"}},"theme_options":{"advanced-normalize_resize_on_mobile":"1","advanced-speed_img_resize":"1","blog-fancy_date-style":"horizontal","blog-thumbnail_proportions":{"width":2,"height":1},"blog-thumbnail_size":"original","bottom_bar-bg_color":"#000000","bottom_bar-bg_image":{"image":"","repeat":"repeat","position_x":"center","position_y":"top"},"bottom_bar-collapse_after":"778px","bottom_bar-color":"#000000","bottom_bar-copyrights":"","bottom_bar-credits":"1","bottom_bar-enabled":"1","bottom_bar-height":"60px","bottom_bar-layout":"logo_left","bottom_bar-line_size":"3px","bottom_bar-logo-padding":"0px 0px 0px 0px","bottom_bar-logo_hd":["",0],"bottom_bar-logo_regular":["",0],"bottom_bar-menu-collapse_after":"0px","bottom_bar-padding":"10px 10px","bottom_bar-style":"content_width_line","bottom_bar-text":"","breadcrumbs-typography":{"font_family":"Roboto","font_size":"14","line_height":"24","text_transform":"none"},"breadcrumbs_bg_color":"rgba(89,68,146,1)","breadcrumbs_border_color":"rgba(255,255,255,0)","breadcrumbs_border_radius":"2px","breadcrumbs_border_width":"0px","breadcrumbs_margin":"10px 0px 0px 0px","breadcrumbs_padding":"0px 0px 0px 0px","buttons-border-color":"#000000","buttons-border-color_mode":"color","buttons-color":"#000000","buttons-color_gradient":"135deg|#13aa4a 30%|#84df31 100%","buttons-color_mode":"color","buttons-hover-border-color":"#000000","buttons-hover-border-color_mode":"accent","buttons-hover_color":"#a8642a","buttons-hover_color_gradient":"135deg|#23aadd 30%|#37ce9d 100%","buttons-hover_color_mode":"accent","buttons-l-icon-size":16,"buttons-l-typography":{"font_family":"Roboto","font_size":"16","text_transform":"none"},"buttons-l_border_radius":"0px","buttons-l_border_width":"0px","buttons-l_padding":"12px 24px 12px 24px","buttons-m-icon-size":14,"buttons-m-typography":{"font_family":"Roboto","font_size":"12","text_transform":"uppercase"},"buttons-m_border_radius":"0px","buttons-m_border_width":"0px","buttons-m_padding":"9px 18px 9px 18px","buttons-s-icon-size":12,"buttons-s-typography":{"font_family":"Roboto:500","font_size":"10","text_transform":"uppercase"},"buttons-s_border_radius":"0px","buttons-s_border_width":"0px","buttons-s_padding":"8px 10px 7px 10px","buttons-text_color":"#ffffff","buttons-text_color_mode":"color","buttons-text_hover_color":"#ffffff","buttons-text_hover_color_mode":"color","contact_form_message":"1","content-headers_color":"#000000","content-links_color":"#a95a43","content-primary_text_color":"#000000","content-secondary_text_color":"#a5a8aa","custom_error_messages":"The message has not been sent. Plaese try again.","custom_error_messages_validation":"One or more fields have an error. Please check and try again.","custom_success_messages":"Your message has been sent.","dividers-color":"#000000","filter-typography":{"font_family":"Roboto","font_size":"14","text_transform":"uppercase"},"fonts-big_size":{"font_size":"16px","line_height":"26px"},"fonts-font_family":"Roboto","fonts-h1-typography":{"font_family":"PT Serif","responsive_font_size":{"desktop":"44px"},"responsive_line_height":{"desktop":"50px"},"text_transform":"none"},"fonts-h2-typography":{"font_family":"PT Serif","responsive_font_size":{"desktop":"26px"},"responsive_line_height":{"desktop":"30px"},"text_transform":"none"},"fonts-h3-typography":{"font_family":"PT Serif","responsive_font_size":{"desktop":"22px"},"responsive_line_height":{"desktop":"30px"},"text_transform":"none"},"fonts-h4-typography":{"font_family":"PT Serif","responsive_font_size":{"desktop":"18px"},"responsive_line_height":{"desktop":"20px"},"text_transform":"none"},"fonts-h5-typography":{"font_family":"PT Serif","responsive_font_size":{"desktop":"15px"},"responsive_line_height":{"desktop":"20px"},"text_transform":"none"},"fonts-h6-typography":{"font_family":"PT Serif","responsive_font_size":{"desktop":"12px"},"responsive_line_height":{"desktop":"20px"},"text_transform":"none"},"fonts-headers-font-family":"","fonts-headers-text-transform":"","fonts-normal_size":{"font_size":"14px","line_height":"22px"},"fonts-small_size":{"font_size":"12px","line_height":"18px"},"fonts-widget-content":{"font_family":"Roboto","responsive_font_size":{"desktop":"14px"},"responsive_line_height":{"desktop":"22px"},"text_transform":"none"},"fonts-widget-title":{"font_family":"PT Serif","responsive_font_size":{"desktop":"15px"},"responsive_line_height":{"desktop":"20px"},"text_transform":"none"},"fonts-woo-content":{"font_family":"Roboto","responsive_font_size":{"desktop":"16px"},"responsive_line_height":{"desktop":"26px"}},"fonts-woo-title":{"font_family":"PT Serif","font_size":"16","line_height":"22","text_transform":"none"},"footer-accent_text_color":"","footer-bg_color":"#ffffff","footer-bg_image":{"image":"","repeat":"repeat","position_x":"center","position_y":"top"},"footer-collapse_after":"778px","footer-collapse_columns_after":"778px","footer-decoration":"none","footer-decoration-line_size":"3px","footer-decoration_outline_color":"rgba(129,215,66,0.96)","footer-headers_color":"#000000","footer-is_fullwidth":"0","footer-layout":"1\/3+1\/3+1\/3","footer-mobile_padding":"60px 30px 25px 30px","footer-padding":"60px 30px 25px 30px","footer-paddings-columns":"20px","footer-primary_text_color":"#000000","footer-slide-out-mode":"0","footer-style":"solid_background","general-accent_bg_color":"#a8642a","general-accent_bg_color_gradient":"135deg|#1ebbf0 30%|#39dfaa 100%","general-accent_color_mode":"color","general-album_back_button_url":"","general-album_meta_author":false,"general-album_meta_categories":false,"general-album_meta_comments":false,"general-album_meta_date":false,"general-beautiful_loading":"enabled","general-bg_color":"#ffffff","general-bg_fixed":false,"general-bg_fullscreen":false,"general-bg_image":{"image":"","repeat":"repeat","position_x":"center","position_y":"top"},"general-blog_meta_author":false,"general-blog_meta_categories":"1","general-blog_meta_comments":"1","general-blog_meta_date":"1","general-blog_meta_on":"1","general-blog_meta_tags":false,"general-border_radius":"0px","general-box_width":"1280px","general-boxed_bg_color":"#f7f7f7","general-boxed_bg_fixed":"1","general-boxed_bg_fullscreen":"1","general-boxed_bg_image":{"image":"","repeat":"no-repeat","position_x":"center","position_y":"center"},"general-breadcrumbs_bg_color":"disabled","general-breadcrumbs_color":"#adafb3","general-content_boxes_bg_color":"#ffffff","general-content_boxes_decoration":"outline","general-content_boxes_decoration_outline_color":"#000000","general-content_width":"1300px","general-custom_css":".sub-nav .menu-item i.fa,\n.sub-nav .menu-item i.fas,\n.sub-nav .menu-item i.far,\n.sub-nav .menu-item i.fab {\n\ttext-align: center;\n\twidth: 1.25em;\n}","general-custom_loader":"","general-favicon":"","general-favicon_hd":"","general-filter-margin":"0px 10px 0px 10px","general-filter-padding":"5px 0px 5px 0px","general-filter_style":"material","general-filter_style-material-line_size":"1px","general-filter_style-minimal-border_radius":"100px","general-fullscreen_overlay_color":"rgba(255,255,255,1)","general-fullscreen_overlay_color_mode":"color","general-fullscreen_overlay_gradient":"135deg|#2edded 30%|#0084bb 100%","general-fullscreen_overlay_opacity":100,"general-handheld_icon-old_ipad":"","general-handheld_icon-old_iphone":"","general-handheld_icon-retina_ipad":"","general-handheld_icon-retina_iphone":"","general-images_lazy_loading":"1","general-layout":"wide","general-lightbox_arrow_size":"62px","general-lightbox_overlay_opacity":85,"general-loader_style":"double_circles","general-navigation_margin":"50px","general-next_prev_in_blog":"1","general-page-title-typography":{"font_family":"PT Serif","font_size":"42","line_height":"48","text_transform":"none"},"general-page_content_margin":"0px 0px 0px 0px","general-page_content_mobile_margin":"0px 0px 0px 0px","general-portfolio_meta_author":false,"general-portfolio_meta_categories":false,"general-portfolio_meta_comments":false,"general-portfolio_meta_date":false,"general-post_back_button_url":"","general-project_back_button_url":"","general-rel_posts_head_title":"Related Posts","general-rel_posts_max":6,"general-rel_projects_details":false,"general-rel_projects_excerpt":false,"general-rel_projects_info_author":false,"general-rel_projects_info_categories":false,"general-rel_projects_info_comments":false,"general-rel_projects_info_date":false,"general-rel_projects_link":false,"general-rel_projects_title":false,"general-rel_projects_zoom":false,"general-responsive":"1","general-responsive_title_height":"90px","general-responsive_title_line_height":30,"general-responsive_title_size":26,"general-show_author_in_blog":"0","general-show_back_button_in_post":"1","general-show_breadcrumbs":"0","general-show_rel_posts":"1","general-show_titles":"1","general-smooth_scroll":"off","general-spinner_color":"rgba(51,51,51,0.25)","general-switch_content_paddings":"1024px","general-title_align":"center","general-title_bg_color":"#ffffff","general-title_bg_fullscreen":false,"general-title_bg_gradient":"135deg|#4a66d6 30%|#12b4ea 100%","general-title_bg_image":{"image":"","repeat":"repeat","position_x":"center","position_y":"center"},"general-title_bg_mode":"disabled","general-title_bg_overlay":false,"general-title_bg_parallax":"0","general-title_color":"#000000","general-title_decoration":"none","general-title_decoration_line_color":"#000000","general-title_decoration_line_height":"3px","general-title_decoration_line_style":"solid","general-title_decoration_outline_color":"rgba(30,115,190,0)","general-title_decoration_outline_height":"10px","general-title_decoration_outline_style":"solid","general-title_enable_bg_img":"disabled","general-title_height":"120px","general-title_overlay_color":"rgba(0,0,0,0.5)","general-title_responsive_breadcrumbs":false,"general-title_scroll_effect":"default","general-titles-responsiveness-switch":"778px","general-titles_responsiveness":"1","header-background":"normal","header-bg-color":"#ffffff","header-bg-image":{"image":"","repeat":"repeat","position_x":"center","position_y":"center"},"header-bg-is_fixed":false,"header-bg-is_fullscreen":false,"header-classic-elements":{"near_menu_right":["social_icons"]},"header-classic-elements-near_logo-custom-icon-color":"","header-classic-elements-near_logo-custom-icon-size":16,"header-classic-elements-near_logo-font_color":"#888888","header-classic-elements-near_logo-typography":{"font_family":"Arial","font_size":"14"},"header-classic-elements-near_logo_left-padding":"0px 0px 0px 0px","header-classic-elements-near_logo_right-padding":"0px 0px 0px 0px","header-classic-elements-near_menu-custom-icon-color":"","header-classic-elements-near_menu-custom-icon-size":16,"header-classic-elements-near_menu-font_color":"#888888","header-classic-elements-near_menu-typography":{"font_family":"Arial","font_size":"14"},"header-classic-elements-near_menu_right-padding":"0px 0px 0px 40px","header-classic-height":"180px","header-classic-is_fullwidth":"1","header-classic-logo-position":"center","header-classic-menu-bg-color":"#000000","header-classic-menu-bg-style":"fullwidth_line","header-classic-menu-line_size":"1px","header-classic-menu-margin":"0px 0px","header-classic-menu-position":"center","header-classic-show_elements":"1","header-classic-side-padding":"30px 30px","header-classic-switch_paddings":"0px","header-classic_mobile_paddings":"0px 0px","header-decoration":"content-width-line","header-decoration-color":"#000000","header-decoration-line_size":"3px","header-elements-button-1-bg":"accent","header-elements-button-1-bg-color":"#ffffff","header-elements-button-1-bg-gradient":"135deg|#ffffff 30%|#000000 100%","header-elements-button-1-border-color":"accent","header-elements-button-1-border-color-mono":"#ffffff","header-elements-button-1-border_radius":"0px","header-elements-button-1-border_width":"1px","header-elements-button-1-choose-icon":"","header-elements-button-1-first-header-switch":"near_logo","header-elements-button-1-hover-bg":"accent","header-elements-button-1-hover-bg-color":"#ffffff","header-elements-button-1-hover-bg-gradient":"135deg|#ffffff 30%|#000000 100%","header-elements-button-1-hover-border-color":"accent","header-elements-button-1-hover-border-color-mono":"#ffffff","header-elements-button-1-hover-icon-color":"color","header-elements-button-1-hover-icon-color-gradient":"90deg|#ffffff 30%|#000000 100%","header-elements-button-1-hover-icon-color-mono":"#ffffff","header-elements-button-1-icon":false,"header-elements-button-1-icon-color":"color","header-elements-button-1-icon-color-gradient":"90deg|#ffffff 30%|#000000 100%","header-elements-button-1-icon-color-mono":"#ffffff","header-elements-button-1-icon-position":"right","header-elements-button-1-icon-size":14,"header-elements-button-1-icon_gap":"5px","header-elements-button-1-name":"Button","header-elements-button-1-on-desktops":"show","header-elements-button-1-padding":"10px 20px 10px 20px","header-elements-button-1-second-header-switch":"in_menu","header-elements-button-1-smooth-scroll":false,"header-elements-button-1-target":false,"header-elements-button-1-typography":{"font_family":"Roboto:700","font_size":"14"},"header-elements-button-1-url":"","header-elements-button-2-bg":"accent","header-elements-button-2-bg-color":"#ffffff","header-elements-button-2-bg-gradient":"135deg|#ffffff 30%|#000000 100%","header-elements-button-2-border-color":"accent","header-elements-button-2-border-color-mono":"#ffffff","header-elements-button-2-border_radius":"0px","header-elements-button-2-border_width":"1px","header-elements-button-2-choose-icon":"","header-elements-button-2-first-header-switch":"near_logo","header-elements-button-2-hover-bg":"accent","header-elements-button-2-hover-bg-color":"#ffffff","header-elements-button-2-hover-bg-gradient":"135deg|#ffffff 30%|#000000 100%","header-elements-button-2-hover-border-color":"accent","header-elements-button-2-hover-border-color-mono":"#ffffff","header-elements-button-2-hover-icon-color":"color","header-elements-button-2-hover-icon-color-gradient":"90deg|#ffffff 30%|#000000 100%","header-elements-button-2-hover-icon-color-mono":"#ffffff","header-elements-button-2-icon":false,"header-elements-button-2-icon-color":"color","header-elements-button-2-icon-color-gradient":"90deg|#ffffff 30%|#000000 100%","header-elements-button-2-icon-color-mono":"#ffffff","header-elements-button-2-icon-position":"right","header-elements-button-2-icon-size":14,"header-elements-button-2-icon_gap":"5px","header-elements-button-2-name":"Button","header-elements-button-2-on-desktops":"show","header-elements-button-2-padding":"10px 20px 10px 20px","header-elements-button-2-second-header-switch":"in_menu","header-elements-button-2-smooth-scroll":false,"header-elements-button-2-target":false,"header-elements-button-2-typography":{"font_family":"Roboto:700","font_size":"14"},"header-elements-button-2-url":"","header-elements-contact-address-caption":"8500 Beverly Boulevard Los Angeles, CA 90048","header-elements-contact-address-custom-icon":"the7-mw-icon-address-bold","header-elements-contact-address-first-header-switch":"near_logo","header-elements-contact-address-icon":"custom","header-elements-contact-address-on-desktops":"show","header-elements-contact-address-second-header-switch":"in_menu","header-elements-contact-address-url":"","header-elements-contact-clock-caption":"Monday \u2013 Friday 10 AM \u2013 8 PM","header-elements-contact-clock-custom-icon":"icomoon-the7-font-the7-clock-01","header-elements-contact-clock-first-header-switch":"top_bar_left","header-elements-contact-clock-icon":"custom","header-elements-contact-clock-on-desktops":"show","header-elements-contact-clock-second-header-switch":"in_menu","header-elements-contact-clock-url":"","header-elements-contact-email-caption":"sales@yoursite.com","header-elements-contact-email-custom-icon":"the7-mw-icon-mail-bold","header-elements-contact-email-first-header-switch":"near_logo","header-elements-contact-email-icon":"custom","header-elements-contact-email-on-desktops":"show","header-elements-contact-email-second-header-switch":"in_menu","header-elements-contact-email-url":"","header-elements-contact-multipurpose_1-caption":"","header-elements-contact-multipurpose_1-custom-icon":"","header-elements-contact-multipurpose_1-first-header-switch":"near_logo","header-elements-contact-multipurpose_1-icon":"custom","header-elements-contact-multipurpose_1-on-desktops":"show","header-elements-contact-multipurpose_1-second-header-switch":"in_menu","header-elements-contact-multipurpose_1-url":"","header-elements-contact-multipurpose_2-caption":"","header-elements-contact-multipurpose_2-custom-icon":"","header-elements-contact-multipurpose_2-first-header-switch":"near_logo","header-elements-contact-multipurpose_2-icon":"custom","header-elements-contact-multipurpose_2-on-desktops":"show","header-elements-contact-multipurpose_2-second-header-switch":"in_menu","header-elements-contact-multipurpose_2-url":"","header-elements-contact-multipurpose_3-caption":"","header-elements-contact-multipurpose_3-custom-icon":"","header-elements-contact-multipurpose_3-first-header-switch":"near_logo","header-elements-contact-multipurpose_3-icon":"custom","header-elements-contact-multipurpose_3-on-desktops":"show","header-elements-contact-multipurpose_3-second-header-switch":"in_menu","header-elements-contact-multipurpose_3-url":"","header-elements-contact-multipurpose_4-caption":"","header-elements-contact-multipurpose_4-custom-icon":"","header-elements-contact-multipurpose_4-first-header-switch":"near_logo","header-elements-contact-multipurpose_4-icon":"custom","header-elements-contact-multipurpose_4-on-desktops":"show","header-elements-contact-multipurpose_4-second-header-switch":"in_menu","header-elements-contact-multipurpose_4-url":"","header-elements-contact-phone-caption":"011 322 44 56","header-elements-contact-phone-custom-icon":"icomoon-the7-font-the7-phone-06","header-elements-contact-phone-first-header-switch":"top_bar_left","header-elements-contact-phone-icon":"custom","header-elements-contact-phone-on-desktops":"show","header-elements-contact-phone-second-header-switch":"in_menu","header-elements-contact-phone-url":"","header-elements-contact-skype-caption":"Your_Skype","header-elements-contact-skype-custom-icon":"the7-mw-icon-skype-bold","header-elements-contact-skype-first-header-switch":"near_logo","header-elements-contact-skype-icon":"custom","header-elements-contact-skype-on-desktops":"show","header-elements-contact-skype-second-header-switch":"in_menu","header-elements-contact-skype-url":"","header-elements-login-caption":"Login","header-elements-login-custom-icon":"the7-mw-icon-login-bold","header-elements-login-first-header-switch":"near_logo","header-elements-login-icon":"custom","header-elements-login-logout_url":"","header-elements-login-on-desktops":"show","header-elements-login-second-header-switch":"in_menu","header-elements-login-url":"http:\/\/themeforest.net","header-elements-login-use_logout_url":false,"header-elements-logout-caption":"Logout","header-elements-menu-first-header-switch":"near_logo","header-elements-menu-icon":"custom","header-elements-menu-on-desktops":"show","header-elements-menu-second-header-switch":"hidden","header-elements-menu-style":"dropdown","header-elements-menu-style-first-switch":"dropdown","header-elements-menu-style-second-switch":"dropdown","header-elements-menu2-first-header-switch":"near_logo","header-elements-menu2-icon":"custom","header-elements-menu2-on-desktops":"show","header-elements-menu2-second-header-switch":"in_menu","header-elements-menu2-style":"dropdown","header-elements-menu2-style-first-switch":"dropdown","header-elements-menu2-style-second-switch":"dropdown","header-elements-menu2_custom-icon":"the7-mw-icon-dropdown-menu-bold","header-elements-menu_custom-icon":"the7-mw-icon-dropdown-menu-bold","header-elements-search-by":"general","header-elements-search-caption":"","header-elements-search-first-header-switch":"near_logo","header-elements-search-icon":"custom","header-elements-search-input-caption":"Type and hit enter \u2026","header-elements-search-on-desktops":"show","header-elements-search-second-header-switch":"near_logo","header-elements-search_custom-icon":"icomoon-the7-font-the7-zoom-02","header-elements-soc_icons":{"1":{"icon":"facebook","url":"\/"},"2":{"icon":"twitter","url":"\/"},"3":{"icon":"instagram","url":"\/"},"4":{"icon":"you-tube","url":"\/"}},"header-elements-soc_icons-bg":"disabled","header-elements-soc_icons-bg-color":"rgba(0,0,0,0.06)","header-elements-soc_icons-bg-gradient":"135deg|#ffffff 30%|#000000 100%","header-elements-soc_icons-bg-size":"26px","header-elements-soc_icons-border":"disabled","header-elements-soc_icons-border-color":"#ffffff","header-elements-soc_icons-color":"#000000","header-elements-soc_icons-first-header-switch":"near_logo","header-elements-soc_icons-hover-bg":"color","header-elements-soc_icons-hover-bg-color":"#000000","header-elements-soc_icons-hover-bg-gradient":"135deg|#ffffff 30%|#000000 100%","header-elements-soc_icons-hover-border":"disabled","header-elements-soc_icons-hover-border-color":"#ffffff","header-elements-soc_icons-hover-color":"#ffffff","header-elements-soc_icons-on-desktops":"show","header-elements-soc_icons-second-header-switch":"in_menu","header-elements-soc_icons-size":"16px","header-elements-soc_icons_border_radius":"100px","header-elements-soc_icons_border_width":"0px","header-elements-soc_icons_gap":5,"header-elements-text":"Some call to action text goes here!","header-elements-text-2":"Some call to action text goes here!","header-elements-text-2-first-header-switch":"near_logo","header-elements-text-2-on-desktops":"show","header-elements-text-2-second-header-switch":"in_menu","header-elements-text-3":"Some call to action text goes here!","header-elements-text-3-first-header-switch":"near_logo","header-elements-text-3-on-desktops":"show","header-elements-text-3-second-header-switch":"in_menu","header-elements-text-4":"","header-elements-text-4-first-header-switch":"near_logo","header-elements-text-4-on-desktops":"show","header-elements-text-4-second-header-switch":"in_menu","header-elements-text-5":"","header-elements-text-5-first-header-switch":"near_logo","header-elements-text-5-on-desktops":"show","header-elements-text-5-second-header-switch":"in_menu","header-elements-text-first-header-switch":"near_logo","header-elements-text-on-desktops":"show","header-elements-text-second-header-switch":"in_menu","header-elements-woocommerce_cart-font-content":{"font_family":"Roboto","responsive_font_size":{"desktop":"14px"},"responsive_line_height":{"desktop":"22px"}},"header-floating_navigation-active_item-font-color":"#ffffff","header-floating_navigation-active_item-font-gradient":"90deg|#ffffff 30%|#000000 100%","header-floating_navigation-bg-color":"#ffffff","header-floating_navigation-bg-image":{"image":"","repeat":"repeat","position_x":"center","position_y":"center"},"header-floating_navigation-bg-is_fullscreen":false,"header-floating_navigation-decoration":"content-width-line","header-floating_navigation-decoration-color":"#000000","header-floating_navigation-decoration-line_size":"3px","header-floating_navigation-font-active":"default","header-floating_navigation-font-color":"#ffffff","header-floating_navigation-font-hover":"default","header-floating_navigation-font-normal":"default","header-floating_navigation-height":"90px","header-floating_navigation-hover-font-color":"#ffffff","header-floating_navigation-hover-font-gradient":"90deg|#ffffff 30%|#000000 100%","header-floating_navigation-show_after":"94px","header-floating_navigation-style":"sticky","header-floating_navigation-top-bar":false,"header-inline-elements":{"near_menu_right":["search"]},"header-inline-elements-near_menu-custom-icon-color":"","header-inline-elements-near_menu-custom-icon-size":16,"header-inline-elements-near_menu-font_color":"#333333","header-inline-elements-near_menu-typography":{"font_family":"Roboto:700","font_size":"13"},"header-inline-elements-near_menu_right-padding":"0px 0px 0px 5px","header-inline-height":"90px","header-inline-is_fullwidth":"0","header-inline-menu-position":"left","header-inline-show_elements":"1","header-inline-side-padding":"50px 50px","header-inline-switch_paddings":"0px","header-inline_mobile_paddings":"0px 0px","header-layout":"split","header-logo-padding":"35px 0px 30px 0px","header-logo_hd":["\/wp-content\/uploads\/sites\/71\/2020\/03\/logo-1-1.png",289],"header-logo_regular":["\/wp-content\/uploads\/sites\/71\/2020\/03\/logo-mobile.png",415],"header-mega-menu-desc-font-color":"#333333","header-mega-menu-desc-typography":{"font_family":"Roboto","font_size":"10"},"header-mega-menu-items-padding":"9px 10px 9px 10px","header-mega-menu-submenu-bg-padding":"20px 10px 20px 10px","header-mega-menu-submenu-column-padding":"0px 10px 0px 10px","header-mega-menu-submenu-column-width":"260px","header-mega-menu-title-active_item-font-color":"#ffffff","header-mega-menu-title-active_item-font-color-style":"gradient","header-mega-menu-title-active_item-font-gradient":"90deg|#8224e3 30%|#eeee22 100%","header-mega-menu-title-font-color":"#333333","header-mega-menu-title-hover-font-color":"#ffffff","header-mega-menu-title-hover-font-color-style":"gradient","header-mega-menu-title-hover-font-gradient":"90deg|#1e73be 30%|#eeee22 99%","header-mega-menu-title-icon-size":16,"header-mega-menu-title-typography":{"font_family":"Roboto:700","font_size":"16","text_transform":"uppercase"},"header-mega-menu-widget-accent-color":"","header-mega-menu-widget-font-color":"#333333","header-mega-menu-widget-title-color":"#333333","header-menu-active_item-font-color":"#000000","header-menu-active_item-font-color-style":"color","header-menu-active_item-font-gradient":"90deg|#ffffff 30%|#000000 100%","header-menu-close_icon-caption":"disabled","header-menu-close_icon-caption-text":"Menu","header-menu-close_icon-caption-typography":{"font_family":"Open Sans","font_size":"14","text_transform":"none"},"header-menu-close_icon-caption_gap":"10px","header-menu-close_icon-position":"right","header-menu-close_icon-size":"fade_medium","header-menu-decoration-other-active-color":"rgba(255,255,255,0.15)","header-menu-decoration-other-active-color-style":"color","header-menu-decoration-other-active-gradient":"135deg|rgba(255,255,255,0.15) 30%|rgba(0,0,0,0.15) 100%","header-menu-decoration-other-active-line":"1","header-menu-decoration-other-active-line-color":"#000000","header-menu-decoration-other-active-line-color-style":"color","header-menu-decoration-other-active-line-gradient":"135deg|rgba(221,51,51,0.3) 30%|rgba(129,215,66,0.3) 100%","header-menu-decoration-other-active-line-opacity":30,"header-menu-decoration-other-active-opacity":15,"header-menu-decoration-other-active-style":"background","header-menu-decoration-other-border-radius":0,"header-menu-decoration-other-hover-color":"rgba(255,255,255,0.15)","header-menu-decoration-other-hover-color-style":"color","header-menu-decoration-other-hover-gradient":"135deg|rgba(255,255,255,0.15) 30%|rgba(0,0,0,0.15) 100%","header-menu-decoration-other-hover-line":"1","header-menu-decoration-other-hover-line-color":"#000000","header-menu-decoration-other-hover-line-color-style":"color","header-menu-decoration-other-hover-line-gradient":"135deg|rgba(255,255,255,0.23) 30%|rgba(0,0,0,0.23) 100%","header-menu-decoration-other-hover-line-opacity":23,"header-menu-decoration-other-hover-style":"background","header-menu-decoration-other-line_size":"1px","header-menu-decoration-other-links-is_justified":"0","header-menu-decoration-other-opacity":15,"header-menu-decoration-style":"other","header-menu-decoration-underline-color":"#1e73be","header-menu-decoration-underline-color-style":"accent","header-menu-decoration-underline-direction":"left_to_right","header-menu-decoration-underline-gradient":"135deg|#ffffff 30%|#000000 100%","header-menu-decoration-underline-line_size":"2px","header-menu-dividers-color":"rgba(17,17,17,0.14)","header-menu-dividers-height":"24px","header-menu-dividers-height-style":"custom","header-menu-dividers-surround":"0","header-menu-dividers-width":"1px","header-menu-font-color":"#000000","header-menu-hover-font-color":"#000000","header-menu-hover-font-color-style":"color","header-menu-hover-font-gradient":"90deg|#8224e3 30%|#751257 100%","header-menu-icon-size":14,"header-menu-item-margin":"20px 15px 10px 15px","header-menu-item-padding":"10px 0px 0px 0px","header-menu-item-surround_margins-custom-margin":"30px","header-menu-item-surround_margins-style":"disabled","header-menu-show_dividers":"0","header-menu-show_next_lvl_icons":false,"header-menu-submenu-active-bg-color":"rgba(137,92,184,0.07)","header-menu-submenu-active-bg-color-style":"accent","header-menu-submenu-active-bg-gradient":"90deg|#81d742 30%|#eeee22 100%","header-menu-submenu-active-bg-opacity":7,"header-menu-submenu-active-font-color":"#ffffff","header-menu-submenu-active-font-color-style":"accent","header-menu-submenu-active-font-gradient":"90deg|#ffffff 30%|#000000 100%","header-menu-submenu-bg-color":"#000000","header-menu-submenu-bg-hover":"none","header-menu-submenu-bg-padding":"9px 10px 9px 10px","header-menu-submenu-bg-width":"260px","header-menu-submenu-font-color":"#ffffff","header-menu-submenu-hover-bg-color":"rgba(137,92,184,0.07)","header-menu-submenu-hover-bg-color-style":"accent","header-menu-submenu-hover-bg-gradient":"90deg|#81d742 30%|#eeee22 100%","header-menu-submenu-hover-bg-opacity":7,"header-menu-submenu-hover-font-color":"#895cb8","header-menu-submenu-hover-font-color-style":"accent","header-menu-submenu-hover-font-gradient":"90deg|#81d742 30%|#eeee22 100%","header-menu-submenu-icon-size":14,"header-menu-submenu-item-margin":"0px 0px 2px 0px","header-menu-submenu-item-padding":"10px 10px 10px 10px","header-menu-submenu-parent_is_clickable":"1","header-menu-submenu-show_next_lvl_icons":"1","header-menu-submenu-subtitle-typography":{"font_family":"Roboto","font_size":"10"},"header-menu-submenu-typography":{"font_family":"Roboto","font_size":"14","text_transform":"none"},"header-menu-subtitle-typography":{"font_family":"Arial:400italic","font_size":"11"},"header-menu-typography":{"font_family":"Roboto","font_size":"14","text_transform":"uppercase"},"header-menu_close_icon-bg":"enabled","header-menu_close_icon-bg-border-radius":"0px","header-menu_close_icon-bg-border-width":"0px","header-menu_close_icon-bg-color":"","header-menu_close_icon-bg-hover":"enabled","header-menu_close_icon-border":"enabled","header-menu_close_icon-border-color":"","header-menu_close_icon-border-color-hover":"","header-menu_close_icon-border-hover":"enabled","header-menu_close_icon-caption_color":"","header-menu_close_icon-caption_color-hover":"","header-menu_close_icon-color":"","header-menu_close_icon-hover-color":"#000000","header-menu_close_icon-margin":"30px 30px 30px 30px","header-menu_close_icon-padding":"5px 10px 5px 10px","header-menu_icon-bg":"enabled","header-menu_icon-bg-border-radius":"0px","header-menu_icon-bg-border-width":"0px","header-menu_icon-bg-color":"rgba(255,255,255,0.75)","header-menu_icon-bg-color-hover":"","header-menu_icon-bg-hover":"enabled","header-menu_icon-bg-size":"54px","header-menu_icon-border":"enabled","header-menu_icon-border-color":"","header-menu_icon-border-hover":"enabled","header-menu_icon-border-hover-color":"","header-menu_icon-caption":"disabled","header-menu_icon-caption-padding":"5px 10px 5px 10px","header-menu_icon-caption-text":"Menu","header-menu_icon-caption-typography":{"font_family":"Open Sans","font_size":"14","text_transform":"none"},"header-menu_icon-caption_color":"","header-menu_icon-caption_color-hover":"","header-menu_icon-caption_gap":"10px","header-menu_icon-color":"#000000","header-menu_icon-color-hover":"","header-menu_icon-elements":[],"header-menu_icon-elements-below_menu-padding":"0px 0px 0px 0px","header-menu_icon-elements-near_menu-custom-icon-color":"","header-menu_icon-elements-near_menu-custom-icon-size":16,"header-menu_icon-elements-near_menu-font_color":"#888888","header-menu_icon-elements-near_menu-typography":{"font_family":"Arial","font_size":"14"},"header-menu_icon-hover-bg-color":"rgba(255,255,255,0.75)","header-menu_icon-hover-color":"#000000","header-menu_icon-margin":"0px 0px 0px 0px","header-menu_icon-show_elements":"0","header-menu_icon-size":"medium","header-mixed-bg-color":"rgba(255,255,255,1)","header-mixed-decoration":"shadow","header-mixed-decoration-color":"rgba(221,153,51,1)","header-mixed-decoration_size":"1px","header-mixed-floating-top-bar":false,"header-mixed-sticky-bg-color":"#000000","header-mobile-content-padding":"30px 17px 0px 30px","header-mobile-decoration":"content-width-line","header-mobile-decoration-color":"#000000","header-mobile-decoration-line_size":"3px","header-mobile-first_switch-after":"950px","header-mobile-first_switch-height":"60px","header-mobile-first_switch-layout":"left_center","header-mobile-first_switch-logo":"mobile","header-mobile-first_switch-side-padding":"30px 30px","header-mobile-floating-bg-color":"rgba(255,255,255,1)","header-mobile-floating_navigation":"sticky","header-mobile-header-bg-color":"rgba(255,255,255,1)","header-mobile-menu-align":"left","header-mobile-menu-bg-color":"rgba(255,255,255,1)","header-mobile-menu-bg-width":"300px","header-mobile-menu-close_icon-caption":"left","header-mobile-menu-close_icon-caption-text":"Close","header-mobile-menu-close_icon-caption-typography":{"font_family":"Roboto","font_size":"10","text_transform":"uppercase"},"header-mobile-menu-close_icon-caption_gap":"8px","header-mobile-menu-close_icon-position":"right","header-mobile-menu-close_icon-size":"fade_thin","header-mobile-menu-dividers-color":"#000000","header-mobile-menu-dividers-height":"1px","header-mobile-menu-font-color":"#000000","header-mobile-menu-font-hover-color":"#3c3e45","header-mobile-menu-font-hover-color-style":"accent","header-mobile-menu-font-hover-gradient":"90deg|#b78ce2 30%|#1e73be 100%","header-mobile-menu-show_dividers":"0","header-mobile-menu-typography":{"font_family":"Roboto","font_size":"14","text_transform":"uppercase"},"header-mobile-menu_close-caption_color":"#ffffff","header-mobile-menu_close-caption_color-hover":"#ffffff","header-mobile-menu_close_icon-bg":"enabled","header-mobile-menu_close_icon-bg-border-radius":"0px","header-mobile-menu_close_icon-bg-border-width":"0px","header-mobile-menu_close_icon-bg-color":"#000000","header-mobile-menu_close_icon-bg-hover":"enabled","header-mobile-menu_close_icon-border":"disabled","header-mobile-menu_close_icon-border-color":"","header-mobile-menu_close_icon-border-color-hover":"","header-mobile-menu_close_icon-border-hover":"disabled","header-mobile-menu_close_icon-color":"#ffffff","header-mobile-menu_close_icon-hover-color":"#ffffff","header-mobile-menu_close_icon-margin":"0px -13px 0px 0px","header-mobile-menu_close_icon-padding":"5px 10px 5px 10px","header-mobile-menu_icon-bg-border-radius":"0px","header-mobile-menu_icon-bg-border-width":"0px","header-mobile-menu_icon-bg-color":"rgba(255,255,255,0)","header-mobile-menu_icon-bg-color-hover":"","header-mobile-menu_icon-bg-enable":"0","header-mobile-menu_icon-bg-hover":"0","header-mobile-menu_icon-bg-size":"40px","header-mobile-menu_icon-border":"disabled","header-mobile-menu_icon-border-color":"","header-mobile-menu_icon-border-hover":"disabled","header-mobile-menu_icon-border-hover-color":"","header-mobile-menu_icon-caption":"disabled","header-mobile-menu_icon-caption-padding":"5px 0px 5px 0px","header-mobile-menu_icon-caption-text":"Menu","header-mobile-menu_icon-caption-typography":{"font_family":"Open Sans","font_size":"14","text_transform":"none"},"header-mobile-menu_icon-caption_color":"#000000","header-mobile-menu_icon-caption_color-hover":"#000000","header-mobile-menu_icon-caption_gap":"10px","header-mobile-menu_icon-color":"#000000","header-mobile-menu_icon-color-hover":"#000000","header-mobile-menu_icon-hover-bg-color":"#000000","header-mobile-menu_icon-margin":"0px 0px 0px 0px","header-mobile-menu_icon-size":"type_6","header-mobile-microwidgets-custom-icon-color":"","header-mobile-microwidgets-custom-icon-size":16,"header-mobile-microwidgets-font-color":"#000000","header-mobile-microwidgets-typography":{"font_family":"Roboto:500","font_size":"10"},"header-mobile-overlay-bg-color":"rgba(0,0,0,0.5)","header-mobile-second_switch-after":"778px","header-mobile-second_switch-height":"60px","header-mobile-second_switch-layout":"left_center","header-mobile-second_switch-logo":"mobile","header-mobile-second_switch-side-padding":"30px 30px","header-mobile-submenu-typography":{"font_family":"Roboto","font_size":"14","text_transform":"none"},"header-overlay-content-padding":"0px 0px 0px 0px","header-overlay-content-position":"center","header-overlay-content-width":"300px","header-overlay-logo-position":"fully_inside","header-overlay-menu-items_alignment":"center","header-overlay-menu-items_link":"fullwidth","header-overlay-menu-position":"v_center","header-show_floating_navigation":"1","header-side-content-padding":"50px 0px 40px 0px","header-side-elements":{"below_menu":["social_icons","email","skype"]},"header-side-elements-below_menu-padding":"0px 35px 0px 35px","header-side-elements-near_menu-custom-icon-color":"","header-side-elements-near_menu-custom-icon-size":16,"header-side-elements-near_menu-font_color":"#888888","header-side-elements-near_menu-typography":{"font_family":"Arial","font_size":"14"},"header-side-logo-position":"inside","header-side-menu-items_alignment":"center","header-side-menu-items_link":"fullwidth","header-side-menu-position":"v_top","header-side-menu-submenu-position":"down","header-side-position":"left","header-side-show_elements":"1","header-side-width":"300px","header-side_line-elements":[],"header-side_line-elements-below_menu-padding":"0px 0px 0px 0px","header-side_line-elements-near_menu-custom-icon-color":"","header-side_line-elements-near_menu-custom-icon-size":16,"header-side_line-elements-near_menu-font_color":"#888888","header-side_line-elements-near_menu-typography":{"font_family":"Arial","font_size":"14"},"header-side_line-show_elements":"1","header-side_line-width":"260px","header-slide_out-content-padding":"50px 0px 50px 0px","header-slide_out-logo-position":"fully_inside","header-slide_out-menu-items_alignment":"center","header-slide_out-menu-items_link":"fullwidth","header-slide_out-menu-position":"v_top","header-slide_out-overlay-animation":"fade","header-slide_out-overlay-bg-color":"rgba(17,17,17,0.4)","header-slide_out-overlay-bg-color-style":"color","header-slide_out-overlay-bg-gradient":"135deg|rgba(205,183,226,0.4) 30%|rgba(130,20,130,0.4) 100%","header-slide_out-overlay-bg-opacity":40,"header-slide_out-position":"left","header-slide_out-width":"400px","header-split-elements":{"near_menu_right":["social_icons","search"]},"header-split-elements-near_menu-custom-icon-color":"#000000","header-split-elements-near_menu-custom-icon-size":16,"header-split-elements-near_menu-font_color":"#000000","header-split-elements-near_menu-typography":{"font_family":"Arial","font_size":"14"},"header-split-elements-near_menu_left-padding":"20px 0px 0px 0px","header-split-elements-near_menu_right-padding":"20px 0px 0px 20px","header-split-height":"140px","header-split-is_fullwidth":"0","header-split-menu-position":"outside","header-split-show_elements":"1","header-split-side-padding":"30px 30px","header-split-switch_paddings":"0px","header-split_mobile_paddings":"0px 0px","header-style-floating-choose_logo":"main","header-style-floating-logo-padding":"10px 0px 8px 0px","header-style-floating-logo_hd":["\/inc\/presets\/images\/full\/skin11r.header-style-floating-logo-hd.png?w=88&h=88",0],"header-style-floating-logo_regular":["\/inc\/presets\/images\/full\/skin11r.header-style-floating-logo-regular.png?w=44&h=44",0],"header-style-mixed-logo-padding":"0px 0px 0px 0px","header-style-mixed-logo_hd":["",0],"header-style-mixed-logo_regular":["",0],"header-style-mixed-top_line-floating-choose_logo":"main","header-style-mixed-top_line-floating-logo-padding":"0px 0px 0px 0px","header-style-mixed-top_line-floating-logo_hd":["",0],"header-style-mixed-top_line-floating-logo_regular":["",0],"header-style-mobile-logo-padding":"10px 0px 8px 0px","header-style-mobile-logo_hd":["\/wp-content\/uploads\/sites\/71\/2020\/03\/logo-mobile-1.png",416],"header-style-mobile-logo_regular":["\/wp-content\/uploads\/sites\/71\/2020\/03\/mob-small-logo.png",417],"header-style-transparent-choose_logo":"custom","header-style-transparent-logo-padding":"0px 0px 0px 0px","header-style-transparent-logo_hd":["",0],"header-style-transparent-logo_regular":["",0],"header-style-transparent-mobile-logo-padding":"0px 0px 0px 0px","header-style-transparent-mobile-logo_hd":["",0],"header-style-transparent-mobile-logo_regular":["",0],"header-top_line-elements":[],"header-top_line-elements-below_menu-padding":"0px 0px 0px 0px","header-top_line-elements-in_top_line-custom-icon-color":"","header-top_line-elements-in_top_line-custom-icon-size":16,"header-top_line-elements-in_top_line-font_color":"#888888","header-top_line-elements-in_top_line-typography":{"font_family":"Arial","font_size":"14"},"header-top_line-elements-near_menu-custom-icon-color":"","header-top_line-elements-near_menu-custom-icon-size":16,"header-top_line-elements-near_menu-font_color":"#888888","header-top_line-elements-near_menu-typography":{"font_family":"Arial","font_size":"14"},"header-top_line-elements-top_line-padding":"0px 0px 0px 0px","header-top_line-elements-top_line_right-padding":"0px 0px 0px 0px","header-top_line-show_elements":"0","header-top_line-side-padding":"30px 30px","header-top_line-switch_paddings":"0px","header-top_line_mobile_paddings":"0px 0px","header-transparent-mobile-first_switch-logo":"mobile","header-transparent-mobile-second_switch-logo":"mobile","header-transparent_bg_color":"rgba(238,238,34,1)","header_navigation":"slide_out","image_hover-color":"rgba(255,255,255,0.5)","image_hover-color_gradient":"135deg|rgba(46,221,237,0.2) 30%|rgba(0,132,187,0.2) 100%","image_hover-color_mode":"color","image_hover-opacity":20,"image_hover-project_rollover_color":"rgba(255,255,255,0.5)","image_hover-project_rollover_color_gradient":"135deg|rgba(46,221,237,0.85) 30%|rgba(0,132,187,0.85) 100%","image_hover-project_rollover_color_mode":"color","image_hover-project_rollover_opacity":85,"image_hover-style":"none","input_bg_color":"rgba(255,255,255,0)","input_border_color":"#000000","input_border_radius":"0px","input_border_width":"1px 1px 1px 1px","input_color":"#000000","input_height":"33px","input_padding":"10px 12px 10px 12px","layout-menu_icon-position":"menu_icon_right","layout-menu_icon-show_floating_logo":"1","layout-side_line-position":"above","layout-side_line-v_position":"left","layout-top_line-height":"130px","layout-top_line-is_fullwidth":"0","layout-top_line-is_sticky":"0","layout-top_line-logo-position":"left","menu-mobile-microwidgets-custom-icon-color":"","menu-mobile-microwidgets-custom-icon-size":16,"menu-mobile-microwidgets-font-color":"#000000","menu-mobile-microwidgets-typography":{"font_family":"Roboto:500","font_size":"10"},"message_bg_color":"","message_color":"#ffffff","microwidgets-search-active-width":"200px","microwidgets-search-height":"30px","microwidgets-search-typography":{"font_family":"Roboto","font_size":"14"},"microwidgets-search-width":"240px","microwidgets-search_bg-border-color":"rgba(255,255,255,0)","microwidgets-search_bg-color":"rgba(255,255,255,0)","microwidgets-search_bg_border_radius":"0px","microwidgets-search_bg_border_width":"0px","microwidgets-search_custom-icon":"icomoon-the7-font-icon-gallery-011-2","microwidgets-search_font-color":"#000000","microwidgets-search_icon":"custom","microwidgets-search_icon-size":12,"microwidgets-search_input-padding":"12px 12px","microwidgets-search_overlay-bg":"color","microwidgets-search_overlay-bg-color":"rgba(0,0,0,0.9)","microwidgets-search_overlay-bg-gradient":"135deg|#ffffff 30%|#000000 100%","microwidgets-search_style":"popup","page_title-background-style-transparent-color_scheme":"light","page_title-padding":"50px 0px","post-show_fancy_categories":false,"post-show_fancy_date":false,"show_static_part_of_archive_title":"1","sidebar-bg_color":"#ffffff","sidebar-bg_image":{"image":"","repeat":"repeat","position_x":"center","position_y":"center"},"sidebar-decoration":"none","sidebar-decoration_outline_color":"rgba(0,0,0,0.06)","sidebar-distance_to_content":"40px","sidebar-divider-horizontal":"1","sidebar-divider-vertical":"0","sidebar-floating":false,"sidebar-headers_color":"#000000","sidebar-primary_text_color":"#000000","sidebar-responsiveness":"778px","sidebar-vertical_distance":"80px","sidebar-visual_style":"with_dividers","sidebar-width":"250px","social_buttons-page":[],"social_buttons-page-button_title":"Share this page","social_buttons-photo":[],"social_buttons-photo-button_title":"Share this image","social_buttons-portfolio_post":[],"social_buttons-portfolio_post-button_title":"Share this post","social_buttons-post":[],"social_buttons-post-button_title":"Share this post","social_buttons-visibility":"on_hover","stripes-stripe_1_bg_image":{"image":"","repeat":"repeat","position_x":"center","position_y":"center"},"stripes-stripe_1_color":"#f8f8f9","stripes-stripe_1_content_boxes_bg_color":"#ffffff","stripes-stripe_1_content_boxes_bg_opacity":100,"stripes-stripe_1_content_boxes_decoration":"none","stripes-stripe_1_content_boxes_decoration_outline_color":"#dd3333","stripes-stripe_1_content_boxes_decoration_outline_opacity":100,"stripes-stripe_1_headers_color":"#3b3f4a","stripes-stripe_1_outline":"hide","stripes-stripe_1_outline_color":"#44bb70","stripes-stripe_1_outline_opacity":100,"stripes-stripe_1_text_color":"#787d85","stripes-stripe_2_bg_image":{"image":"","repeat":"repeat","position_x":"center","position_y":"center"},"stripes-stripe_2_color":"#23262d","stripes-stripe_2_content_boxes_bg_color":"#ffffff","stripes-stripe_2_content_boxes_bg_opacity":10,"stripes-stripe_2_content_boxes_decoration":"none","stripes-stripe_2_content_boxes_decoration_outline_color":"#ffffff","stripes-stripe_2_content_boxes_decoration_outline_opacity":15,"stripes-stripe_2_headers_color":"#ffffff","stripes-stripe_2_outline":"hide","stripes-stripe_2_outline_color":"#ffffff","stripes-stripe_2_outline_opacity":15,"stripes-stripe_2_text_color":"#8b9199","stripes-stripe_3_bg_image":{"image":"https:\/\/the7.io\/fashion-blog\/inc\/presets\/images\/full\/skin22.stripes-stripe-3-bg-image.jpg","repeat":"repeat","position_x":"center","position_y":"center"},"stripes-stripe_3_color":"#000000","stripes-stripe_3_content_boxes_bg_color":"#ffffff","stripes-stripe_3_content_boxes_bg_opacity":10,"stripes-stripe_3_content_boxes_decoration":"none","stripes-stripe_3_content_boxes_decoration_outline_color":"#ffffff","stripes-stripe_3_content_boxes_decoration_outline_opacity":19,"stripes-stripe_3_headers_color":"#ffffff","stripes-stripe_3_outline":"hide","stripes-stripe_3_outline_color":"#252728","stripes-stripe_3_outline_opacity":100,"stripes-stripe_3_text_color":"#ffffff","template_page_id_404":544,"template_page_id_author":544,"template_page_id_author_full_content":"0","template_page_id_blog_category":544,"template_page_id_blog_category_full_content":"0","template_page_id_blog_tags":544,"template_page_id_blog_tags_full_content":"0","template_page_id_date":544,"template_page_id_date_full_content":"0","template_page_id_search":544,"template_page_id_search_full_content":"0","the7_opengraph_tags":"1","top-bar-height":"36px","top-bar-transparent_bg_color":"rgba(0,0,0,0.5)","top_bar-bg-color":"rgba(255,255,255,0)","top_bar-bg-image":{"image":"","repeat":"repeat","position_x":"center","position_y":"center"},"top_bar-bg-style":"fullwidth_line","top_bar-custom-icon-color":"","top_bar-custom-icon-size":16,"top_bar-font-color":"#000000","top_bar-line-color":"rgba(51,51,51,0.11)","top_bar-line-in-transparent-header":false,"top_bar-line_size":"1px","top_bar-line_style":"solid","top_bar-padding":"3px 50px 3px 50px","top_bar-switch_paddings":"600px","top_bar-typography":{"font_family":"Roboto:500","font_size":"10","text_transform":"uppercase"},"top_bar_mobile_paddings":"3px 20px 3px 20px","widget_gap":"15px","widgetareas":{"1":{"sidebar_name":"Default Sidebar","sidebar_desc":"Sidebar primary widget area"},"2":{"sidebar_name":"Default Footer","sidebar_desc":"Footer primary widget area"},"3":{"sidebar_name":"Categories","sidebar_desc":""}},"buttons-s-custom-icon-size":1,"buttons-m-custom-icon-size":1,"buttons-l-custom-icon-size":1,"buttons-lg-custom-icon-size":1,"buttons-xl-custom-icon-size":1,"button-shadow":{"color":"rgba(0, 0, 0, 0)","horizontal":"0","vertical":"0","blur":"10","spread":"0","position":"outline"},"button-shadow-hover":{"color":"rgba(0, 0, 0, 0)","horizontal":"0","vertical":"0","blur":"10","spread":"0","position":"outline"},"buttons-lg-typography":{"font_family":"Roboto","text_transform":"none"},"buttons-xl-typography":{"font_family":"Roboto","text_transform":"none"}},"the7_dashboard_settings":{"mega-menu":true,"elementor-buttons-integration":false,"elementor-theme-style":false,"portfolio":true,"testimonials":true,"team":true,"logos":false,"benefits":false,"albums":true,"slideshow":true},"wp_settings":{"show_on_front":"page","page_on_front":"5","page_for_posts":"0"},"widgets_settings":{"widget_archives":{"2":{"title":"ARCHIVES","count":1,"dropdown":0},"_multiwidget":1},"widget_search":{"2":{"title":""},"_multiwidget":1},"widget_recent-posts":{"2":{"title":"FEATURED POSTS","number":5,"show_date":false},"_multiwidget":1},"widget_tag_cloud":{"2":{"title":"TAGS","count":0,"taxonomy":"post_tag"},"_multiwidget":1},"widget_presscore-contact-info-widget":{"2":{"title":"CONTACT","text":"<p>Sponshorship inquiries: <a href=\"https:\/\/the7.io\/\" target=\"_blank\" rel=\"noopener\">the7@gmail.com<\/a><\/p>\r\n<p>Gifting: <a href=\"https:\/\/the7.io\/\" target=\"_blank\" rel=\"noopener\">the7@gmail.com<\/a><\/p>\r\nAll other inquiries: <a href=\"https:\/\/the7.io\/\" target=\"_blank\" rel=\"noopener\">the7@gmail.com<\/a>","links":[],"fields":[]},"_multiwidget":1},"widget_presscore-blog-posts":{"2":{"title":"FEATURED POSTS","order":"DESC","orderby":"date","show":6,"select":"all","cats":[],"thumbnails":1,"round_images":0,"show_excerpts":0,"images_dimensions":{"w":80,"h":90}},"3":{"title":"RECENT POSTS","order":"DESC","orderby":"date","show":3,"select":"all","cats":[],"thumbnails":1,"round_images":0,"show_excerpts":0,"images_dimensions":{"w":50,"h":60}},"_multiwidget":1},"widget_presscore-blog-categories":{"2":{"title":"CATEGORIES","select":"all","cats":[]},"3":{"title":"CATEGORIES","select":"all","cats":[]},"_multiwidget":1},"widget_presscore-contact-form-widget":{"2":{"title":"NEVER MISS A POST","text":"","fields":{"name":{"on":false,"required":true},"email":{"on":true,"required":true},"telephone":{"on":false,"required":false},"country":{"on":false,"required":false},"city":{"on":false,"required":false},"company":{"on":false,"required":false},"website":{"on":false,"required":false},"message":{"on":false,"required":false}},"send_to":"","msg_height":6,"button_size":"m","button_title":"","terms":false,"terms_msg":"By using this form you agree with the storage and handling of your data by this website."},"3":{"title":"NEVER MISS A POST","text":"","fields":{"name":{"on":false,"required":true},"email":{"on":true,"required":true},"telephone":{"on":false,"required":false},"country":{"on":false,"required":false},"city":{"on":false,"required":false},"company":{"on":false,"required":false},"website":{"on":false,"required":false},"message":{"on":false,"required":false}},"send_to":"","msg_height":6,"button_size":"m","button_title":"","terms":false,"terms_msg":"By using this form you agree with the storage and handling of your data by this website."},"_multiwidget":1},"sidebars_widgets":{"wp_inactive_widgets":["recent-posts-2","9022"],"sidebar_1":["search-2","presscore-contact-form-widget-2","presscore-blog-posts-2","presscore-blog-categories-2"],"sidebar_2":["tag_cloud-2","presscore-contact-info-widget-2","archives-2"],"sidebar_3":["presscore-blog-categories-3","presscore-contact-form-widget-3","presscore-blog-posts-3"],"array_version":3}},"nav_menu_locations":{"primary":12,"split_left":12,"split_right":13,"bottom":16,"mobile":36,"top":0,"header_microwidget2":0},"ultimate_selected_google_fonts":false,"ultimate_icon_fonts":[],"the7_fontawesome_version":"fa5","elementor":{"elementor_cpt_support":["post","page"],"elementor_disable_color_schemes":"yes","elementor_disable_typography_schemes":"yes","elementor_use_the7_schemes":"no"},"elementor_kit_settings":{"default_generic_fonts":"Sans-serif","container_width":{"unit":"px","size":"1300"},"space_between_widgets":{"unit":"px","size":"0"},"stretched_section_container":"#page","global_image_lightbox":"yes","viewport_md":"","viewport_lg":"","custom_colors":[{"_id":"30e2fe91","title":"Saved Color #5","color":"#4054B2"},{"_id":"3c51feed","title":"Saved Color #6","color":"#23A455"},{"_id":"110d39da","title":"Saved Color #7","color":"#000"},{"_id":"2fc8210d","title":"Saved Color #8","color":"#FFF"}],"viewport_mobile":"","viewport_tablet":"","custom_typography":[]},"revolution_sliders":[],"vc_settings":[]}