{"schema":{"folders":{"ultimate_icon_fonts":"Ultimate_VC_Addons\/icon-fonts"}},"theme_options":{"advanced-fvm_enable_integration":"1","advanced-fvm_script_timeout":"50ms","advanced-normalize_resize_on_mobile":"1","advanced-speed_img_resize":"1","blog-fancy_date-style":"vertical","blog-thumbnail_proportions":{"width":2,"height":1},"blog-thumbnail_size":"resize","bottom_bar-bg_color":"#f1f3f4","bottom_bar-bg_image":{"image":"","repeat":"repeat","position_x":"center","position_y":"top"},"bottom_bar-collapse_after":"768px","bottom_bar-color":"#222222","bottom_bar-copyrights":"\u00a9 The7 - 2021. All rights reserved.","bottom_bar-credits":false,"bottom_bar-enabled":"0","bottom_bar-height":"60px","bottom_bar-layout":"logo_left","bottom_bar-line_size":"1px","bottom_bar-logo-padding":"5px 20px 5px 0px","bottom_bar-logo_hd":["",0],"bottom_bar-logo_regular":["",0],"bottom_bar-menu-collapse_after":"768px","bottom_bar-padding":"20px 20px","bottom_bar-style":"solid_background","bottom_bar-text":"","breadcrumbs-typography":{"font_family":"Inter","text_transform":"none","font_size":"14","line_height":"18"},"breadcrumbs_bg_color":"rgba(255,255,255,0.2)","breadcrumbs_border_color":"rgba(130,36,227,0.2)","breadcrumbs_border_radius":"2px","breadcrumbs_border_width":"0px","breadcrumbs_margin":"12px 0px 0px 0px","breadcrumbs_padding":"0px 0px 0px 0px","button-shadow":{"color":"rgba(0,0,0,0)","horizontal":"0","vertical":"0","blur":"10","spread":"0","position":"outline"},"button-shadow-hover":{"color":"rgba(0,0,0,0)","horizontal":"0","vertical":"0","blur":"10","spread":"0","position":"outline"},"buttons-border-color":"#ffffff","buttons-border-color_mode":"accent","buttons-color":"#44ff82","buttons-color_gradient":"135deg|#13aa4a 30%|#84df31 100%","buttons-color_mode":"accent","buttons-hover-border-color":"#ff00b2","buttons-hover-border-color_mode":"accent","buttons-hover_color":"#5e96a3","buttons-hover_color_gradient":"135deg|#23aadd 30%|#37ce9d 100%","buttons-hover_color_mode":"color","buttons-l-custom-icon-size":false,"buttons-l-icon-size":"16","buttons-l-typography":{"font_family":"Roboto","text_transform":"none","font_size":"16","letter_spacing":"0"},"buttons-l_border_radius":"0px","buttons-l_border_width":"0px","buttons-l_padding":"14px 18px 14px 18px","buttons-lg-custom-icon-size":"1","buttons-lg-icon-size":"18","buttons-lg-typography":{"font_family":"Open Sans","text_transform":"none","font_size":"18","letter_spacing":"0"},"buttons-lg_border_radius":"0px","buttons-lg_border_width":"0px","buttons-lg_padding":"18px 28px 18px 28px","buttons-m-custom-icon-size":false,"buttons-m-icon-size":"14","buttons-m-typography":{"font_family":"Roboto","text_transform":"none","font_size":"14","letter_spacing":"0"},"buttons-m_border_radius":"0px","buttons-m_border_width":"0px","buttons-m_padding":"9px 14px 9px 14px","buttons-s-custom-icon-size":false,"buttons-s-icon-size":"13","buttons-s-typography":{"font_family":"Roboto:400","text_transform":"none","font_size":"12","letter_spacing":"0"},"buttons-s_border_radius":"0px","buttons-s_border_width":"0px","buttons-s_padding":"7px 10px 7px 10px","buttons-text_color":"#ffffff","buttons-text_color_mode":"color","buttons-text_hover_color":"#ffffff","buttons-text_hover_color_mode":"color","buttons-xl-custom-icon-size":"1","buttons-xl-icon-size":"20","buttons-xl-typography":{"font_family":"Open Sans","text_transform":"none","font_size":"20","letter_spacing":"0"},"buttons-xl_border_radius":"6px","buttons-xl_border_width":"0px","buttons-xl_padding":"22px 34px 22px 24px","contact_form_message":"1","content-headers_color":"#222222","content-links_color":"#577f88","content-primary_text_color":"#606060","content-secondary_text_color":"#a0a0a0","custom_error_messages":"The message has not been sent. Please try again.","custom_error_messages_validation":"One or more fields have an error. Please check and try again.","custom_success_messages":"Your message has been sent.","dividers-color":"rgba(0,0,0,0.12)","filter-typography":{"font_family":"Roboto","text_transform":"none","font_size":"14"},"fonts-big_size":{"font_size":"15px","line_height":"1.7em"},"fonts-font_family":"Roboto:400","fonts-h1-typography":{"font_family":"Archivo:500","responsive_font_size":{"desktop":"46px","tablet":"38px","mobile":"30px"},"responsive_line_height":{"desktop":"1.1em","mobile":"1.2em"},"text_transform":"none"},"fonts-h2-typography":{"font_family":"Archivo:500","responsive_font_size":{"desktop":"30px","tablet":"28px","mobile":"24px"},"responsive_line_height":{"desktop":"1.2em","mobile":"1.3em"},"text_transform":"none"},"fonts-h3-typography":{"font_family":"Archivo:500","responsive_font_size":{"desktop":"24px","mobile":"20px"},"responsive_line_height":{"desktop":"1.3em","mobile":"1.3em"},"text_transform":"none"},"fonts-h4-typography":{"font_family":"Archivo:500","responsive_font_size":{"desktop":"20px"},"responsive_line_height":{"desktop":"1.3em"},"text_transform":"none"},"fonts-h5-typography":{"font_family":"Archivo:500","responsive_font_size":{"desktop":"18px"},"responsive_line_height":{"desktop":"1.3em"},"text_transform":"none"},"fonts-h6-typography":{"font_family":"Archivo:500","responsive_font_size":{"desktop":"16px"},"responsive_line_height":{"desktop":"1.3em"},"text_transform":"none"},"fonts-headers-font-family":"","fonts-headers-text-transform":"","fonts-normal_size":{"font_size":"14px","line_height":"1.6em"},"fonts-small_size":{"font_size":"13px","line_height":"1.4em"},"fonts-widget-content":{"font_family":"Roboto:400","responsive_font_size":{"desktop":"14px"},"responsive_line_height":{"desktop":"1.4em"},"text_transform":"none"},"fonts-widget-title":{"font_family":"Archivo:500","responsive_font_size":{"desktop":"16px"},"responsive_line_height":{"desktop":"1.2em"},"text_transform":"none"},"fonts-woo-content":{"font_family":"Roboto:400","responsive_font_size":{"desktop":"14px"},"responsive_line_height":{"desktop":"1.4em"},"text_transform":"none"},"fonts-woo-title":{"font_family":"Roboto:400","responsive_font_size":{"desktop":"14px"},"responsive_line_height":{"desktop":"1.2em"},"text_transform":"uppercase"},"footer-accent_text_color":"","footer-bg_color":"#f1f3f4","footer-bg_image":{"image":"","repeat":"repeat","position_x":"center","position_y":"top"},"footer-collapse_after":"992px","footer-collapse_columns_after":"992px","footer-decoration":"none","footer-decoration-line_size":"1px","footer-decoration_outline_color":"rgba(129,215,66,0.96)","footer-headers_color":"#222222","footer-is_fullwidth":"0","footer-layout":"1\/3+1\/3+1\/3","footer-mobile_padding":"0px 0px 0px 0px","footer-padding":"0px 0px 0px 0px","footer-paddings-columns":"20px","footer-primary_text_color":"#606060","footer-slide-out-mode":"0","footer-style":"solid_background","general-accent_bg_color":"#577f88","general-accent_bg_color_gradient":"135deg|#ff1919 28%|#4284ff 100%","general-accent_color_mode":"color","general-album_back_button_url":"","general-album_meta_author":false,"general-album_meta_categories":false,"general-album_meta_comments":false,"general-album_meta_date":false,"general-beautiful_loading":"enabled","general-bg_color":"rgba(255,255,255,1)","general-bg_fixed":false,"general-bg_fullscreen":false,"general-bg_image":{"image":"","repeat":"repeat","position_x":"center","position_y":"top"},"general-blog_meta_author":"1","general-blog_meta_categories":"1","general-blog_meta_comments":"1","general-blog_meta_date":"1","general-blog_meta_on":"1","general-blog_meta_tags":"1","general-border_radius":"0px","general-box_width":"1340px","general-boxed_bg_color":"#F1F3F4","general-boxed_bg_fixed":false,"general-boxed_bg_fullscreen":false,"general-boxed_bg_image":{"image":"","repeat":"repeat","position_x":"left","position_y":"top"},"general-breadcrumbs_bg_color":"disabled","general-breadcrumbs_color":"#9da7ad","general-content_boxes_bg_color":"#f1f3f4","general-content_boxes_decoration":"none","general-content_boxes_decoration_outline_color":"rgba(151,172,186,0.25)","general-content_width":"1300px","general-custom_css":"","general-custom_loader":"","general-favicon":"\/wp-content\/uploads\/sites\/59\/2020\/02\/the7-new-fav1.gif","general-favicon_hd":"\/wp-content\/uploads\/sites\/59\/2020\/02\/the7-new-fav-hd1.gif","general-filter-margin":"2px 10px 8px 10px","general-filter-padding":"2px 0px 2px 0px","general-filter_style":"material","general-filter_style-material-line_size":"1px","general-filter_style-minimal-border_radius":"0px","general-fullscreen_overlay_color":"rgba(255,255,255,1)","general-fullscreen_overlay_color_mode":"color","general-fullscreen_overlay_gradient":"135deg|#b02ef2 30%|#ef007f 100%","general-fullscreen_overlay_opacity":"100","general-handheld_icon-old_ipad":"","general-handheld_icon-old_iphone":"","general-handheld_icon-retina_ipad":"","general-handheld_icon-retina_iphone":"","general-images_lazy_loading":"1","general-layout":"wide","general-lightbox_arrow_size":"48px","general-lightbox_overlay_opacity":"85","general-loader_style":"double_circles","general-navigation_margin":"25px","general-next_prev_in_blog":"1","general-next_prev_in_portfolio":"1","general-page-title-typography":{"font_family":"Archivo:600","text_transform":"none","font_size":"20","line_height":"24"},"general-page_content_margin":"60px 30px 60px 30px","general-page_content_mobile_margin":"90px 30px 90px 30px","general-portfolio_meta_author":false,"general-portfolio_meta_categories":false,"general-portfolio_meta_comments":false,"general-portfolio_meta_date":false,"general-portfolio_meta_on":"1","general-portfolio_thumbnail_proportions":{"width":2,"height":1},"general-portfolio_thumbnail_size":"resize","general-post_back_button_url":"\/company\/blog\/","general-project_back_button_url":"\/company\/portfolio\/","general-rel_posts_head_title":"Related Posts","general-rel_posts_max":"6","general-rel_projects_details":false,"general-rel_projects_excerpt":false,"general-rel_projects_head_title":"Related Projects","general-rel_projects_info_author":false,"general-rel_projects_info_categories":false,"general-rel_projects_info_comments":false,"general-rel_projects_info_date":false,"general-rel_projects_link":false,"general-rel_projects_max":"12","general-rel_projects_title":false,"general-rel_projects_zoom":false,"general-responsive":"1","general-responsive_title_height":"150px","general-responsive_title_line_height":"40","general-responsive_title_size":"34","general-show_author_in_blog":"0","general-show_back_button_in_post":"1","general-show_back_button_in_project":"1","general-show_breadcrumbs":"0","general-show_rel_posts":"1","general-show_rel_projects":"0","general-show_titles":"1","general-smooth_scroll":"off","general-spinner_color":"#577d88","general-switch_content_paddings":"768px","general-title_align":"center","general-title_bg_color":"rgba(255,255,255,0)","general-title_bg_fullscreen":false,"general-title_bg_gradient":"0deg|#4a66d6 30%|#12b4ea 100%","general-title_bg_image":{"image":"","repeat":"repeat","position_x":"center","position_y":"center"},"general-title_bg_mode":"background","general-title_bg_overlay":false,"general-title_bg_parallax":"0","general-title_color":"#222222","general-title_decoration":"outline","general-title_decoration_line_color":"rgba(0,0,0,0.1)","general-title_decoration_line_height":"1px","general-title_decoration_line_style":"solid","general-title_decoration_outline_color":"rgba(0,0,0,0.1)","general-title_decoration_outline_height":"1px","general-title_decoration_outline_style":"solid","general-title_enable_bg_img":"disabled","general-title_height":"80px","general-title_overlay_color":"rgba(0,0,0,0.5)","general-title_responsive_breadcrumbs":false,"general-title_scroll_effect":"default","general-titles-responsiveness-switch":"778px","general-titles_responsiveness":"1","header-background":"normal","header-bg-color":"#ffffff","header-bg-image":{"image":"","repeat":"repeat","position_x":"center","position_y":"center"},"header-bg-is_fixed":false,"header-bg-is_fullscreen":false,"header-classic-elements":{"top_bar_left":["phone","address"],"top_bar_right":["social_icons"],"near_menu_right":["search"],"near_logo_right":["custom_menu"]},"header-classic-elements-near_logo-custom-icon-color":"","header-classic-elements-near_logo-custom-icon-size":"16","header-classic-elements-near_logo-font_color":"#333333","header-classic-elements-near_logo-typography":{"font_family":"Roboto","font_size":"13"},"header-classic-elements-near_logo_left-padding":"0px 0px 0px 0px","header-classic-elements-near_logo_right-padding":"0px 0px 0px 0px","header-classic-elements-near_menu-custom-icon-color":"","header-classic-elements-near_menu-custom-icon-size":"16","header-classic-elements-near_menu-font_color":"#333333","header-classic-elements-near_menu-typography":{"font_family":"Roboto","font_size":"13"},"header-classic-elements-near_menu_right-padding":"0px 0px 0px 40px","header-classic-height":"180px","header-classic-is_fullwidth":"0","header-classic-logo-position":"left","header-classic-menu-bg-color":"rgba(0,0,0,1)","header-classic-menu-bg-style":"solid","header-classic-menu-line_size":"1px","header-classic-menu-margin":"0px 0px","header-classic-menu-position":"left","header-classic-show_elements":"1","header-classic-side-padding":"30px 30px","header-classic-switch_paddings":"0px","header-classic_mobile_paddings":"0px 0px","header-decoration":"line","header-decoration-color":"rgba(0,0,0,0.12)","header-decoration-line_size":"1px","header-elements-button-1-bg":"accent","header-elements-button-1-bg-color":"#ffffff","header-elements-button-1-bg-gradient":"135deg|#ffffff 30%|#000000 100%","header-elements-button-1-border-color":"accent","header-elements-button-1-border-color-mono":"#ffffff","header-elements-button-1-border_radius":"0px","header-elements-button-1-border_width":"1px","header-elements-button-1-choose-icon":"","header-elements-button-1-first-header-switch":"near_logo","header-elements-button-1-hover-bg":"accent","header-elements-button-1-hover-bg-color":"#ffffff","header-elements-button-1-hover-bg-gradient":"135deg|#ffffff 30%|#000000 100%","header-elements-button-1-hover-border-color":"accent","header-elements-button-1-hover-border-color-mono":"#ffffff","header-elements-button-1-hover-icon-color":"color","header-elements-button-1-hover-icon-color-gradient":"90deg|#ffffff 30%|#000000 100%","header-elements-button-1-hover-icon-color-mono":"#ffffff","header-elements-button-1-icon":false,"header-elements-button-1-icon-color":"color","header-elements-button-1-icon-color-gradient":"90deg|#ffffff 30%|#000000 100%","header-elements-button-1-icon-color-mono":"#ffffff","header-elements-button-1-icon-position":"right","header-elements-button-1-icon-size":"14","header-elements-button-1-icon_gap":"5px","header-elements-button-1-name":"Button","header-elements-button-1-on-desktops":"show","header-elements-button-1-padding":"10px 20px 10px 20px","header-elements-button-1-second-header-switch":"in_menu","header-elements-button-1-smooth-scroll":false,"header-elements-button-1-target":false,"header-elements-button-1-typography":{"font_family":"Roboto","font_size":"14"},"header-elements-button-1-url":"","header-elements-button-2-bg":"accent","header-elements-button-2-bg-color":"#ffffff","header-elements-button-2-bg-gradient":"135deg|#ffffff 30%|#000000 100%","header-elements-button-2-border-color":"accent","header-elements-button-2-border-color-mono":"#ffffff","header-elements-button-2-border_radius":"0px","header-elements-button-2-border_width":"1px","header-elements-button-2-choose-icon":"","header-elements-button-2-first-header-switch":"near_logo","header-elements-button-2-hover-bg":"accent","header-elements-button-2-hover-bg-color":"#ffffff","header-elements-button-2-hover-bg-gradient":"135deg|#ffffff 30%|#000000 100%","header-elements-button-2-hover-border-color":"accent","header-elements-button-2-hover-border-color-mono":"#ffffff","header-elements-button-2-hover-icon-color":"color","header-elements-button-2-hover-icon-color-gradient":"90deg|#ffffff 30%|#000000 100%","header-elements-button-2-hover-icon-color-mono":"#ffffff","header-elements-button-2-icon":false,"header-elements-button-2-icon-color":"color","header-elements-button-2-icon-color-gradient":"90deg|#ffffff 30%|#000000 100%","header-elements-button-2-icon-color-mono":"#ffffff","header-elements-button-2-icon-position":"right","header-elements-button-2-icon-size":"14","header-elements-button-2-icon_gap":"5px","header-elements-button-2-name":"Button","header-elements-button-2-on-desktops":"show","header-elements-button-2-padding":"10px 20px 10px 20px","header-elements-button-2-second-header-switch":"in_menu","header-elements-button-2-smooth-scroll":false,"header-elements-button-2-target":false,"header-elements-button-2-typography":{"font_family":"Roboto","font_size":"14"},"header-elements-button-2-url":"","header-elements-contact-address-caption":"Free delivery from $50","header-elements-contact-address-custom-icon":"the7-mw-icon-address-bold","header-elements-contact-address-first-header-switch":"top_bar_right","header-elements-contact-address-icon":"disabled","header-elements-contact-address-on-desktops":"show","header-elements-contact-address-second-header-switch":"in_menu","header-elements-contact-address-url":"","header-elements-contact-clock-caption":"Monday \u2013 Friday 10 AM \u2013 8 PM","header-elements-contact-clock-custom-icon":"the7-mw-icon-clock-bold","header-elements-contact-clock-first-header-switch":"near_logo","header-elements-contact-clock-icon":"custom","header-elements-contact-clock-on-desktops":"show","header-elements-contact-clock-second-header-switch":"in_menu","header-elements-contact-clock-url":"","header-elements-contact-email-caption":"sales@yoursite.com","header-elements-contact-email-custom-icon":"the7-mw-icon-mail-bold","header-elements-contact-email-first-header-switch":"near_logo","header-elements-contact-email-icon":"custom","header-elements-contact-email-on-desktops":"show","header-elements-contact-email-second-header-switch":"in_menu","header-elements-contact-email-url":"","header-elements-contact-multipurpose_1-caption":"Stores","header-elements-contact-multipurpose_1-custom-icon":"icomoon-the7-font-the7-map-04","header-elements-contact-multipurpose_1-first-header-switch":"near_logo","header-elements-contact-multipurpose_1-icon":"custom","header-elements-contact-multipurpose_1-on-desktops":"show","header-elements-contact-multipurpose_1-second-header-switch":"in_menu","header-elements-contact-multipurpose_1-url":"","header-elements-contact-multipurpose_2-caption":"Order tracking","header-elements-contact-multipurpose_2-custom-icon":"fas fa-truck","header-elements-contact-multipurpose_2-first-header-switch":"near_logo","header-elements-contact-multipurpose_2-icon":"disabled","header-elements-contact-multipurpose_2-on-desktops":"show","header-elements-contact-multipurpose_2-second-header-switch":"in_menu","header-elements-contact-multipurpose_2-url":"","header-elements-contact-multipurpose_3-caption":"tel. 001-2345-67-89","header-elements-contact-multipurpose_3-custom-icon":"the7-feather-life-buoy","header-elements-contact-multipurpose_3-first-header-switch":"hidden","header-elements-contact-multipurpose_3-icon":"disabled","header-elements-contact-multipurpose_3-on-desktops":"hide","header-elements-contact-multipurpose_3-second-header-switch":"in_menu","header-elements-contact-multipurpose_3-url":"","header-elements-contact-multipurpose_4-caption":"Returns extended to 60 days","header-elements-contact-multipurpose_4-custom-icon":"","header-elements-contact-multipurpose_4-first-header-switch":"top_bar_right","header-elements-contact-multipurpose_4-icon":"disabled","header-elements-contact-multipurpose_4-on-desktops":"show","header-elements-contact-multipurpose_4-second-header-switch":"in_menu","header-elements-contact-multipurpose_4-url":"","header-elements-contact-phone-caption":"Customer support: 001-2345-67-89","header-elements-contact-phone-custom-icon":"fas fa-phone-alt","header-elements-contact-phone-first-header-switch":"top_bar_left","header-elements-contact-phone-icon":"disabled","header-elements-contact-phone-on-desktops":"show","header-elements-contact-phone-second-header-switch":"hidden","header-elements-contact-phone-url":"","header-elements-contact-skype-caption":"Your_Skype","header-elements-contact-skype-custom-icon":"the7-mw-icon-skype-bold","header-elements-contact-skype-first-header-switch":"near_logo","header-elements-contact-skype-icon":"custom","header-elements-contact-skype-on-desktops":"show","header-elements-contact-skype-second-header-switch":"in_top_bar","header-elements-contact-skype-url":"","header-elements-login-caption":"Login","header-elements-login-custom-icon":"the7-feather-user","header-elements-login-first-header-switch":"near_logo","header-elements-login-icon":"custom","header-elements-login-logout_url":"\/elementor-shop\/pages\/my-account\/","header-elements-login-on-desktops":"show","header-elements-login-second-header-switch":"in_top_bar","header-elements-login-url":"\/elementor-shop\/pages\/my-account\/","header-elements-login-use_logout_url":"1","header-elements-logout-caption":"My account","header-elements-menu-first-header-switch":"near_logo","header-elements-menu-icon":"custom","header-elements-menu-on-desktops":"show","header-elements-menu-second-header-switch":"in_menu","header-elements-menu-style":"list","header-elements-menu-style-first-switch":"list","header-elements-menu-style-second-switch":"list","header-elements-menu2-first-header-switch":"near_logo","header-elements-menu2-icon":"custom","header-elements-menu2-on-desktops":"show","header-elements-menu2-second-header-switch":"in_menu","header-elements-menu2-style":"dropdown","header-elements-menu2-style-first-switch":"dropdown","header-elements-menu2-style-second-switch":"dropdown","header-elements-menu2_custom-icon":"the7-mw-icon-dropdown-menu-bold","header-elements-menu_custom-icon":"the7-mw-icon-dropdown-menu-bold","header-elements-search-by":"products","header-elements-search-caption":"Search","header-elements-search-first-header-switch":"near_logo","header-elements-search-icon":"custom","header-elements-search-input-caption":"Search","header-elements-search-on-desktops":"show","header-elements-search-second-header-switch":"in_top_bar","header-elements-search_custom-icon":"the7-feather-search","header-elements-soc_icons":[{"icon":"facebook","url":"\/"},{"icon":"twitter","url":"\/"},{"icon":"dribbble","url":"\/"}],"header-elements-soc_icons-bg":"color","header-elements-soc_icons-bg-color":"rgba(163,164,170,0.2)","header-elements-soc_icons-bg-gradient":"135deg|#ffffff 30%|#000000 100%","header-elements-soc_icons-bg-size":"26px","header-elements-soc_icons-border":"disabled","header-elements-soc_icons-border-color":"rgba(255,255,255,1)","header-elements-soc_icons-color":"#a6a7ad","header-elements-soc_icons-first-header-switch":"top_bar_right","header-elements-soc_icons-hover-bg":"accent","header-elements-soc_icons-hover-bg-color":"rgba(21,191,230,1)","header-elements-soc_icons-hover-bg-gradient":"135deg|#ffffff 30%|#000000 100%","header-elements-soc_icons-hover-border":"disabled","header-elements-soc_icons-hover-border-color":"rgba(255,255,255,1)","header-elements-soc_icons-hover-color":"#ffffff","header-elements-soc_icons-on-desktops":"show","header-elements-soc_icons-second-header-switch":"in_menu","header-elements-soc_icons-size":"16px","header-elements-soc_icons_border_radius":"100px","header-elements-soc_icons_border_width":"0px","header-elements-soc_icons_gap":4,"header-elements-text":"","header-elements-text-2":"Some call to action text goes here!","header-elements-text-2-first-header-switch":"near_logo","header-elements-text-2-on-desktops":"show","header-elements-text-2-second-header-switch":"in_menu","header-elements-text-3":"Some call to action text goes here!","header-elements-text-3-first-header-switch":"near_logo","header-elements-text-3-on-desktops":"show","header-elements-text-3-second-header-switch":"in_menu","header-elements-text-4":"Some call to action text goes here!","header-elements-text-4-first-header-switch":"near_logo","header-elements-text-4-on-desktops":"show","header-elements-text-4-second-header-switch":"in_menu","header-elements-text-5":"Stores","header-elements-text-5-first-header-switch":"near_logo","header-elements-text-5-on-desktops":"show","header-elements-text-5-second-header-switch":"in_menu","header-elements-text-first-header-switch":"near_logo","header-elements-text-on-desktops":"show","header-elements-text-second-header-switch":"in_menu","header-elements-woocommerce_cart-caption":"Cart","header-elements-woocommerce_cart-counter-bg":"accent","header-elements-woocommerce_cart-counter-bg-color":"#000000","header-elements-woocommerce_cart-counter-bg-gradient":"90deg|#ffffff 30%|#000000 100%","header-elements-woocommerce_cart-counter-color":"#ffffff","header-elements-woocommerce_cart-counter-style":"round","header-elements-woocommerce_cart-custom-icon":"the7-feather-shopping-bag","header-elements-woocommerce_cart-first-header-switch":"near_logo","header-elements-woocommerce_cart-font-content":{"font_family":"Roboto:400","responsive_font_size":{"desktop":"14px"},"responsive_line_height":{"desktop":"1.4em"},"text_transform":"none"},"header-elements-woocommerce_cart-icon":"custom","header-elements-woocommerce_cart-on-desktops":"show","header-elements-woocommerce_cart-second-header-switch":"in_top_bar","header-elements-woocommerce_cart-show_counter":"if_not_empty","header-elements-woocommerce_cart-show_sub_cart":"1","header-elements-woocommerce_cart-show_sub_cart_behavior":"click","header-elements-woocommerce_cart-show_subtotal":false,"header-elements-woocommerce_cart-sub_cart-bg-color":"#ffffff","header-elements-woocommerce_cart-sub_cart-bg-width":300,"header-elements-woocommerce_cart-sub_cart-font-color":"#222222","header-floating-mobile-first_switch-logo":"desktop","header-floating-mobile-second_switch-logo":"desktop","header-floating_microwidgets-font":"default","header-floating_microwidgets-font-color":"#ffffff","header-floating_microwidgets-icon":"default","header-floating_microwidgets-icon-color":"#ffffff","header-floating_navigation-active_item-font-color":"#ffffff","header-floating_navigation-active_item-font-gradient":"90deg|#ffffff 30%|#000000 100%","header-floating_navigation-bg-color":"#ffffff","header-floating_navigation-bg-image":{"image":"","repeat":"repeat","position_x":"center","position_y":"center"},"header-floating_navigation-bg-is_fullscreen":false,"header-floating_navigation-decoration":"disabled","header-floating_navigation-decoration-color":"#e2e2e2","header-floating_navigation-decoration-line_size":"1px","header-floating_navigation-font-active":"default","header-floating_navigation-font-color":"#ffffff","header-floating_navigation-font-hover":"default","header-floating_navigation-font-normal":"default","header-floating_navigation-height":"60px","header-floating_navigation-hover-font-color":"#ffffff","header-floating_navigation-hover-font-gradient":"90deg|#ffffff 30%|#000000 100%","header-floating_navigation-show_after":"140px","header-floating_navigation-style":"sticky","header-floating_navigation-top-bar":false,"header-inline-elements":{"near_menu_right":["search","login","cart"]},"header-inline-elements-near_menu-custom-icon-color":"#0a0808","header-inline-elements-near_menu-custom-icon-size":"18","header-inline-elements-near_menu-font_color":"#0a0808","header-inline-elements-near_menu-typography":{"font_family":"Mulish:500","font_size":"14"},"header-inline-elements-near_menu_right-padding":"0px 0px 0px 30px","header-inline-height":"90px","header-inline-is_fullwidth":"1","header-inline-menu-position":"left","header-inline-show_elements":"1","header-inline-side-padding":"30px 30px","header-inline-switch_paddings":"0px","header-inline_mobile_paddings":"0px 0px","header-layout":"split","header-logo-padding":"0px 0px 0px 0px","header-logo_hd":["\/wp-content\/uploads\/sites\/79\/2021\/05\/norm001hd.png",39534],"header-logo_regular":["\/wp-content\/uploads\/sites\/79\/2021\/05\/norm001.png",39533],"header-mega-menu-desc-font-color":"#222222","header-mega-menu-desc-typography":{"font_family":"Roboto","font_size":"13"},"header-mega-menu-items-padding":"0px 0px 0px 0px","header-mega-menu-submenu-2-level-spacing":"15px","header-mega-menu-submenu-bg-padding":"20px 20px 20px 20px","header-mega-menu-submenu-column-padding":"20px 20px 15px 20px","header-mega-menu-submenu-column-width":"300px","header-mega-menu-title-active_item-font-color":"#ffffff","header-mega-menu-title-active_item-font-color-style":"accent","header-mega-menu-title-active_item-font-gradient":"90deg|#ffffff 30%|#000000 100%","header-mega-menu-title-font-color":"#222222","header-mega-menu-title-hover-font-color":"#ffffff","header-mega-menu-title-hover-font-color-style":"accent","header-mega-menu-title-hover-font-gradient":"90deg|#ffffff 30%|#000000 100%","header-mega-menu-title-icon-size":"16","header-mega-menu-title-typography":{"font_family":"Archivo:500","text_transform":"none","font_size":"16"},"header-mega-menu-widget-accent-color":"","header-mega-menu-widget-font-color":"#707070","header-mega-menu-widget-title-color":"#222222","header-menu-active_item-font-color":"#222222","header-menu-active_item-font-color-style":"color","header-menu-active_item-font-gradient":"90deg|#ffffff 30%|#000000 100%","header-menu-close_icon-caption":"disabled","header-menu-close_icon-caption-text":"Navigation","header-menu-close_icon-caption-typography":{"font_family":"Roboto","text_transform":"uppercase","font_size":"16"},"header-menu-close_icon-caption_gap":"20px","header-menu-close_icon-position":"outside","header-menu-close_icon-size":"fade_medium","header-menu-decoration-other-active-color":"rgba(255,255,255,0.15)","header-menu-decoration-other-active-color-style":"accent","header-menu-decoration-other-active-gradient":"135deg|rgba(255,255,255,0.15) 30%|rgba(0,0,0,0.15) 100%","header-menu-decoration-other-active-line":"0","header-menu-decoration-other-active-line-color":"rgba(130,36,227,0.3)","header-menu-decoration-other-active-line-color-style":"color","header-menu-decoration-other-active-line-gradient":"135deg|rgba(221,51,51,0.3) 30%|rgba(129,215,66,0.3) 100%","header-menu-decoration-other-active-line-opacity":"30","header-menu-decoration-other-active-opacity":"15","header-menu-decoration-other-active-style":"background","header-menu-decoration-other-border-radius":"3","header-menu-decoration-other-hover-color":"rgba(255,255,255,0.15)","header-menu-decoration-other-hover-color-style":"accent","header-menu-decoration-other-hover-gradient":"135deg|rgba(255,255,255,0.15) 30%|rgba(0,0,0,0.15) 100%","header-menu-decoration-other-hover-line":"0","header-menu-decoration-other-hover-line-color":"rgba(221,51,51,0.23)","header-menu-decoration-other-hover-line-color-style":"gradient","header-menu-decoration-other-hover-line-gradient":"135deg|rgba(255,255,255,0.23) 30%|rgba(0,0,0,0.23) 100%","header-menu-decoration-other-hover-line-opacity":"23","header-menu-decoration-other-hover-style":"background","header-menu-decoration-other-line_size":"2px","header-menu-decoration-other-links-is_justified":"1","header-menu-decoration-other-opacity":"15","header-menu-decoration-style":"underline","header-menu-decoration-underline-color":"#1e73be","header-menu-decoration-underline-color-style":"accent","header-menu-decoration-underline-direction":"upwards","header-menu-decoration-underline-gradient":"135deg|#ffffff 30%|#000000 100%","header-menu-decoration-underline-line_size":"1px","header-menu-dividers-color":"rgba(17,17,17,0.14)","header-menu-dividers-height":"24px","header-menu-dividers-height-style":"custom","header-menu-dividers-surround":"0","header-menu-dividers-width":"1px","header-menu-font-color":"#222222","header-menu-hover-font-color":"#222222","header-menu-hover-font-color-style":"color","header-menu-hover-font-gradient":"90deg|#8224e3 30%|#751257 100%","header-menu-icon-size":"14","header-menu-item-margin":"5px 5px 5px 0px","header-menu-item-padding":"2px 20px 2px 0px","header-menu-item-surround_margins-custom-margin":"30px","header-menu-item-surround_margins-style":"disabled","header-menu-show_dividers":"0","header-menu-show_next_lvl_icons":false,"header-menu-submenu-active-bg-color":"rgba(255,255,255,0.08)","header-menu-submenu-active-bg-color-style":"color","header-menu-submenu-active-bg-gradient":"90deg|#81d742 30%|#eeee22 100%","header-menu-submenu-active-bg-opacity":"7","header-menu-submenu-active-font-color":"#222222","header-menu-submenu-active-font-color-style":"accent","header-menu-submenu-active-font-gradient":"90deg|#ffffff 30%|#000000 100%","header-menu-submenu-bg-color":"#ffffff","header-menu-submenu-bg-hover":"background","header-menu-submenu-bg-padding":"15px 25px 15px 25px","header-menu-submenu-bg-width":"260px","header-menu-submenu-display":"hover","header-menu-submenu-font-color":"#606060","header-menu-submenu-hover-bg-color":"rgba(255,255,255,0.08)","header-menu-submenu-hover-bg-color-style":"color","header-menu-submenu-hover-bg-gradient":"90deg|#81d742 30%|#eeee22 100%","header-menu-submenu-hover-bg-opacity":"7","header-menu-submenu-hover-font-color":"#222222","header-menu-submenu-hover-font-color-style":"accent","header-menu-submenu-hover-font-gradient":"90deg|#81d742 30%|#eeee22 100%","header-menu-submenu-icon-size":"14","header-menu-submenu-item-margin":"0px 0px 0px 0px","header-menu-submenu-item-padding":"5px 0px 5px 0px","header-menu-submenu-parent_is_clickable":false,"header-menu-submenu-show_next_lvl_icons":"1","header-menu-submenu-subtitle-typography":{"font_family":"Mulish:italic","font_size":"12"},"header-menu-submenu-typography":{"font_family":"Roboto","text_transform":"none","font_size":"14"},"header-menu-subtitle-typography":{"font_family":"Inter","font_size":"12"},"header-menu-typography":{"font_family":"Roboto:400","text_transform":"uppercase","font_size":"14"},"header-menu_close_icon-bg":"enabled","header-menu_close_icon-bg-border-radius":"0px","header-menu_close_icon-bg-border-width":"0px","header-menu_close_icon-bg-color":"rgba(255,255,255,0.75)","header-menu_close_icon-bg-hover":"enabled","header-menu_close_icon-border":"enabled","header-menu_close_icon-border-color":"","header-menu_close_icon-border-color-hover":"","header-menu_close_icon-border-hover":"enabled","header-menu_close_icon-caption_color":"#000000","header-menu_close_icon-caption_color-hover":"#000000","header-menu_close_icon-color":"#000000","header-menu_close_icon-hover-color":"#000000","header-menu_close_icon-margin":"30px 30px 30px 30px","header-menu_close_icon-padding":"15px 15px 15px 15px","header-menu_icon-bg":"enabled","header-menu_icon-bg-border-radius":"0px","header-menu_icon-bg-border-width":"0px","header-menu_icon-bg-color":"rgba(255,255,255,0.75)","header-menu_icon-bg-color-hover":"rgba(255,255,255,0.75)","header-menu_icon-bg-hover":"enabled","header-menu_icon-border":"enabled","header-menu_icon-border-color":"","header-menu_icon-border-hover":"enabled","header-menu_icon-border-hover-color":"","header-menu_icon-caption":"disabled","header-menu_icon-caption-padding":"18px 15px 18px 15px","header-menu_icon-caption-text":"Menu","header-menu_icon-caption-typography":{"font_family":"Roboto","text_transform":"none","font_size":"16"},"header-menu_icon-caption_color":"#000000","header-menu_icon-caption_color-hover":"#000000","header-menu_icon-caption_gap":"10px","header-menu_icon-color":"#000000","header-menu_icon-color-hover":"#000000","header-menu_icon-elements":{"below_menu":["social_icons","search","phone"]},"header-menu_icon-elements-below_menu-padding":"30px 0px 0px 0px","header-menu_icon-elements-near_menu-custom-icon-color":"","header-menu_icon-elements-near_menu-custom-icon-size":"16","header-menu_icon-elements-near_menu-font_color":"#333333","header-menu_icon-elements-near_menu-typography":{"font_family":"Roboto","font_size":"14"},"header-menu_icon-hover-bg-color":"rgba(255,255,255,0.75)","header-menu_icon-margin":"0px 0px 0px 0px","header-menu_icon-show_elements":"1","header-menu_icon-size":"medium","header-mixed-bg-color":"rgba(255,255,255,1)","header-mixed-decoration":"shadow","header-mixed-decoration-color":"rgba(221,153,51,1)","header-mixed-decoration_size":"1px","header-mixed-floating-top-bar":false,"header-mixed-sticky-bg-color":"#000000","header-mobile-content-padding":"45px 15px 30px 30px","header-mobile-decoration":"line","header-mobile-decoration-color":"rgba(0,0,0,0.1)","header-mobile-decoration-line_size":"1px","header-mobile-first_switch-after":"1250px","header-mobile-first_switch-height":"60px","header-mobile-first_switch-layout":"left_center","header-mobile-first_switch-logo":"desktop","header-mobile-first_switch-side-padding":"40px 40px","header-mobile-floating-bg-color":"#ffffff","header-mobile-floating_navigation":"sticky","header-mobile-header-bg-color":"#ffffff","header-mobile-menu-align":"right","header-mobile-menu-bg-color":"rgba(255,255,255,1)","header-mobile-menu-bg-width":"300px","header-mobile-menu-close_icon-caption":"disabled","header-mobile-menu-close_icon-caption-text":"Menu","header-mobile-menu-close_icon-caption-typography":{"font_family":"Roboto","text_transform":"none","font_size":"16"},"header-mobile-menu-close_icon-caption_gap":"10px","header-mobile-menu-close_icon-position":"right","header-mobile-menu-close_icon-size":"fade_small","header-mobile-menu-dividers-color":"rgba(0,0,0,0.12)","header-mobile-menu-dividers-height":"1px","header-mobile-menu-font-color":"#222222","header-mobile-menu-font-hover-color":"#3c3e45","header-mobile-menu-font-hover-color-style":"accent","header-mobile-menu-font-hover-gradient":"90deg|#b78ce2 30%|#1e73be 100%","header-mobile-menu-show_dividers":"1","header-mobile-menu-typography":{"font_family":"Archivo:500","text_transform":"none","font_size":"16"},"header-mobile-menu_close-caption_color":"#fff","header-mobile-menu_close-caption_color-hover":"#fff","header-mobile-menu_close_icon-bg":"enabled","header-mobile-menu_close_icon-bg-border-radius":"0px","header-mobile-menu_close_icon-bg-border-width":"0px","header-mobile-menu_close_icon-bg-color":"","header-mobile-menu_close_icon-bg-hover":"enabled","header-mobile-menu_close_icon-border":"disabled","header-mobile-menu_close_icon-border-color":"","header-mobile-menu_close_icon-border-color-hover":"","header-mobile-menu_close_icon-border-hover":"disabled","header-mobile-menu_close_icon-color":"#ffffff","header-mobile-menu_close_icon-hover-color":"#ffffff","header-mobile-menu_close_icon-margin":"15px 0px 0px 0px","header-mobile-menu_close_icon-padding":"5px 5px 5px 5px","header-mobile-menu_icon-bg-border-radius":"0px","header-mobile-menu_icon-bg-border-width":"0px","header-mobile-menu_icon-bg-color":"","header-mobile-menu_icon-bg-color-hover":"","header-mobile-menu_icon-bg-enable":"0","header-mobile-menu_icon-bg-hover":"0","header-mobile-menu_icon-border":"disabled","header-mobile-menu_icon-border-color":"","header-mobile-menu_icon-border-hover":"disabled","header-mobile-menu_icon-border-hover-color":"","header-mobile-menu_icon-caption":"disabled","header-mobile-menu_icon-caption-padding":"0px 0px 0px 0px","header-mobile-menu_icon-caption-text":"Menu","header-mobile-menu_icon-caption-typography":{"font_family":"Roboto","text_transform":"none","font_size":"16"},"header-mobile-menu_icon-caption_color":"#ffffff","header-mobile-menu_icon-caption_color-hover":"#ffffff","header-mobile-menu_icon-caption_gap":"10px","header-mobile-menu_icon-color":"#222222","header-mobile-menu_icon-color-hover":"#222222","header-mobile-menu_icon-hover-bg-color":"","header-mobile-menu_icon-margin":"0px 0px 0px 0px","header-mobile-menu_icon-size":"type_1","header-mobile-microwidgets-custom-icon-color":"#222222","header-mobile-microwidgets-custom-icon-size":"18","header-mobile-microwidgets-font-color":"#222222","header-mobile-microwidgets-typography":{"font_family":"Roboto","font_size":"14"},"header-mobile-overlay-bg-color":"rgba(0,0,0,0.33)","header-mobile-second_switch-after":"900px","header-mobile-second_switch-height":"60px","header-mobile-second_switch-layout":"right_left","header-mobile-second_switch-logo":"desktop","header-mobile-second_switch-side-padding":"20px 20px","header-mobile-submenu-typography":{"font_family":"Roboto","text_transform":"none","font_size":"14"},"header-overlay-content-padding":"0px 0px 0px 0px","header-overlay-content-position":"center","header-overlay-content-width":"400px","header-overlay-logo-position":"inside","header-overlay-menu-items_alignment":"center","header-overlay-menu-items_link":"textwidth","header-overlay-menu-position":"v_top","header-show_floating_navigation":"1","header-side-content-padding":"40px 40px 40px 40px","header-side-elements":{"below_menu":["search","phone","social_icons"]},"header-side-elements-below_menu-padding":"40px 0px 0px 0px","header-side-elements-near_menu-custom-icon-color":"","header-side-elements-near_menu-custom-icon-size":"16","header-side-elements-near_menu-font_color":"#333333","header-side-elements-near_menu-typography":{"font_family":"Roboto Condensed","font_size":"14"},"header-side-logo-position":"inside","header-side-menu-items_alignment":"left","header-side-menu-items_link":"textwidth","header-side-menu-position":"v_top","header-side-menu-submenu-position":"down","header-side-position":"right","header-side-show_elements":"1","header-side-width":"300px","header-side_line-elements":{"below_menu":["social_icons","search","phone"]},"header-side_line-elements-below_menu-padding":"30px 0px 0px 0px","header-side_line-elements-near_menu-custom-icon-color":"","header-side_line-elements-near_menu-custom-icon-size":"16","header-side_line-elements-near_menu-font_color":"#333333","header-side_line-elements-near_menu-typography":{"font_family":"Roboto","font_size":"14"},"header-side_line-show_elements":"1","header-side_line-width":"60px","header-slide_out-content-padding":"40px 40px 40px 40px","header-slide_out-logo-position":"inside","header-slide_out-menu-items_alignment":"left","header-slide_out-menu-items_link":"textwidth","header-slide_out-menu-position":"v_top","header-slide_out-overlay-animation":"fade","header-slide_out-overlay-bg-color":"rgba(17,17,17,0.4)","header-slide_out-overlay-bg-color-style":"color","header-slide_out-overlay-bg-gradient":"135deg|rgba(205,183,226,0.4) 30%|rgba(130,20,130,0.4) 100%","header-slide_out-overlay-bg-opacity":"40","header-slide_out-position":"left","header-slide_out-width":"300px","header-split-elements":{"top_bar_left":["phone","multipurpose_3"],"top_bar_right":["address","multipurpose_4"],"near_menu_right":["search","login","cart"]},"header-split-elements-near_menu-custom-icon-color":"","header-split-elements-near_menu-custom-icon-size":"18","header-split-elements-near_menu-font_color":"#222222","header-split-elements-near_menu-typography":{"font_family":"Roboto","font_size":"14"},"header-split-elements-near_menu_left-padding":"0px 0px 0px 0px","header-split-elements-near_menu_right-padding":"0px 0px 0px 0px","header-split-height":"60px","header-split-is_fullwidth":"1","header-split-menu-position":"outside","header-split-show_elements":"1","header-split-side-padding":"40px 40px","header-split-switch_paddings":"778px","header-split_mobile_paddings":"20px 20px","header-style-floating-choose_logo":"main","header-style-floating-logo-padding":"0px 0px 0px 0px","header-style-floating-logo_hd":["",0],"header-style-floating-logo_regular":["",0],"header-style-floating-mobile-logo-padding":"0px 0px 0px 0px","header-style-floating-mobile-logo_hd":["",0],"header-style-floating-mobile-logo_regular":["",0],"header-style-mixed-logo-padding":"0px 0px 0px 0px","header-style-mixed-logo_hd":["",0],"header-style-mixed-logo_regular":["",0],"header-style-mixed-top_line-floating-choose_logo":"main","header-style-mixed-top_line-floating-logo-padding":"0px 0px 0px 0px","header-style-mixed-top_line-floating-logo_hd":["",0],"header-style-mixed-top_line-floating-logo_regular":["",0],"header-style-mixed-transparent-top_line-choose_logo":"main","header-style-mixed-transparent-top_line-logo-padding":"0px 0px 0px 0px","header-style-mixed-transparent-top_line-logo_hd":["",0],"header-style-mixed-transparent-top_line-logo_regular":["",0],"header-style-mobile-logo-padding":"0px 0px 0px 0px","header-style-mobile-logo_hd":["",0],"header-style-mobile-logo_regular":["",0],"header-style-transparent-choose_logo":"custom","header-style-transparent-logo-padding":"0px 0px 0px 0px","header-style-transparent-logo_hd":["\/wp-content\/uploads\/sites\/79\/2021\/05\/tr001hd.png",39536],"header-style-transparent-logo_regular":["\/wp-content\/uploads\/sites\/79\/2021\/05\/tr001.png",39535],"header-style-transparent-mobile-logo-padding":"0px 0px 0px 0px","header-style-transparent-mobile-logo_hd":["",0],"header-style-transparent-mobile-logo_regular":["",0],"header-top_line-elements":{"top_line_right":["search","phone","social_icons"]},"header-top_line-elements-below_menu-padding":"35px 0px 0px 0px","header-top_line-elements-in_top_line-custom-icon-color":"","header-top_line-elements-in_top_line-custom-icon-size":"16","header-top_line-elements-in_top_line-font_color":"#333333","header-top_line-elements-in_top_line-typography":{"font_family":"Arial","font_size":"14"},"header-top_line-elements-near_menu-custom-icon-color":"","header-top_line-elements-near_menu-custom-icon-size":"16","header-top_line-elements-near_menu-font_color":"#333333","header-top_line-elements-near_menu-typography":{"font_family":"Roboto","font_size":"13"},"header-top_line-elements-top_line-padding":"0px 0px 0px 0px","header-top_line-elements-top_line_right-padding":"0px 0px 0px 0px","header-top_line-show_elements":"1","header-top_line-side-padding":"30px 30px","header-top_line-switch_paddings":"0px","header-top_line_mobile_paddings":"0px 0px","header-transparent-mobile-first_switch-logo":"desktop","header-transparent-mobile-second_switch-logo":"desktop","header-transparent_bg_color":"rgba(238,238,34,1)","header_navigation":"slide_out","image_hover-color":"rgba(0,0,0,0.25)","image_hover-color_gradient":"135deg|rgba(46,221,237,0.2) 30%|rgba(0,132,187,0.2) 100%","image_hover-color_mode":"color","image_hover-opacity":"20","image_hover-project_rollover_color":"rgba(0,0,0,0.25)","image_hover-project_rollover_color_gradient":"135deg|rgba(46,221,237,0.85) 30%|rgba(0,132,187,0.85) 100%","image_hover-project_rollover_color_mode":"color","image_hover-project_rollover_opacity":"85","image_hover-style":"none","input_bg_color":"#ffffff","input_border_color":"rgba(10,10,10,0.12)","input_border_radius":"0px","input_border_width":"1px 1px 1px 1px","input_color":"#606060","input_height":"40px","input_padding":"8px 12px 8px 12px","layout-menu_icon-position":"menu_icon_right","layout-menu_icon-show_floating_logo":"1","layout-top_line-height":"74px","layout-top_line-is_fullwidth":"1","layout-top_line-is_sticky":"1","layout-top_line-logo-position":"left","menu-mobile-microwidgets-custom-icon-color":"#a0a0a0","menu-mobile-microwidgets-custom-icon-size":"18","menu-mobile-microwidgets-font-color":"#a0a0a0","menu-mobile-microwidgets-typography":{"font_family":"Roboto:400","font_size":"14"},"message_bg_color":"","message_color":"#ffffff","microwidgets-search-active-width":"250px","microwidgets-search-height":"36px","microwidgets-search-typography":{"font_family":"Roboto","font_size":"16"},"microwidgets-search-width":"360px","microwidgets-search_bg-border-color":"#e6e6e6","microwidgets-search_bg-color":"rgba(255,255,255,0)","microwidgets-search_bg_border_radius":"0px","microwidgets-search_bg_border_width":"0px","microwidgets-search_custom-icon":"the7-feather-arrow-right","microwidgets-search_font-color":"#222222","microwidgets-search_icon":"custom","microwidgets-search_icon-size":"18","microwidgets-search_input-padding":"10px 10px","microwidgets-search_overlay-bg":"color","microwidgets-search_overlay-bg-color":"rgba(0,0,0,0.9)","microwidgets-search_overlay-bg-gradient":"135deg|#ffffff 30%|#000000 100%","microwidgets-search_style":"popup","page_title-background-style-transparent-color_scheme":"light","page_title-padding":"20px 20px","portfolio-breadcrumbs-text":"","portfolio-rel_projects_columns":{"wide_desktop":4,"desktop":3,"laptop":3,"h_tablet":3,"v_tablet":2,"phone":1},"portfolio-rel_projects_proportions":{"width":1,"height":1},"post-show_fancy_categories":"1","post-show_fancy_date":"1","show_static_part_of_archive_title":"1","sidebar-bg_color":"rgba(247,247,248,1)","sidebar-bg_image":{"image":"","repeat":"repeat","position_x":"center","position_y":"center"},"sidebar-decoration":"none","sidebar-decoration_outline_color":"rgba(0,0,0,0.06)","sidebar-distance_to_content":"60px","sidebar-divider-horizontal":"1","sidebar-divider-vertical":"1","sidebar-floating":false,"sidebar-headers_color":"#222222","sidebar-primary_text_color":"#606060","sidebar-responsiveness":"768px","sidebar-vertical_distance":"0px","sidebar-visual_style":"with_dividers","sidebar-width":"250px","social_buttons-page":[],"social_buttons-page-button_title":"Share this page","social_buttons-photo":[],"social_buttons-photo-button_title":"Share this image","social_buttons-portfolio_post":[],"social_buttons-portfolio_post-button_title":"Share this post","social_buttons-post":[],"social_buttons-post-button_title":"Share this post","social_buttons-visibility":"allways","stripes-stripe_1_bg_image":{"image":"","repeat":"repeat","position_x":"center","position_y":"center"},"stripes-stripe_1_color":"#f8f8f9","stripes-stripe_1_content_boxes_bg_color":"#ffffff","stripes-stripe_1_content_boxes_bg_opacity":"100","stripes-stripe_1_content_boxes_decoration":"none","stripes-stripe_1_content_boxes_decoration_outline_color":"#dd3333","stripes-stripe_1_content_boxes_decoration_outline_opacity":"100","stripes-stripe_1_headers_color":"#3b3f4a","stripes-stripe_1_outline":"hide","stripes-stripe_1_outline_color":"#44bb70","stripes-stripe_1_outline_opacity":"100","stripes-stripe_1_text_color":"#787d85","stripes-stripe_2_bg_image":{"image":"","repeat":"repeat","position_x":"center","position_y":"center"},"stripes-stripe_2_color":"#23262d","stripes-stripe_2_content_boxes_bg_color":"#ffffff","stripes-stripe_2_content_boxes_bg_opacity":"10","stripes-stripe_2_content_boxes_decoration":"none","stripes-stripe_2_content_boxes_decoration_outline_color":"#ffffff","stripes-stripe_2_content_boxes_decoration_outline_opacity":"15","stripes-stripe_2_headers_color":"#ffffff","stripes-stripe_2_outline":"hide","stripes-stripe_2_outline_color":"#ffffff","stripes-stripe_2_outline_opacity":"15","stripes-stripe_2_text_color":"#8b9199","stripes-stripe_3_bg_image":{"image":"https:\/\/the7.io\/elementor-shop\/https:\/\/the7.io\/elementor-main\/inc\/presets\/images\/full\/skin22.stripes-stripe-3-bg-image.jpg","repeat":"repeat","position_x":"center","position_y":"center"},"stripes-stripe_3_color":"#000000","stripes-stripe_3_content_boxes_bg_color":"#ffffff","stripes-stripe_3_content_boxes_bg_opacity":"10","stripes-stripe_3_content_boxes_decoration":"none","stripes-stripe_3_content_boxes_decoration_outline_color":"#ffffff","stripes-stripe_3_content_boxes_decoration_outline_opacity":"19","stripes-stripe_3_headers_color":"#ffffff","stripes-stripe_3_outline":"hide","stripes-stripe_3_outline_color":"#252728","stripes-stripe_3_outline_opacity":"100","stripes-stripe_3_text_color":"#ffffff","template_page_id_404":0,"template_page_id_author":3658,"template_page_id_author_full_content":"0","template_page_id_blog_category":3658,"template_page_id_blog_category_full_content":"0","template_page_id_blog_tags":3658,"template_page_id_blog_tags_full_content":"0","template_page_id_date":3658,"template_page_id_date_full_content":"0","template_page_id_portfolio_category":3658,"template_page_id_portfolio_category_full_content":"0","template_page_id_search":3658,"template_page_id_search_full_content":"0","the7_opengraph_tags":"1","top-bar-height":"36px","top-bar-transparent_bg_color":"#efefef","top_bar-bg-color":"#f1f3f4","top_bar-bg-image":{"image":"","repeat":"repeat","position_x":"center","position_y":"center"},"top_bar-bg-style":"fullwidth_line","top_bar-custom-icon-color":"#707070","top_bar-custom-icon-size":"16","top_bar-font-color":"#707070","top_bar-line-color":"rgba(255,255,255,0)","top_bar-line-in-transparent-header":"1","top_bar-line_size":"1px","top_bar-line_style":"solid","top_bar-padding":"0px 40px 0px 40px","top_bar-switch_paddings":"778px","top_bar-typography":{"font_family":"Roboto","text_transform":"none","font_size":"13"},"top_bar_mobile_paddings":"0px 20px 0px 20px","wc_view_mode":"view_mode","widget_gap":"15px","widgetareas":{"1":{"sidebar_name":"Default Sidebar","sidebar_desc":"Sidebar primary widget area"},"2":{"sidebar_name":"Default Footer","sidebar_desc":"Footer primary widget area"},"4":{"sidebar_name":"Woocommerce archive sidebar","sidebar_desc":""}},"woocommerce-product_zoom":"1","woocommerce-related_btn":"0","woocommerce_add_to_cart_icon":"the7-feather-shopping-bag","woocommerce_cart_padding":"70px 40px","woocommerce_cart_switch":"768px","woocommerce_cart_total_width":"350px","woocommerce_details_icon":"dt-icon-the7-menu-012","woocommerce_display_align":"left","woocommerce_display_product_info":"wc_btn_on_hoover","woocommerce_hover_image":"1","woocommerce_list_switch":"880px","woocommerce_product_cart_gap":"20px","woocommerce_product_desc_gap":"12px","woocommerce_product_image_gap":"15px","woocommerce_product_img_width":"50%","woocommerce_product_price_gap":"6px","woocommerce_product_rating_gap":"6px","woocommerce_product_switch":"768px","woocommerce_product_title_gap":"15px","woocommerce_rel_products_max":"3","woocommerce_shop-sidebar-collapse":"1","woocommerce_shop_template_bwb_columns":{"desktop":3,"h_tablet":3,"v_tablet":2,"phone":1},"woocommerce_shop_template_column_min_width":"220px","woocommerce_shop_template_columns":5,"woocommerce_shop_template_gap":"10px","woocommerce_shop_template_img_width":"25%","woocommerce_shop_template_isotope":"grid","woocommerce_shop_template_layout_default":"masonry_grid_default","woocommerce_shop_template_loading_effect":"none","woocommerce_shop_template_responsiveness":"browser_width_based","woocommerce_show_cart_icon":"1","woocommerce_show_list_desc":"1","woocommerce_show_masonry_desc":"1","woocommerce_show_product_price":"1","woocommerce_show_product_rating":"1","woocommerce_show_product_titles":"1","woocommerce_show_single_product_title":"always","woocommerce_show_steps":"1","woocommerce_steps-bg_opacity":"100","woocommerce_steps_bg_color":"#ffffff","woocommerce_steps_color":"#000000"},"the7_dashboard_settings":{"mega-menu":true,"elementor-buttons-integration":true,"elementor-theme-style":false,"portfolio":true,"testimonials":true,"team":true,"logos":false,"benefits":false,"albums":false,"slideshow":true},"wp_settings":{"show_on_front":"page","page_on_front":"35238","page_for_posts":"0"},"widgets_settings":{"widget_text":{"1":[],"_multiwidget":1},"widget_rss":{"1":[],"_multiwidget":1},"widget_woocommerce_layered_nav_filters":{"2":{"title":"Your filters"},"_multiwidget":1},"widget_woocommerce_layered_nav":{"2":{"title":"Color","attribute":"color","display_type":"list","query_type":"or"},"3":{"title":"Size","attribute":"size","display_type":"list","query_type":"or"},"_multiwidget":1},"widget_woocommerce_price_filter":{"2":{"title":"Price"},"_multiwidget":1},"widget_woocommerce_product_categories":{"3":{"title":"Product categories","orderby":"name","dropdown":0,"count":0,"hierarchical":1,"show_children_only":0,"hide_empty":0,"max_depth":""},"_multiwidget":1},"widget_woocommerce_products":{"2":{"title":"Featured products","number":5,"show":"featured","orderby":"date","order":"desc","hide_free":0,"show_hidden":0},"_multiwidget":1},"widget_woocommerce_rating_filter":{"2":{"title":"Average rating"},"_multiwidget":1},"widget_presscore-blog-posts":{"2":{"title":"","order":"DESC","orderby":"date","show":3,"select":"all","cats":[],"thumbnails":1,"round_images":0,"show_excerpts":0,"images_dimensions":{"w":70,"h":50}},"_multiwidget":1},"sidebars_widgets":{"wp_inactive_widgets":[],"sidebar_1":["presscore-blog-posts-2"],"sidebar_2":["woocommerce_products-2"],"sidebar_4":["woocommerce_product_categories-3","woocommerce_layered_nav_filters-2","woocommerce_price_filter-2","woocommerce_layered_nav-2","woocommerce_layered_nav-3","woocommerce_rating_filter-2"],"array_version":3}},"nav_menu_locations":{"primary":123,"mobile":123,"split_left":123,"split_right":156},"ultimate_selected_google_fonts":false,"ultimate_icon_fonts":{"the7-feather":{"include":"smile_fonts\/the7-feather","folder":"smile_fonts\/the7-feather","style":"the7-feather\/the7-feather.css","config":"charmap.php"}},"the7_fontawesome_version":"fa5","woocommerce":{"woocommerce_shop_page_id":"27131","woocommerce_cart_page_id":"6","woocommerce_checkout_page_id":"7","woocommerce_myaccount_page_id":"8","woocommerce_terms_page_id":"29656","woocommerce_single_image_width":"1200","woocommerce_thumbnail_image_width":"600","woocommerce_thumbnail_cropping":"custom","woocommerce_thumbnail_cropping_custom_width":"3","woocommerce_thumbnail_cropping_custom_height":"4"},"wc_attributes":{"id:4":{"attribute_id":"4","attribute_name":"size","attribute_label":"Size","attribute_type":"select","attribute_orderby":"menu_order","attribute_public":"0"},"id:5":{"attribute_id":"5","attribute_name":"color","attribute_label":"Color","attribute_type":"select","attribute_orderby":"menu_order","attribute_public":"0"},"id:6":{"attribute_id":"6","attribute_name":"style","attribute_label":"Style","attribute_type":"select","attribute_orderby":"menu_order","attribute_public":"0"}},"elementor":{"elementor_cpt_support":["post","page","product"],"elementor_disable_color_schemes":"yes","elementor_disable_typography_schemes":"yes","elementor_use_the7_schemes":"yes"},"elementor_kit_settings":{"0":"","system_colors":[{"_id":"primary","title":"Primary"},{"_id":"secondary","title":"Secondary"},{"_id":"text","title":"Text"},{"_id":"accent","title":"Accent"}],"custom_colors":[{"_id":"78861a0","title":"Light grey background","color":"#F1F3F4"},{"_id":"1f6a3f9","title":"Dark background","color":"#000000"},{"_id":"721d0f3","title":"White semitr. text","color":"#FFFFFFA1"},{"_id":"6bf4092","title":"grey icons & decor","color":"#00000042"}],"system_typography":[{"_id":"primary","title":"Primary","typography_typography":"custom","typography_line_height":{"unit":"em","size":1.2,"sizes":[]},"typography_font_weight":"400"},{"_id":"secondary","title":"Secondary","typography_typography":"custom","typography_font_size":{"unit":"px","size":16,"sizes":[]},"typography_line_height":{"unit":"em","size":1.2,"sizes":[]},"typography_font_weight":"400"},{"_id":"text","title":"Text","typography_typography":"custom","typography_line_height":{"unit":"em","size":1.5,"sizes":[]},"typography_font_size":{"unit":"px","size":16,"sizes":[]},"typography_font_weight":"400"},{"_id":"accent","title":"Accent","typography_typography":"custom","typography_font_weight":"400","typography_font_size":{"unit":"px","size":14,"sizes":[]},"typography_line_height":{"unit":"em","size":1,"sizes":[]}}],"custom_typography":[{"_id":"1da27c5","title":"Normal 18","typography_typography":"custom","typography_font_size":{"unit":"px","size":18,"sizes":[]},"typography_line_height":{"unit":"em","size":1.5,"sizes":[]},"typography_font_weight":"400","typography_font_size_mobile":{"unit":"px","size":16,"sizes":[]},"typography_line_height_mobile":{"unit":"em","size":1.5,"sizes":[]},"typography_font_family":"Roboto"},{"_id":"b23a380","title":"Normal 22","typography_typography":"custom","typography_font_size":{"unit":"px","size":22,"sizes":[]},"typography_line_height":{"unit":"em","size":1.5,"sizes":[]},"typography_font_weight":"400","typography_font_family":"Roboto","typography_font_size_tablet":{"unit":"px","size":20,"sizes":[]},"typography_font_size_mobile":{"unit":"px","size":18,"sizes":[]}}],"default_generic_fonts":"sans-serif","container_width":{"unit":"px","size":1300,"sizes":[]},"space_between_widgets":{"unit":"px","size":0,"sizes":[]},"page_title_selector":"h1.entry-title","container_width_mobile":{"unit":"px","size":1300,"sizes":[]},"viewport_md":768,"viewport_lg":1025},"revolution_sliders":[],"vc_settings":[]}