<?xml version="1.0" encoding="UTF-8" ?>
<!-- This is a WordPress eXtended RSS file generated by WordPress as an export of your site. -->
<!-- It contains information about your site's posts, pages, comments, categories, and other content. -->
<!-- You may use this file to transfer that content from one site to another. -->
<!-- This file is not intended to serve as a complete backup of your site. -->

<!-- To import this information into a WordPress site follow these steps: -->
<!-- 1. Log in to that site as an administrator. -->
<!-- 2. Go to Tools: Import in the WordPress admin panel. -->
<!-- 3. Install the "WordPress" importer from the list. -->
<!-- 4. Activate & Run Importer. -->
<!-- 5. Upload this file using the form provided on that page. -->
<!-- 6. You will first be asked to map the authors in this export file to users -->
<!--    on the site. For each author, you may choose to map to an -->
<!--    existing user on the site or to create a new user. -->
<!-- 7. WordPress will then import each of the posts, pages, comments, categories, etc. -->
<!--    contained in this file into your site. -->

<!-- generator="WordPress/5.8.2" created="2021-12-02 12:53" -->
<rss version="2.0"
xmlns:excerpt="http://wordpress.org/export/1.2/excerpt/"
xmlns:content="http://purl.org/rss/1.0/modules/content/"
xmlns:wfw="http://wellformedweb.org/CommentAPI/"
xmlns:dc="http://purl.org/dc/elements/1.1/"
xmlns:wp="http://wordpress.org/export/1.2/"
>

<channel>
<title>The7 - Coming Soon Revolution</title>
<link>https://the7.io/coming-soon-02</link>
<description>The7 - Coming Soon Revolution</description>
<pubDate>Thu, 02 Dec 2021 12:53:05 +0000</pubDate>
<language>en-GB</language>
<wp:wxr_version>1.2</wp:wxr_version>
<wp:base_site_url>https://the7.io/</wp:base_site_url>
<wp:base_blog_url>https://the7.io/coming-soon-02</wp:base_blog_url>

	<wp:author><wp:author_id>1</wp:author_id><wp:author_login>admin</wp:author_login><wp:author_email>miroslav@forge.com.ua</wp:author_email><wp:author_display_name><![CDATA[Dream Theme]]></wp:author_display_name><wp:author_first_name><![CDATA[Dream]]></wp:author_first_name><wp:author_last_name><![CDATA[Theme]]></wp:author_last_name></wp:author>

<wp:category><wp:term_id>1</wp:term_id><wp:category_nicename>uncategorised</wp:category_nicename><wp:category_parent></wp:category_parent><wp:cat_name><![CDATA[Uncategorised]]></wp:cat_name></wp:category>
<wp:term><wp:term_id>7</wp:term_id><wp:term_taxonomy>product_visibility</wp:term_taxonomy><wp:term_taxonomy_id>7</wp:term_taxonomy_id><wp:term_slug>exclude-from-catalog</wp:term_slug><wp:term_parent></wp:term_parent><wp:term_name><![CDATA[exclude-from-catalog]]></wp:term_name></wp:term>
<wp:term><wp:term_id>6</wp:term_id><wp:term_taxonomy>product_visibility</wp:term_taxonomy><wp:term_taxonomy_id>6</wp:term_taxonomy_id><wp:term_slug>exclude-from-search</wp:term_slug><wp:term_parent></wp:term_parent><wp:term_name><![CDATA[exclude-from-search]]></wp:term_name></wp:term>
<wp:term><wp:term_id>5</wp:term_id><wp:term_taxonomy>product_type</wp:term_taxonomy><wp:term_taxonomy_id>5</wp:term_taxonomy_id><wp:term_slug>external</wp:term_slug><wp:term_parent></wp:term_parent><wp:term_name><![CDATA[external]]></wp:term_name></wp:term>
<wp:term><wp:term_id>8</wp:term_id><wp:term_taxonomy>product_visibility</wp:term_taxonomy><wp:term_taxonomy_id>8</wp:term_taxonomy_id><wp:term_slug>featured</wp:term_slug><wp:term_parent></wp:term_parent><wp:term_name><![CDATA[featured]]></wp:term_name></wp:term>
<wp:term><wp:term_id>3</wp:term_id><wp:term_taxonomy>product_type</wp:term_taxonomy><wp:term_taxonomy_id>3</wp:term_taxonomy_id><wp:term_slug>grouped</wp:term_slug><wp:term_parent></wp:term_parent><wp:term_name><![CDATA[grouped]]></wp:term_name></wp:term>
<wp:term><wp:term_id>9</wp:term_id><wp:term_taxonomy>product_visibility</wp:term_taxonomy><wp:term_taxonomy_id>9</wp:term_taxonomy_id><wp:term_slug>outofstock</wp:term_slug><wp:term_parent></wp:term_parent><wp:term_name><![CDATA[outofstock]]></wp:term_name></wp:term>
<wp:term><wp:term_id>10</wp:term_id><wp:term_taxonomy>product_visibility</wp:term_taxonomy><wp:term_taxonomy_id>10</wp:term_taxonomy_id><wp:term_slug>rated-1</wp:term_slug><wp:term_parent></wp:term_parent><wp:term_name><![CDATA[rated-1]]></wp:term_name></wp:term>
<wp:term><wp:term_id>11</wp:term_id><wp:term_taxonomy>product_visibility</wp:term_taxonomy><wp:term_taxonomy_id>11</wp:term_taxonomy_id><wp:term_slug>rated-2</wp:term_slug><wp:term_parent></wp:term_parent><wp:term_name><![CDATA[rated-2]]></wp:term_name></wp:term>
<wp:term><wp:term_id>12</wp:term_id><wp:term_taxonomy>product_visibility</wp:term_taxonomy><wp:term_taxonomy_id>12</wp:term_taxonomy_id><wp:term_slug>rated-3</wp:term_slug><wp:term_parent></wp:term_parent><wp:term_name><![CDATA[rated-3]]></wp:term_name></wp:term>
<wp:term><wp:term_id>13</wp:term_id><wp:term_taxonomy>product_visibility</wp:term_taxonomy><wp:term_taxonomy_id>13</wp:term_taxonomy_id><wp:term_slug>rated-4</wp:term_slug><wp:term_parent></wp:term_parent><wp:term_name><![CDATA[rated-4]]></wp:term_name></wp:term>
<wp:term><wp:term_id>14</wp:term_id><wp:term_taxonomy>product_visibility</wp:term_taxonomy><wp:term_taxonomy_id>14</wp:term_taxonomy_id><wp:term_slug>rated-5</wp:term_slug><wp:term_parent></wp:term_parent><wp:term_name><![CDATA[rated-5]]></wp:term_name></wp:term>
<wp:term><wp:term_id>2</wp:term_id><wp:term_taxonomy>product_type</wp:term_taxonomy><wp:term_taxonomy_id>2</wp:term_taxonomy_id><wp:term_slug>simple</wp:term_slug><wp:term_parent></wp:term_parent><wp:term_name><![CDATA[simple]]></wp:term_name></wp:term>
<wp:term><wp:term_id>1</wp:term_id><wp:term_taxonomy>category</wp:term_taxonomy><wp:term_taxonomy_id>1</wp:term_taxonomy_id><wp:term_slug>uncategorised</wp:term_slug><wp:term_parent></wp:term_parent><wp:term_name><![CDATA[Uncategorised]]></wp:term_name></wp:term>
<wp:term><wp:term_id>15</wp:term_id><wp:term_taxonomy>product_cat</wp:term_taxonomy><wp:term_taxonomy_id>15</wp:term_taxonomy_id><wp:term_slug>uncategorised</wp:term_slug><wp:term_parent></wp:term_parent><wp:term_name><![CDATA[Uncategorised]]></wp:term_name></wp:term>
<wp:term><wp:term_id>4</wp:term_id><wp:term_taxonomy>product_type</wp:term_taxonomy><wp:term_taxonomy_id>4</wp:term_taxonomy_id><wp:term_slug>variable</wp:term_slug><wp:term_parent></wp:term_parent><wp:term_name><![CDATA[variable]]></wp:term_name></wp:term>

<generator>https://wordpress.org/?v=5.8.2</generator>

<item>
	<title>Hello world!</title>
	<link>https://the7.io/coming-soon-02/2016/12/13/hello-world/</link>
	<pubDate>Tue, 13 Dec 2016 17:57:53 +0000</pubDate>
	<dc:creator><![CDATA[admin]]></dc:creator>
	<guid isPermaLink="false">https://the7.io/coming-soon-02/?p=1</guid>
	<description></description>
	<content:encoded><![CDATA[Welcome to <a href="https://the7.io/">The7 - Ultimate WordPress Theme Sites</a>. This is your first post. Edit or delete it, then start blogging!]]></content:encoded>
	<excerpt:encoded><![CDATA[]]></excerpt:encoded>
	<wp:post_id>1</wp:post_id>
	<wp:post_date>2016-12-13 17:57:53</wp:post_date>
	<wp:post_date_gmt>2016-12-13 17:57:53</wp:post_date_gmt>
	<wp:comment_status>open</wp:comment_status>
	<wp:ping_status>open</wp:ping_status>
	<wp:post_name>hello-world</wp:post_name>
	<wp:status>publish</wp:status>
	<wp:post_parent>0</wp:post_parent>
	<wp:menu_order>0</wp:menu_order>
	<wp:post_type>post</wp:post_type>
	<wp:post_password></wp:post_password>
	<wp:is_sticky>0</wp:is_sticky>
		<category domain="category" nicename="uncategorised"><![CDATA[Uncategorised]]></category>
	<wp:postmeta>
		<wp:meta_key>the7_exporter_post_resources</wp:meta_key>
		<wp:meta_value><![CDATA[a:0:{}]]></wp:meta_value>
	</wp:postmeta>
</item>
<item>
	<title>Homepage</title>
	<link>https://the7.io/coming-soon-02/</link>
	<pubDate>Tue, 13 Dec 2016 17:57:53 +0000</pubDate>
	<dc:creator><![CDATA[admin]]></dc:creator>
	<guid isPermaLink="false">https://the7.io/coming-soon-02/?page_id=2</guid>
	<description></description>
	<content:encoded><![CDATA[]]></content:encoded>
	<excerpt:encoded><![CDATA[]]></excerpt:encoded>
	<wp:post_id>2</wp:post_id>
	<wp:post_date>2016-12-13 17:57:53</wp:post_date>
	<wp:post_date_gmt>2016-12-13 17:57:53</wp:post_date_gmt>
	<wp:comment_status>closed</wp:comment_status>
	<wp:ping_status>closed</wp:ping_status>
	<wp:post_name>homepage</wp:post_name>
	<wp:status>publish</wp:status>
	<wp:post_parent>0</wp:post_parent>
	<wp:menu_order>0</wp:menu_order>
	<wp:post_type>page</wp:post_type>
	<wp:post_password></wp:post_password>
	<wp:is_sticky>0</wp:is_sticky>
	<wp:postmeta>
		<wp:meta_key>_wp_page_template</wp:meta_key>
		<wp:meta_value><![CDATA[template-microsite.php]]></wp:meta_value>
	</wp:postmeta>
	<wp:postmeta>
		<wp:meta_key>_dt_microsite_hidden_parts</wp:meta_key>
		<wp:meta_value><![CDATA[content]]></wp:meta_value>
	</wp:postmeta>
	<wp:postmeta>
		<wp:meta_key>_edit_last</wp:meta_key>
		<wp:meta_value><![CDATA[1]]></wp:meta_value>
	</wp:postmeta>
	<wp:postmeta>
		<wp:meta_key>slide_template</wp:meta_key>
		<wp:meta_value><![CDATA[]]></wp:meta_value>
	</wp:postmeta>
	<wp:postmeta>
		<wp:meta_key>_wpb_vc_js_status</wp:meta_key>
		<wp:meta_value><![CDATA[false]]></wp:meta_value>
	</wp:postmeta>
	<wp:postmeta>
		<wp:meta_key>_vc_post_settings</wp:meta_key>
		<wp:meta_value><![CDATA[a:1:{s:10:"vc_grid_id";a:0:{}}]]></wp:meta_value>
	</wp:postmeta>
	<wp:postmeta>
		<wp:meta_key>_dt_sidebar_position</wp:meta_key>
		<wp:meta_value><![CDATA[disabled]]></wp:meta_value>
	</wp:postmeta>
	<wp:postmeta>
		<wp:meta_key>_dt_sidebar_widgetarea_id</wp:meta_key>
		<wp:meta_value><![CDATA[sidebar_1]]></wp:meta_value>
	</wp:postmeta>
	<wp:postmeta>
		<wp:meta_key>_dt_sidebar_hide_on_mobile</wp:meta_key>
		<wp:meta_value><![CDATA[0]]></wp:meta_value>
	</wp:postmeta>
	<wp:postmeta>
		<wp:meta_key>_dt_footer_show</wp:meta_key>
		<wp:meta_value><![CDATA[0]]></wp:meta_value>
	</wp:postmeta>
	<wp:postmeta>
		<wp:meta_key>_dt_footer_widgetarea_id</wp:meta_key>
		<wp:meta_value><![CDATA[sidebar_2]]></wp:meta_value>
	</wp:postmeta>
	<wp:postmeta>
		<wp:meta_key>_dt_footer_hide_on_mobile</wp:meta_key>
		<wp:meta_value><![CDATA[0]]></wp:meta_value>
	</wp:postmeta>
	<wp:postmeta>
		<wp:meta_key>_dt_header_title</wp:meta_key>
		<wp:meta_value><![CDATA[slideshow]]></wp:meta_value>
	</wp:postmeta>
	<wp:postmeta>
		<wp:meta_key>_dt_header_background</wp:meta_key>
		<wp:meta_value><![CDATA[normal]]></wp:meta_value>
	</wp:postmeta>
	<wp:postmeta>
		<wp:meta_key>_dt_header_background_below_slideshow</wp:meta_key>
		<wp:meta_value><![CDATA[disabled]]></wp:meta_value>
	</wp:postmeta>
	<wp:postmeta>
		<wp:meta_key>_dt_header_transparent_bg_color</wp:meta_key>
		<wp:meta_value><![CDATA[#000000]]></wp:meta_value>
	</wp:postmeta>
	<wp:postmeta>
		<wp:meta_key>_dt_header_transparent_bg_opacity</wp:meta_key>
		<wp:meta_value><![CDATA[50]]></wp:meta_value>
	</wp:postmeta>
	<wp:postmeta>
		<wp:meta_key>_dt_header_transparent_bg_color_scheme</wp:meta_key>
		<wp:meta_value><![CDATA[light]]></wp:meta_value>
	</wp:postmeta>
	<wp:postmeta>
		<wp:meta_key>_dt_header_disabled_background</wp:meta_key>
		<wp:meta_value><![CDATA[normal]]></wp:meta_value>
	</wp:postmeta>
	<wp:postmeta>
		<wp:meta_key>_dt_header_disabled_transparent_bg_color</wp:meta_key>
		<wp:meta_value><![CDATA[#000000]]></wp:meta_value>
	</wp:postmeta>
	<wp:postmeta>
		<wp:meta_key>_dt_header_disabled_transparent_bg_opacity</wp:meta_key>
		<wp:meta_value><![CDATA[50]]></wp:meta_value>
	</wp:postmeta>
	<wp:postmeta>
		<wp:meta_key>_dt_header_disabled_transparent_bg_color_scheme</wp:meta_key>
		<wp:meta_value><![CDATA[light]]></wp:meta_value>
	</wp:postmeta>
	<wp:postmeta>
		<wp:meta_key>_dt_slideshow_mode</wp:meta_key>
		<wp:meta_value><![CDATA[revolution]]></wp:meta_value>
	</wp:postmeta>
	<wp:postmeta>
		<wp:meta_key>_dt_slideshow_layout</wp:meta_key>
		<wp:meta_value><![CDATA[fullwidth]]></wp:meta_value>
	</wp:postmeta>
	<wp:postmeta>
		<wp:meta_key>_dt_slideshow_slider_proportions</wp:meta_key>
		<wp:meta_value><![CDATA[a:2:{s:5:"width";s:4:"1200";s:6:"height";s:3:"500";}]]></wp:meta_value>
	</wp:postmeta>
	<wp:postmeta>
		<wp:meta_key>_dt_slideshow_scaling</wp:meta_key>
		<wp:meta_value><![CDATA[fill]]></wp:meta_value>
	</wp:postmeta>
	<wp:postmeta>
		<wp:meta_key>_dt_slideshow_autoplay</wp:meta_key>
		<wp:meta_value><![CDATA[paused]]></wp:meta_value>
	</wp:postmeta>
	<wp:postmeta>
		<wp:meta_key>_dt_slideshow_autoslide_interval</wp:meta_key>
		<wp:meta_value><![CDATA[5000]]></wp:meta_value>
	</wp:postmeta>
	<wp:postmeta>
		<wp:meta_key>_dt_slideshow_hide_captions</wp:meta_key>
		<wp:meta_value><![CDATA[0]]></wp:meta_value>
	</wp:postmeta>
	<wp:postmeta>
		<wp:meta_key>_dt_slideshow_photo_scroller_layout</wp:meta_key>
		<wp:meta_value><![CDATA[fullscreen]]></wp:meta_value>
	</wp:postmeta>
	<wp:postmeta>
		<wp:meta_key>_dt_slideshow_photo_scroller_bg_color</wp:meta_key>
		<wp:meta_value><![CDATA[#000000]]></wp:meta_value>
	</wp:postmeta>
	<wp:postmeta>
		<wp:meta_key>_dt_slideshow_photo_scroller_overlay</wp:meta_key>
		<wp:meta_value><![CDATA[1]]></wp:meta_value>
	</wp:postmeta>
	<wp:postmeta>
		<wp:meta_key>_dt_slideshow_photo_scroller_top_padding</wp:meta_key>
		<wp:meta_value><![CDATA[0]]></wp:meta_value>
	</wp:postmeta>
	<wp:postmeta>
		<wp:meta_key>_dt_slideshow_photo_scroller_bottom_padding</wp:meta_key>
		<wp:meta_value><![CDATA[0]]></wp:meta_value>
	</wp:postmeta>
	<wp:postmeta>
		<wp:meta_key>_dt_slideshow_photo_scroller_side_paddings</wp:meta_key>
		<wp:meta_value><![CDATA[0]]></wp:meta_value>
	</wp:postmeta>
	<wp:postmeta>
		<wp:meta_key>_dt_slideshow_photo_scroller_inactive_opacity</wp:meta_key>
		<wp:meta_value><![CDATA[15]]></wp:meta_value>
	</wp:postmeta>
	<wp:postmeta>
		<wp:meta_key>_dt_slideshow_photo_scroller_thumbnails_visibility</wp:meta_key>
		<wp:meta_value><![CDATA[show]]></wp:meta_value>
	</wp:postmeta>
	<wp:postmeta>
		<wp:meta_key>_dt_slideshow_photo_scroller_thumbnails_height</wp:meta_key>
		<wp:meta_value><![CDATA[85]]></wp:meta_value>
	</wp:postmeta>
	<wp:postmeta>
		<wp:meta_key>_dt_slideshow_photo_scroller_autoplay</wp:meta_key>
		<wp:meta_value><![CDATA[play]]></wp:meta_value>
	</wp:postmeta>
	<wp:postmeta>
		<wp:meta_key>_dt_slideshow_photo_scroller_autoplay_speed</wp:meta_key>
		<wp:meta_value><![CDATA[4000]]></wp:meta_value>
	</wp:postmeta>
	<wp:postmeta>
		<wp:meta_key>_dt_slideshow_photo_scroller_ls_max_width</wp:meta_key>
		<wp:meta_value><![CDATA[100]]></wp:meta_value>
	</wp:postmeta>
	<wp:postmeta>
		<wp:meta_key>_dt_slideshow_photo_scroller_ls_min_width</wp:meta_key>
		<wp:meta_value><![CDATA[0]]></wp:meta_value>
	</wp:postmeta>
	<wp:postmeta>
		<wp:meta_key>_dt_slideshow_photo_scroller_ls_fill_dt</wp:meta_key>
		<wp:meta_value><![CDATA[fit]]></wp:meta_value>
	</wp:postmeta>
	<wp:postmeta>
		<wp:meta_key>_dt_slideshow_photo_scroller_ls_fill_mob</wp:meta_key>
		<wp:meta_value><![CDATA[fit]]></wp:meta_value>
	</wp:postmeta>
	<wp:postmeta>
		<wp:meta_key>_dt_slideshow_photo_scroller_pt_max_width</wp:meta_key>
		<wp:meta_value><![CDATA[100]]></wp:meta_value>
	</wp:postmeta>
	<wp:postmeta>
		<wp:meta_key>_dt_slideshow_photo_scroller_pt_min_width</wp:meta_key>
		<wp:meta_value><![CDATA[0]]></wp:meta_value>
	</wp:postmeta>
	<wp:postmeta>
		<wp:meta_key>_dt_slideshow_photo_scroller_pt_fill_dt</wp:meta_key>
		<wp:meta_value><![CDATA[fit]]></wp:meta_value>
	</wp:postmeta>
	<wp:postmeta>
		<wp:meta_key>_dt_slideshow_photo_scroller_pt_fill_mob</wp:meta_key>
		<wp:meta_value><![CDATA[fit]]></wp:meta_value>
	</wp:postmeta>
	<wp:postmeta>
		<wp:meta_key>_dt_slideshow_revolution_slider</wp:meta_key>
		<wp:meta_value><![CDATA[the7-coming-soon-slider]]></wp:meta_value>
	</wp:postmeta>
	<wp:postmeta>
		<wp:meta_key>_dt_slideshow_layer_slider</wp:meta_key>
		<wp:meta_value><![CDATA[none]]></wp:meta_value>
	</wp:postmeta>
	<wp:postmeta>
		<wp:meta_key>_dt_slideshow_layer_show_bg_and_paddings</wp:meta_key>
		<wp:meta_value><![CDATA[0]]></wp:meta_value>
	</wp:postmeta>
	<wp:postmeta>
		<wp:meta_key>_dt_microsite_page_layout</wp:meta_key>
		<wp:meta_value><![CDATA[wide]]></wp:meta_value>
	</wp:postmeta>
	<wp:postmeta>
		<wp:meta_key>_dt_microsite_hidden_parts</wp:meta_key>
		<wp:meta_value><![CDATA[header]]></wp:meta_value>
	</wp:postmeta>
	<wp:postmeta>
		<wp:meta_key>_dt_microsite_hidden_parts</wp:meta_key>
		<wp:meta_value><![CDATA[floating_menu]]></wp:meta_value>
	</wp:postmeta>
	<wp:postmeta>
		<wp:meta_key>_dt_microsite_hidden_parts</wp:meta_key>
		<wp:meta_value><![CDATA[bottom_bar]]></wp:meta_value>
	</wp:postmeta>
	<wp:postmeta>
		<wp:meta_key>_dt_microsite_page_loading</wp:meta_key>
		<wp:meta_value><![CDATA[enabled]]></wp:meta_value>
	</wp:postmeta>
	<wp:postmeta>
		<wp:meta_key>_dt_page_overrides_top_margin</wp:meta_key>
		<wp:meta_value><![CDATA[0px]]></wp:meta_value>
	</wp:postmeta>
	<wp:postmeta>
		<wp:meta_key>_dt_page_overrides_bottom_margin</wp:meta_key>
		<wp:meta_value><![CDATA[0px]]></wp:meta_value>
	</wp:postmeta>
	<wp:postmeta>
		<wp:meta_key>_dt_microsite_favicon_type</wp:meta_key>
		<wp:meta_value><![CDATA[default]]></wp:meta_value>
	</wp:postmeta>
	<wp:postmeta>
		<wp:meta_key>_dt_header_transparent_top_bar_bg_color</wp:meta_key>
		<wp:meta_value><![CDATA[]]></wp:meta_value>
	</wp:postmeta>
	<wp:postmeta>
		<wp:meta_key>_dt_header_transparent_top_bar_bg_opacity</wp:meta_key>
		<wp:meta_value><![CDATA[0]]></wp:meta_value>
	</wp:postmeta>
	<wp:postmeta>
		<wp:meta_key>_dt_slideshow_photo_scroller_thumbnails_width</wp:meta_key>
		<wp:meta_value><![CDATA[]]></wp:meta_value>
	</wp:postmeta>
	<wp:postmeta>
		<wp:meta_key>fake_id</wp:meta_key>
		<wp:meta_value><![CDATA[]]></wp:meta_value>
	</wp:postmeta>
	<wp:postmeta>
		<wp:meta_key>the7_exporter_post_resources</wp:meta_key>
		<wp:meta_value><![CDATA[a:0:{}]]></wp:meta_value>
	</wp:postmeta>
	<wp:postmeta>
		<wp:meta_key>the7_fancy_title_css</wp:meta_key>
		<wp:meta_value><![CDATA[#main {
  padding-top: 0px;
  padding-bottom: 0px;
}
@media screen and (max-width: 778px) {
  #main {
    padding-top: 0px;
    padding-bottom: 0px;
  }
}
]]></wp:meta_value>
	</wp:postmeta>
	<wp:postmeta>
		<wp:meta_key>_dt_mobile_page_padding_bottom</wp:meta_key>
		<wp:meta_value><![CDATA[0px]]></wp:meta_value>
	</wp:postmeta>
	<wp:postmeta>
		<wp:meta_key>_dt_mobile_page_padding_top</wp:meta_key>
		<wp:meta_value><![CDATA[0px]]></wp:meta_value>
	</wp:postmeta>
	<wp:postmeta>
		<wp:meta_key>_dt_microsite_primary_menu</wp:meta_key>
		<wp:meta_value><![CDATA[]]></wp:meta_value>
	</wp:postmeta>
	<wp:postmeta>
		<wp:meta_key>_dt_microsite_split_left_menu</wp:meta_key>
		<wp:meta_value><![CDATA[]]></wp:meta_value>
	</wp:postmeta>
	<wp:postmeta>
		<wp:meta_key>_dt_microsite_split_right_menu</wp:meta_key>
		<wp:meta_value><![CDATA[]]></wp:meta_value>
	</wp:postmeta>
	<wp:postmeta>
		<wp:meta_key>_dt_microsite_mobile_menu</wp:meta_key>
		<wp:meta_value><![CDATA[]]></wp:meta_value>
	</wp:postmeta>
	<wp:postmeta>
		<wp:meta_key>_dt_microsite_logo_link</wp:meta_key>
		<wp:meta_value><![CDATA[]]></wp:meta_value>
	</wp:postmeta>
	<wp:postmeta>
		<wp:meta_key>main_logo_heading</wp:meta_key>
		<wp:meta_value><![CDATA[]]></wp:meta_value>
	</wp:postmeta>
	<wp:postmeta>
		<wp:meta_key>_dt_microsite_main_logo_type</wp:meta_key>
		<wp:meta_value><![CDATA[default]]></wp:meta_value>
	</wp:postmeta>
	<wp:postmeta>
		<wp:meta_key>_dt_microsite_main_logo_regular</wp:meta_key>
		<wp:meta_value><![CDATA[a:0:{}]]></wp:meta_value>
	</wp:postmeta>
	<wp:postmeta>
		<wp:meta_key>_dt_microsite_main_logo_hd</wp:meta_key>
		<wp:meta_value><![CDATA[a:0:{}]]></wp:meta_value>
	</wp:postmeta>
	<wp:postmeta>
		<wp:meta_key>transparent_logo_heading</wp:meta_key>
		<wp:meta_value><![CDATA[]]></wp:meta_value>
	</wp:postmeta>
	<wp:postmeta>
		<wp:meta_key>_dt_microsite_transparent_logo_type</wp:meta_key>
		<wp:meta_value><![CDATA[default]]></wp:meta_value>
	</wp:postmeta>
	<wp:postmeta>
		<wp:meta_key>_dt_microsite_transparent_logo_regular</wp:meta_key>
		<wp:meta_value><![CDATA[a:0:{}]]></wp:meta_value>
	</wp:postmeta>
	<wp:postmeta>
		<wp:meta_key>_dt_microsite_transparent_logo_hd</wp:meta_key>
		<wp:meta_value><![CDATA[a:0:{}]]></wp:meta_value>
	</wp:postmeta>
	<wp:postmeta>
		<wp:meta_key>_dt_microsite_mixed_logo_type</wp:meta_key>
		<wp:meta_value><![CDATA[default]]></wp:meta_value>
	</wp:postmeta>
	<wp:postmeta>
		<wp:meta_key>_dt_microsite_mixed_logo_regular</wp:meta_key>
		<wp:meta_value><![CDATA[a:0:{}]]></wp:meta_value>
	</wp:postmeta>
	<wp:postmeta>
		<wp:meta_key>_dt_microsite_mixed_logo_hd</wp:meta_key>
		<wp:meta_value><![CDATA[a:0:{}]]></wp:meta_value>
	</wp:postmeta>
	<wp:postmeta>
		<wp:meta_key>floating_logo_heading</wp:meta_key>
		<wp:meta_value><![CDATA[]]></wp:meta_value>
	</wp:postmeta>
	<wp:postmeta>
		<wp:meta_key>_dt_microsite_floating_logo_type</wp:meta_key>
		<wp:meta_value><![CDATA[default]]></wp:meta_value>
	</wp:postmeta>
	<wp:postmeta>
		<wp:meta_key>_dt_microsite_floating_logo_regular</wp:meta_key>
		<wp:meta_value><![CDATA[a:0:{}]]></wp:meta_value>
	</wp:postmeta>
	<wp:postmeta>
		<wp:meta_key>_dt_microsite_floating_logo_hd</wp:meta_key>
		<wp:meta_value><![CDATA[a:0:{}]]></wp:meta_value>
	</wp:postmeta>
	<wp:postmeta>
		<wp:meta_key>_dt_microsite_mobile_logo_type</wp:meta_key>
		<wp:meta_value><![CDATA[default]]></wp:meta_value>
	</wp:postmeta>
	<wp:postmeta>
		<wp:meta_key>_dt_microsite_mobile_logo_regular</wp:meta_key>
		<wp:meta_value><![CDATA[a:0:{}]]></wp:meta_value>
	</wp:postmeta>
	<wp:postmeta>
		<wp:meta_key>_dt_microsite_mobile_logo_hd</wp:meta_key>
		<wp:meta_value><![CDATA[a:0:{}]]></wp:meta_value>
	</wp:postmeta>
	<wp:postmeta>
		<wp:meta_key>_dt_microsite_transparent_mobile_logo_type</wp:meta_key>
		<wp:meta_value><![CDATA[default]]></wp:meta_value>
	</wp:postmeta>
	<wp:postmeta>
		<wp:meta_key>_dt_microsite_transparent_mobile_logo_regular</wp:meta_key>
		<wp:meta_value><![CDATA[a:0:{}]]></wp:meta_value>
	</wp:postmeta>
	<wp:postmeta>
		<wp:meta_key>_dt_microsite_transparent_mobile_logo_hd</wp:meta_key>
		<wp:meta_value><![CDATA[a:0:{}]]></wp:meta_value>
	</wp:postmeta>
	<wp:postmeta>
		<wp:meta_key>bottom_logo_heading</wp:meta_key>
		<wp:meta_value><![CDATA[]]></wp:meta_value>
	</wp:postmeta>
	<wp:postmeta>
		<wp:meta_key>_dt_microsite_bottom_logo_type</wp:meta_key>
		<wp:meta_value><![CDATA[default]]></wp:meta_value>
	</wp:postmeta>
	<wp:postmeta>
		<wp:meta_key>_dt_microsite_bottom_logo_regular</wp:meta_key>
		<wp:meta_value><![CDATA[a:0:{}]]></wp:meta_value>
	</wp:postmeta>
	<wp:postmeta>
		<wp:meta_key>_dt_microsite_bottom_logo_hd</wp:meta_key>
		<wp:meta_value><![CDATA[a:0:{}]]></wp:meta_value>
	</wp:postmeta>
	<wp:postmeta>
		<wp:meta_key>favicon_heading</wp:meta_key>
		<wp:meta_value><![CDATA[]]></wp:meta_value>
	</wp:postmeta>
	<wp:postmeta>
		<wp:meta_key>_dt_microsite_favicon</wp:meta_key>
		<wp:meta_value><![CDATA[a:0:{}]]></wp:meta_value>
	</wp:postmeta>
</item>
<item>
	<title>the7-new-fav1</title>
	<link>https://the7.io/coming-soon-02/the7-new-fav1/</link>
	<pubDate>Thu, 15 Dec 2016 19:47:23 +0000</pubDate>
	<dc:creator><![CDATA[admin]]></dc:creator>
	<guid isPermaLink="false">https://the7.io/coming-soon-02/wp-content/uploads/sites/35/2016/12/the7-new-fav1.gif</guid>
	<description></description>
	<content:encoded><![CDATA[]]></content:encoded>
	<excerpt:encoded><![CDATA[]]></excerpt:encoded>
	<wp:post_id>26</wp:post_id>
	<wp:post_date>2016-12-15 19:47:23</wp:post_date>
	<wp:post_date_gmt>2016-12-15 19:47:23</wp:post_date_gmt>
	<wp:comment_status>open</wp:comment_status>
	<wp:ping_status>closed</wp:ping_status>
	<wp:post_name>the7-new-fav1</wp:post_name>
	<wp:status>inherit</wp:status>
	<wp:post_parent>0</wp:post_parent>
	<wp:menu_order>0</wp:menu_order>
	<wp:post_type>attachment</wp:post_type>
	<wp:post_password></wp:post_password>
	<wp:is_sticky>0</wp:is_sticky>
	<wp:attachment_url>https://the7.io/coming-soon-02/wp-content/uploads/sites/35/2016/12/the7-new-fav1.gif</wp:attachment_url>
	<wp:postmeta>
		<wp:meta_key>_wp_attached_file</wp:meta_key>
		<wp:meta_value><![CDATA[2016/12/the7-new-fav1.gif]]></wp:meta_value>
	</wp:postmeta>
	<wp:postmeta>
		<wp:meta_key>_wp_attachment_metadata</wp:meta_key>
		<wp:meta_value><![CDATA[a:5:{s:5:"width";i:16;s:6:"height";i:16;s:4:"file";s:25:"2016/12/the7-new-fav1.gif";s:5:"sizes";a:0:{}s:10:"image_meta";a:12:{s:8:"aperture";s:1:"0";s:6:"credit";s:0:"";s:6:"camera";s:0:"";s:7:"caption";s:0:"";s:17:"created_timestamp";s:1:"0";s:9:"copyright";s:0:"";s:12:"focal_length";s:1:"0";s:3:"iso";s:1:"0";s:13:"shutter_speed";s:1:"0";s:5:"title";s:0:"";s:11:"orientation";s:1:"0";s:8:"keywords";a:0:{}}}]]></wp:meta_value>
	</wp:postmeta>
</item>
<item>
	<title></title>
	<link>https://the7.io/coming-soon-02/mc4wp-form/14/</link>
	<pubDate>Wed, 14 Dec 2016 16:29:20 +0000</pubDate>
	<dc:creator><![CDATA[admin]]></dc:creator>
	<guid isPermaLink="false">https://the7.io/coming-soon-02/mc4wp-form/14/</guid>
	<description></description>
	<content:encoded><![CDATA[<span style="padding-right:5px;"><input type="email" name="EMAIL" placeholder="Your Email Address" required /></span>
<input type="submit" value="Notify Me!" />]]></content:encoded>
	<excerpt:encoded><![CDATA[]]></excerpt:encoded>
	<wp:post_id>14</wp:post_id>
	<wp:post_date>2016-12-14 16:29:20</wp:post_date>
	<wp:post_date_gmt>2016-12-14 16:29:20</wp:post_date_gmt>
	<wp:comment_status>closed</wp:comment_status>
	<wp:ping_status>closed</wp:ping_status>
	<wp:post_name>14</wp:post_name>
	<wp:status>publish</wp:status>
	<wp:post_parent>0</wp:post_parent>
	<wp:menu_order>0</wp:menu_order>
	<wp:post_type>mc4wp-form</wp:post_type>
	<wp:post_password></wp:post_password>
	<wp:is_sticky>0</wp:is_sticky>
	<wp:postmeta>
		<wp:meta_key>_vc_post_settings</wp:meta_key>
		<wp:meta_value><![CDATA[a:1:{s:10:"vc_grid_id";a:0:{}}]]></wp:meta_value>
	</wp:postmeta>
	<wp:postmeta>
		<wp:meta_key>_mc4wp_settings</wp:meta_key>
		<wp:meta_value><![CDATA[a:8:{s:5:"lists";a:1:{i:0;s:10:"47e7ce182e";}s:15:"required_fields";s:5:"EMAIL";s:12:"double_optin";s:1:"1";s:15:"update_existing";s:1:"0";s:17:"replace_interests";s:1:"1";s:18:"hide_after_success";s:1:"0";s:8:"redirect";s:0:"";s:3:"css";s:1:"0";}]]></wp:meta_value>
	</wp:postmeta>
	<wp:postmeta>
		<wp:meta_key>text_subscribed</wp:meta_key>
		<wp:meta_value><![CDATA[Thank you! Please check your email inbox to confirm.]]></wp:meta_value>
	</wp:postmeta>
	<wp:postmeta>
		<wp:meta_key>text_invalid_email</wp:meta_key>
		<wp:meta_value><![CDATA[Please provide a valid email address.]]></wp:meta_value>
	</wp:postmeta>
	<wp:postmeta>
		<wp:meta_key>text_required_field_missing</wp:meta_key>
		<wp:meta_value><![CDATA[Please fill in the required fields.]]></wp:meta_value>
	</wp:postmeta>
	<wp:postmeta>
		<wp:meta_key>text_already_subscribed</wp:meta_key>
		<wp:meta_value><![CDATA[Given email address is already subscribed, thank you!]]></wp:meta_value>
	</wp:postmeta>
	<wp:postmeta>
		<wp:meta_key>text_error</wp:meta_key>
		<wp:meta_value><![CDATA[Oops. Something went wrong. Please try again later.]]></wp:meta_value>
	</wp:postmeta>
	<wp:postmeta>
		<wp:meta_key>text_unsubscribed</wp:meta_key>
		<wp:meta_value><![CDATA[You were successfully unsubscribed.]]></wp:meta_value>
	</wp:postmeta>
	<wp:postmeta>
		<wp:meta_key>text_not_subscribed</wp:meta_key>
		<wp:meta_value><![CDATA[Given email address is not subscribed.]]></wp:meta_value>
	</wp:postmeta>
	<wp:postmeta>
		<wp:meta_key>text_no_lists_selected</wp:meta_key>
		<wp:meta_value><![CDATA[Please select at least one list.]]></wp:meta_value>
	</wp:postmeta>
	<wp:postmeta>
		<wp:meta_key>text_updated</wp:meta_key>
		<wp:meta_value><![CDATA[Thank you, your records have been updated!]]></wp:meta_value>
	</wp:postmeta>
</item>
<item>
	<title>the7-new-fav-hd1</title>
	<link>https://the7.io/coming-soon-02/the7-new-fav-hd1/</link>
	<pubDate>Thu, 15 Dec 2016 19:47:22 +0000</pubDate>
	<dc:creator><![CDATA[admin]]></dc:creator>
	<guid isPermaLink="false">https://the7.io/coming-soon-02/wp-content/uploads/sites/35/2016/12/the7-new-fav-hd1.gif</guid>
	<description></description>
	<content:encoded><![CDATA[]]></content:encoded>
	<excerpt:encoded><![CDATA[]]></excerpt:encoded>
	<wp:post_id>25</wp:post_id>
	<wp:post_date>2016-12-15 19:47:22</wp:post_date>
	<wp:post_date_gmt>2016-12-15 19:47:22</wp:post_date_gmt>
	<wp:comment_status>open</wp:comment_status>
	<wp:ping_status>closed</wp:ping_status>
	<wp:post_name>the7-new-fav-hd1</wp:post_name>
	<wp:status>inherit</wp:status>
	<wp:post_parent>0</wp:post_parent>
	<wp:menu_order>0</wp:menu_order>
	<wp:post_type>attachment</wp:post_type>
	<wp:post_password></wp:post_password>
	<wp:is_sticky>0</wp:is_sticky>
	<wp:attachment_url>https://the7.io/coming-soon-02/wp-content/uploads/sites/35/2016/12/the7-new-fav-hd1.gif</wp:attachment_url>
	<wp:postmeta>
		<wp:meta_key>_wp_attached_file</wp:meta_key>
		<wp:meta_value><![CDATA[2016/12/the7-new-fav-hd1.gif]]></wp:meta_value>
	</wp:postmeta>
	<wp:postmeta>
		<wp:meta_key>_wp_attachment_metadata</wp:meta_key>
		<wp:meta_value><![CDATA[a:5:{s:5:"width";i:32;s:6:"height";i:32;s:4:"file";s:28:"2016/12/the7-new-fav-hd1.gif";s:5:"sizes";a:0:{}s:10:"image_meta";a:12:{s:8:"aperture";s:1:"0";s:6:"credit";s:0:"";s:6:"camera";s:0:"";s:7:"caption";s:0:"";s:17:"created_timestamp";s:1:"0";s:9:"copyright";s:0:"";s:12:"focal_length";s:1:"0";s:3:"iso";s:1:"0";s:13:"shutter_speed";s:1:"0";s:5:"title";s:0:"";s:11:"orientation";s:1:"0";s:8:"keywords";a:0:{}}}]]></wp:meta_value>
	</wp:postmeta>
</item>
<item>
	<title>log0-coming-soon-rev</title>
	<link>https://the7.io/coming-soon-02/log0-coming-soon-rev/</link>
	<pubDate>Wed, 14 Dec 2016 14:12:25 +0000</pubDate>
	<dc:creator><![CDATA[admin]]></dc:creator>
	<guid isPermaLink="false">https://the7.io/coming-soon-02/wp-content/uploads/sites/35/2016/12/log0-coming-soon-rev.png</guid>
	<description></description>
	<content:encoded><![CDATA[]]></content:encoded>
	<excerpt:encoded><![CDATA[]]></excerpt:encoded>
	<wp:post_id>16</wp:post_id>
	<wp:post_date>2016-12-14 14:12:25</wp:post_date>
	<wp:post_date_gmt>2016-12-14 14:12:25</wp:post_date_gmt>
	<wp:comment_status>open</wp:comment_status>
	<wp:ping_status>closed</wp:ping_status>
	<wp:post_name>log0-coming-soon-rev</wp:post_name>
	<wp:status>inherit</wp:status>
	<wp:post_parent>0</wp:post_parent>
	<wp:menu_order>0</wp:menu_order>
	<wp:post_type>attachment</wp:post_type>
	<wp:post_password></wp:post_password>
	<wp:is_sticky>0</wp:is_sticky>
	<wp:attachment_url>https://the7.io/coming-soon-02/wp-content/uploads/sites/35/2016/12/log0-coming-soon-rev.png</wp:attachment_url>
	<wp:postmeta>
		<wp:meta_key>_wp_attached_file</wp:meta_key>
		<wp:meta_value><![CDATA[2016/12/log0-coming-soon-rev.png]]></wp:meta_value>
	</wp:postmeta>
	<wp:postmeta>
		<wp:meta_key>_wp_attachment_metadata</wp:meta_key>
		<wp:meta_value><![CDATA[a:5:{s:5:"width";i:53;s:6:"height";i:53;s:4:"file";s:32:"2016/12/log0-coming-soon-rev.png";s:5:"sizes";a:0:{}s:10:"image_meta";a:12:{s:8:"aperture";s:1:"0";s:6:"credit";s:0:"";s:6:"camera";s:0:"";s:7:"caption";s:0:"";s:17:"created_timestamp";s:1:"0";s:9:"copyright";s:0:"";s:12:"focal_length";s:1:"0";s:3:"iso";s:1:"0";s:13:"shutter_speed";s:1:"0";s:5:"title";s:0:"";s:11:"orientation";s:1:"0";s:8:"keywords";a:0:{}}}]]></wp:meta_value>
	</wp:postmeta>
</item>
<item>
	<title>bg-s-c-008</title>
	<link>https://the7.io/coming-soon-02/bg-s-c-008/</link>
	<pubDate>Wed, 14 Dec 2016 16:20:52 +0000</pubDate>
	<dc:creator><![CDATA[admin]]></dc:creator>
	<guid isPermaLink="false">https://the7.io/coming-soon-02/wp-content/uploads/sites/35/2016/12/bg-s-c-008.jpg</guid>
	<description></description>
	<content:encoded><![CDATA[]]></content:encoded>
	<excerpt:encoded><![CDATA[]]></excerpt:encoded>
	<wp:post_id>24</wp:post_id>
	<wp:post_date>2016-12-14 16:20:52</wp:post_date>
	<wp:post_date_gmt>2016-12-14 16:20:52</wp:post_date_gmt>
	<wp:comment_status>open</wp:comment_status>
	<wp:ping_status>closed</wp:ping_status>
	<wp:post_name>bg-s-c-008</wp:post_name>
	<wp:status>inherit</wp:status>
	<wp:post_parent>0</wp:post_parent>
	<wp:menu_order>0</wp:menu_order>
	<wp:post_type>attachment</wp:post_type>
	<wp:post_password></wp:post_password>
	<wp:is_sticky>0</wp:is_sticky>
	<wp:attachment_url>https://the7.io/coming-soon-02/wp-content/uploads/sites/35/2016/12/bg-s-c-008.jpg</wp:attachment_url>
	<wp:postmeta>
		<wp:meta_key>_wp_attached_file</wp:meta_key>
		<wp:meta_value><![CDATA[2016/12/bg-s-c-008.jpg]]></wp:meta_value>
	</wp:postmeta>
	<wp:postmeta>
		<wp:meta_key>_wp_attachment_metadata</wp:meta_key>
		<wp:meta_value><![CDATA[a:5:{s:5:"width";i:1600;s:6:"height";i:1000;s:4:"file";s:22:"2016/12/bg-s-c-008.jpg";s:5:"sizes";a:4:{s:9:"thumbnail";a:4:{s:4:"file";s:22:"bg-s-c-008-150x150.jpg";s:5:"width";i:150;s:6:"height";i:150;s:9:"mime-type";s:10:"image/jpeg";}s:6:"medium";a:4:{s:4:"file";s:22:"bg-s-c-008-300x188.jpg";s:5:"width";i:300;s:6:"height";i:188;s:9:"mime-type";s:10:"image/jpeg";}s:12:"medium_large";a:4:{s:4:"file";s:22:"bg-s-c-008-768x480.jpg";s:5:"width";i:768;s:6:"height";i:480;s:9:"mime-type";s:10:"image/jpeg";}s:5:"large";a:4:{s:4:"file";s:23:"bg-s-c-008-1024x640.jpg";s:5:"width";i:1024;s:6:"height";i:640;s:9:"mime-type";s:10:"image/jpeg";}}s:10:"image_meta";a:12:{s:8:"aperture";s:1:"0";s:6:"credit";s:0:"";s:6:"camera";s:0:"";s:7:"caption";s:0:"";s:17:"created_timestamp";s:1:"0";s:9:"copyright";s:0:"";s:12:"focal_length";s:1:"0";s:3:"iso";s:1:"0";s:13:"shutter_speed";s:1:"0";s:5:"title";s:0:"";s:11:"orientation";s:1:"0";s:8:"keywords";a:0:{}}}]]></wp:meta_value>
	</wp:postmeta>
</item>
<item>
	<title>bg-s-c-003</title>
	<link>https://the7.io/coming-soon-02/bg-s-c-003/</link>
	<pubDate>Wed, 14 Dec 2016 16:16:46 +0000</pubDate>
	<dc:creator><![CDATA[admin]]></dc:creator>
	<guid isPermaLink="false">https://the7.io/coming-soon-02/wp-content/uploads/sites/35/2016/12/bg-s-c-003.jpg</guid>
	<description></description>
	<content:encoded><![CDATA[]]></content:encoded>
	<excerpt:encoded><![CDATA[]]></excerpt:encoded>
	<wp:post_id>21</wp:post_id>
	<wp:post_date>2016-12-14 16:16:46</wp:post_date>
	<wp:post_date_gmt>2016-12-14 16:16:46</wp:post_date_gmt>
	<wp:comment_status>open</wp:comment_status>
	<wp:ping_status>closed</wp:ping_status>
	<wp:post_name>bg-s-c-003</wp:post_name>
	<wp:status>inherit</wp:status>
	<wp:post_parent>0</wp:post_parent>
	<wp:menu_order>0</wp:menu_order>
	<wp:post_type>attachment</wp:post_type>
	<wp:post_password></wp:post_password>
	<wp:is_sticky>0</wp:is_sticky>
	<wp:attachment_url>https://the7.io/coming-soon-02/wp-content/uploads/sites/35/2016/12/bg-s-c-003.jpg</wp:attachment_url>
	<wp:postmeta>
		<wp:meta_key>_wp_attached_file</wp:meta_key>
		<wp:meta_value><![CDATA[2016/12/bg-s-c-003.jpg]]></wp:meta_value>
	</wp:postmeta>
	<wp:postmeta>
		<wp:meta_key>_wp_attachment_metadata</wp:meta_key>
		<wp:meta_value><![CDATA[a:5:{s:5:"width";i:1600;s:6:"height";i:1000;s:4:"file";s:22:"2016/12/bg-s-c-003.jpg";s:5:"sizes";a:4:{s:9:"thumbnail";a:4:{s:4:"file";s:22:"bg-s-c-003-150x150.jpg";s:5:"width";i:150;s:6:"height";i:150;s:9:"mime-type";s:10:"image/jpeg";}s:6:"medium";a:4:{s:4:"file";s:22:"bg-s-c-003-300x188.jpg";s:5:"width";i:300;s:6:"height";i:188;s:9:"mime-type";s:10:"image/jpeg";}s:12:"medium_large";a:4:{s:4:"file";s:22:"bg-s-c-003-768x480.jpg";s:5:"width";i:768;s:6:"height";i:480;s:9:"mime-type";s:10:"image/jpeg";}s:5:"large";a:4:{s:4:"file";s:23:"bg-s-c-003-1024x640.jpg";s:5:"width";i:1024;s:6:"height";i:640;s:9:"mime-type";s:10:"image/jpeg";}}s:10:"image_meta";a:12:{s:8:"aperture";s:1:"0";s:6:"credit";s:0:"";s:6:"camera";s:0:"";s:7:"caption";s:0:"";s:17:"created_timestamp";s:1:"0";s:9:"copyright";s:0:"";s:12:"focal_length";s:1:"0";s:3:"iso";s:1:"0";s:13:"shutter_speed";s:1:"0";s:5:"title";s:0:"";s:11:"orientation";s:1:"0";s:8:"keywords";a:0:{}}}]]></wp:meta_value>
	</wp:postmeta>
</item>
<item>
	<title>bg-s-c-002</title>
	<link>https://the7.io/coming-soon-02/bg-s-c-002/</link>
	<pubDate>Wed, 14 Dec 2016 16:16:47 +0000</pubDate>
	<dc:creator><![CDATA[admin]]></dc:creator>
	<guid isPermaLink="false">https://the7.io/coming-soon-02/wp-content/uploads/sites/35/2016/12/bg-s-c-002.jpg</guid>
	<description></description>
	<content:encoded><![CDATA[]]></content:encoded>
	<excerpt:encoded><![CDATA[]]></excerpt:encoded>
	<wp:post_id>22</wp:post_id>
	<wp:post_date>2016-12-14 16:16:47</wp:post_date>
	<wp:post_date_gmt>2016-12-14 16:16:47</wp:post_date_gmt>
	<wp:comment_status>open</wp:comment_status>
	<wp:ping_status>closed</wp:ping_status>
	<wp:post_name>bg-s-c-002</wp:post_name>
	<wp:status>inherit</wp:status>
	<wp:post_parent>0</wp:post_parent>
	<wp:menu_order>0</wp:menu_order>
	<wp:post_type>attachment</wp:post_type>
	<wp:post_password></wp:post_password>
	<wp:is_sticky>0</wp:is_sticky>
	<wp:attachment_url>https://the7.io/coming-soon-02/wp-content/uploads/sites/35/2016/12/bg-s-c-002.jpg</wp:attachment_url>
	<wp:postmeta>
		<wp:meta_key>_wp_attached_file</wp:meta_key>
		<wp:meta_value><![CDATA[2016/12/bg-s-c-002.jpg]]></wp:meta_value>
	</wp:postmeta>
	<wp:postmeta>
		<wp:meta_key>_wp_attachment_metadata</wp:meta_key>
		<wp:meta_value><![CDATA[a:5:{s:5:"width";i:1600;s:6:"height";i:1000;s:4:"file";s:22:"2016/12/bg-s-c-002.jpg";s:5:"sizes";a:4:{s:9:"thumbnail";a:4:{s:4:"file";s:22:"bg-s-c-002-150x150.jpg";s:5:"width";i:150;s:6:"height";i:150;s:9:"mime-type";s:10:"image/jpeg";}s:6:"medium";a:4:{s:4:"file";s:22:"bg-s-c-002-300x188.jpg";s:5:"width";i:300;s:6:"height";i:188;s:9:"mime-type";s:10:"image/jpeg";}s:12:"medium_large";a:4:{s:4:"file";s:22:"bg-s-c-002-768x480.jpg";s:5:"width";i:768;s:6:"height";i:480;s:9:"mime-type";s:10:"image/jpeg";}s:5:"large";a:4:{s:4:"file";s:23:"bg-s-c-002-1024x640.jpg";s:5:"width";i:1024;s:6:"height";i:640;s:9:"mime-type";s:10:"image/jpeg";}}s:10:"image_meta";a:12:{s:8:"aperture";s:1:"0";s:6:"credit";s:0:"";s:6:"camera";s:0:"";s:7:"caption";s:0:"";s:17:"created_timestamp";s:1:"0";s:9:"copyright";s:0:"";s:12:"focal_length";s:1:"0";s:3:"iso";s:1:"0";s:13:"shutter_speed";s:1:"0";s:5:"title";s:0:"";s:11:"orientation";s:1:"0";s:8:"keywords";a:0:{}}}]]></wp:meta_value>
	</wp:postmeta>
</item>
<item>
	<title>bg-s-c-001</title>
	<link>https://the7.io/coming-soon-02/bg-s-c-001/</link>
	<pubDate>Wed, 14 Dec 2016 16:16:49 +0000</pubDate>
	<dc:creator><![CDATA[admin]]></dc:creator>
	<guid isPermaLink="false">https://the7.io/coming-soon-02/wp-content/uploads/sites/35/2016/12/bg-s-c-001.jpg</guid>
	<description></description>
	<content:encoded><![CDATA[]]></content:encoded>
	<excerpt:encoded><![CDATA[]]></excerpt:encoded>
	<wp:post_id>23</wp:post_id>
	<wp:post_date>2016-12-14 16:16:49</wp:post_date>
	<wp:post_date_gmt>2016-12-14 16:16:49</wp:post_date_gmt>
	<wp:comment_status>open</wp:comment_status>
	<wp:ping_status>closed</wp:ping_status>
	<wp:post_name>bg-s-c-001</wp:post_name>
	<wp:status>inherit</wp:status>
	<wp:post_parent>0</wp:post_parent>
	<wp:menu_order>0</wp:menu_order>
	<wp:post_type>attachment</wp:post_type>
	<wp:post_password></wp:post_password>
	<wp:is_sticky>0</wp:is_sticky>
	<wp:attachment_url>https://the7.io/coming-soon-02/wp-content/uploads/sites/35/2016/12/bg-s-c-001.jpg</wp:attachment_url>
	<wp:postmeta>
		<wp:meta_key>_wp_attached_file</wp:meta_key>
		<wp:meta_value><![CDATA[2016/12/bg-s-c-001.jpg]]></wp:meta_value>
	</wp:postmeta>
	<wp:postmeta>
		<wp:meta_key>_wp_attachment_metadata</wp:meta_key>
		<wp:meta_value><![CDATA[a:5:{s:5:"width";i:1600;s:6:"height";i:1000;s:4:"file";s:22:"2016/12/bg-s-c-001.jpg";s:5:"sizes";a:4:{s:9:"thumbnail";a:4:{s:4:"file";s:22:"bg-s-c-001-150x150.jpg";s:5:"width";i:150;s:6:"height";i:150;s:9:"mime-type";s:10:"image/jpeg";}s:6:"medium";a:4:{s:4:"file";s:22:"bg-s-c-001-300x188.jpg";s:5:"width";i:300;s:6:"height";i:188;s:9:"mime-type";s:10:"image/jpeg";}s:12:"medium_large";a:4:{s:4:"file";s:22:"bg-s-c-001-768x480.jpg";s:5:"width";i:768;s:6:"height";i:480;s:9:"mime-type";s:10:"image/jpeg";}s:5:"large";a:4:{s:4:"file";s:23:"bg-s-c-001-1024x640.jpg";s:5:"width";i:1024;s:6:"height";i:640;s:9:"mime-type";s:10:"image/jpeg";}}s:10:"image_meta";a:12:{s:8:"aperture";s:1:"0";s:6:"credit";s:0:"";s:6:"camera";s:0:"";s:7:"caption";s:0:"";s:17:"created_timestamp";s:1:"0";s:9:"copyright";s:0:"";s:12:"focal_length";s:1:"0";s:3:"iso";s:1:"0";s:13:"shutter_speed";s:1:"0";s:5:"title";s:0:"";s:11:"orientation";s:1:"0";s:8:"keywords";a:0:{}}}]]></wp:meta_value>
	</wp:postmeta>
</item>
<item>
	<title>woocommerce-placeholder</title>
	<link>https://the7.io/coming-soon-02/woocommerce-placeholder/</link>
	<pubDate>Tue, 04 Feb 2020 08:45:01 +0000</pubDate>
	<dc:creator><![CDATA[]]></dc:creator>
	<guid isPermaLink="false">https://the7.io/coming-soon-02/wp-content/uploads/sites/35/2020/02/woocommerce-placeholder.png</guid>
	<description></description>
	<content:encoded><![CDATA[]]></content:encoded>
	<excerpt:encoded><![CDATA[]]></excerpt:encoded>
	<wp:post_id>31</wp:post_id>
	<wp:post_date>2020-02-04 08:45:01</wp:post_date>
	<wp:post_date_gmt>2020-02-04 08:45:01</wp:post_date_gmt>
	<wp:comment_status>closed</wp:comment_status>
	<wp:ping_status>closed</wp:ping_status>
	<wp:post_name>woocommerce-placeholder</wp:post_name>
	<wp:status>inherit</wp:status>
	<wp:post_parent>0</wp:post_parent>
	<wp:menu_order>0</wp:menu_order>
	<wp:post_type>attachment</wp:post_type>
	<wp:post_password></wp:post_password>
	<wp:is_sticky>0</wp:is_sticky>
	<wp:attachment_url>https://the7.io/coming-soon-02/wp-content/uploads/sites/35/woocommerce-placeholder.png</wp:attachment_url>
	<wp:postmeta>
		<wp:meta_key>_wp_attachment_metadata</wp:meta_key>
		<wp:meta_value><![CDATA[a:5:{s:5:"width";i:1200;s:6:"height";i:1200;s:4:"file";s:27:"woocommerce-placeholder.png";s:5:"sizes";a:5:{s:6:"medium";a:4:{s:4:"file";s:35:"woocommerce-placeholder-300x300.png";s:5:"width";i:300;s:6:"height";i:300;s:9:"mime-type";s:9:"image/png";}s:5:"large";a:4:{s:4:"file";s:37:"woocommerce-placeholder-1024x1024.png";s:5:"width";i:1024;s:6:"height";i:1024;s:9:"mime-type";s:9:"image/png";}s:9:"thumbnail";a:4:{s:4:"file";s:35:"woocommerce-placeholder-150x150.png";s:5:"width";i:150;s:6:"height";i:150;s:9:"mime-type";s:9:"image/png";}s:12:"medium_large";a:4:{s:4:"file";s:35:"woocommerce-placeholder-768x768.png";s:5:"width";i:768;s:6:"height";i:768;s:9:"mime-type";s:9:"image/png";}s:28:"the7_mphb_gallery_image_size";a:4:{s:4:"file";s:35:"woocommerce-placeholder-200x125.png";s:5:"width";i:200;s:6:"height";i:125;s:9:"mime-type";s:9:"image/png";}}s:10:"image_meta";a:12:{s:8:"aperture";s:1:"0";s:6:"credit";s:0:"";s:6:"camera";s:0:"";s:7:"caption";s:0:"";s:17:"created_timestamp";s:1:"0";s:9:"copyright";s:0:"";s:12:"focal_length";s:1:"0";s:3:"iso";s:1:"0";s:13:"shutter_speed";s:1:"0";s:5:"title";s:0:"";s:11:"orientation";s:1:"0";s:8:"keywords";a:0:{}}}]]></wp:meta_value>
	</wp:postmeta>
	<wp:postmeta>
		<wp:meta_key>_wp_attached_file</wp:meta_key>
		<wp:meta_value><![CDATA[woocommerce-placeholder.png]]></wp:meta_value>
	</wp:postmeta>
</item>
</channel>
</rss>
	