{"schema":{"folders":{"ultimate_icon_fonts":"Ultimate_VC_Addons\/icon-fonts"}},"theme_options":{"advanced-normalize_resize_on_mobile":"1","advanced-speed_img_resize":"0","blog-fancy_date-style":"circle","blog-thumbnail_proportions":{"width":2,"height":1},"blog-thumbnail_size":"resize","bottom_bar-bg_color":"rgba(255,255,255,0.13)","bottom_bar-bg_image":{"image":"","repeat":"repeat","position_x":"center","position_y":"top"},"bottom_bar-bg_opacity":13,"bottom_bar-color":"#ffffff","bottom_bar-copyrights":"","bottom_bar-credits":"1","bottom_bar-enabled":"1","bottom_bar-logo-padding":"8px 12px 8px 0px","bottom_bar-logo-padding-bottom":8,"bottom_bar-logo-padding-left":0,"bottom_bar-logo-padding-right":12,"bottom_bar-logo-padding-top":8,"bottom_bar-logo_hd":["\/inc\/presets\/images\/full\/skin11r.bottom-bar-logo-hd.png?w=56&h=56",0],"bottom_bar-logo_regular":["\/inc\/presets\/images\/full\/skin11r.bottom-bar-logo-regular.png?w=28&h=28",0],"bottom_bar-style":"content_width_line","bottom_bar-text":"","breadcrumbs-typography":{"font_family":"Open Sans","font_size":13,"line_height":25,"text_transform":"none"},"breadcrumbs_bg_color":"rgba(255,255,255,0.2)","breadcrumbs_border_color":"rgba(255,255,255,0.5)","breadcrumbs_border_radius":"2px","breadcrumbs_border_width":"0px","breadcrumbs_margin":"0px 0px 0px 0px","breadcrumbs_padding":"0px 0px 0px 0px","buttons-border-color":"#ffffff","buttons-border-color_mode":"accent","buttons-color":"#81d742","buttons-color_gradient":"135deg|#13aa4a 30%|#84df31 100%","buttons-color_mode":"accent","buttons-hover-border-color":"#ffffff","buttons-hover-border-color_mode":"accent","buttons-hover_color":"#81d742","buttons-hover_color_gradient":"135deg|#119fd3 30%|#24c693 100%","buttons-hover_color_mode":"gradient","buttons-l-icon-size":20,"buttons-l-typography":{"font_family":"Roboto","font_size":"20","text_transform":"none"},"buttons-l_border_radius":"4px","buttons-l_border_width":"0px","buttons-l_line_height":54,"buttons-l_padding":"18px 26px 18px 26px","buttons-m-icon-size":16,"buttons-m-typography":{"font_family":"Roboto","font_size":"16","text_transform":"none"},"buttons-m_border_radius":"3px","buttons-m_border_width":"0px","buttons-m_line_height":42,"buttons-m_padding":"13px 22px 13px 22px","buttons-s-icon-size":14,"buttons-s-typography":{"font_family":"Roboto","font_size":"13","text_transform":"none"},"buttons-s_border_radius":"3px","buttons-s_border_width":"0px","buttons-s_line_height":32,"buttons-s_padding":"10px 14px 10px 14px","buttons-text_color":"#ffffff","buttons-text_color_mode":"color","buttons-text_hover_color":"#ffffff","buttons-text_hover_color_mode":"color","content-headers_color":"#292e36","content-links_color":"#1ebbf0","content-primary_text_color":"#787d85","content-secondary_text_color":"#adb0b6","dividers-color":"rgba(173,176,182,0.3)","dividers-opacity":30,"filter-typography":{"font_family":"Roboto:700","font_size":"15","text_transform":"none"},"fonts-big_size":{"font_size":"15px","line_height":"28px"},"fonts-font_family":"Open Sans","fonts-h1-typography":{"font_family":"Roboto","text_transform":"none","responsive_font_size":{"desktop":"48px","tablet":"36px","mobile":"36px"},"responsive_line_height":{"desktop":"58px"}},"fonts-h2-typography":{"font_family":"Roboto","text_transform":"none","responsive_font_size":{"desktop":"36px"},"responsive_line_height":{"desktop":"46px"}},"fonts-h3-typography":{"font_family":"Roboto","text_transform":"none","responsive_font_size":{"desktop":"28px"},"responsive_line_height":{"desktop":"38px"}},"fonts-h4-typography":{"font_family":"Roboto","text_transform":"none","responsive_font_size":{"desktop":"20px"},"responsive_line_height":{"desktop":"32px"}},"fonts-h5-typography":{"font_family":"Roboto:700","text_transform":"none","responsive_font_size":{"desktop":"18px"},"responsive_line_height":{"desktop":"28px"}},"fonts-h6-typography":{"font_family":"Roboto:700","text_transform":"none","responsive_font_size":{"desktop":"14px"},"responsive_line_height":{"desktop":"26px"}},"fonts-normal_size":{"font_size":"14px","line_height":"26px"},"fonts-small_size":{"font_size":"13px","line_height":"25px"},"footer-bg_color":"rgba(35,38,45,1)","footer-bg_image":{"image":"","repeat":"repeat","position_x":"center","position_y":"top"},"footer-bg_opacity":100,"footer-collapse_after":"760px","footer-collapse_columns_after":"760px","footer-decoration":"none","footer-decoration_outline_color":"rgba(129,215,66,0.96)","footer-decoration_outline_opacity":96,"footer-headers_color":"#ffffff","footer-layout":"1\/3+1\/3+1\/3","footer-mobile_padding":"50px 20px 15px 20px","footer-padding":"50px 20px 15px 20px","footer-padding-bottom":15,"footer-padding-top":50,"footer-paddings-columns":"25px","footer-primary_text_color":"#ffffff","footer-slide-out-mode":"0","footer-style":"solid_background","general-accent_bg_color":"#5891e8","general-accent_bg_color_gradient":"135deg|#1ebbf0 30%|#39dfaa 100%","general-accent_color_mode":"gradient","general-album_back_button_url":"","general-album_meta_author":false,"general-album_meta_categories":"1","general-album_meta_comments":false,"general-album_meta_date":"1","general-album_meta_on":"1","general-beautiful_loading":"disabled","general-bg_color":"rgba(255,255,255,1)","general-bg_fixed":false,"general-bg_fullscreen":false,"general-bg_image":{"image":"","repeat":"repeat","position_x":"center","position_y":"top"},"general-bg_opacity":100,"general-blog_meta_author":"1","general-blog_meta_categories":"1","general-blog_meta_comments":"1","general-blog_meta_date":"1","general-blog_meta_on":"1","general-blog_meta_tags":"1","general-border_radius":"2px","general-box_width":"1280px","general-boxed_bg_color":"#f8f8f9","general-boxed_bg_fixed":"1","general-boxed_bg_fullscreen":"1","general-boxed_bg_image":{"image":"","repeat":"no-repeat","position_x":"center","position_y":"center"},"general-breadcrumbs_bg_color":"disabled","general-breadcrumbs_color":"#adb0b6","general-contact_form_style":"minimal","general-content_boxes_bg_color":"rgba(248,248,249,1)","general-content_boxes_bg_opacity":100,"general-content_boxes_decoration":"none","general-content_boxes_decoration_outline_color":"rgba(0,0,0,0)","general-content_boxes_decoration_outline_opacity":0,"general-content_width":"1190px","general-custom_css":".layzr-bg-off .layzr-bg:not(.layzr-bg-transparent) {\r\n    background-color: transparent;\r\n}\r\n#dt-btn-1,\r\n#dt-btn-2 {\r\n    margin-bottom: 0;\r\n}","general-custom_loader":"","general-favicon":"\/wp-content\/uploads\/sites\/84\/2016\/11\/the7-new-fav1.gif","general-favicon_hd":"\/wp-content\/uploads\/sites\/84\/2016\/11\/the7-new-fav-hd1.gif","general-filter-margin":"0px 15px 0px 15px","general-filter-margin-bottom":0,"general-filter-margin-left":3,"general-filter-margin-right":3,"general-filter-margin-top":0,"general-filter-padding":"6px 0px 6px 0px","general-filter-padding-bottom":6,"general-filter-padding-left":15,"general-filter-padding-right":15,"general-filter-padding-top":6,"general-filter_style":"material","general-filter_style-material-line_size":"2px","general-filter_style-minimal-border_radius":"100px","general-fullscreen_overlay_color":"rgba(255,255,255,1)","general-fullscreen_overlay_color_mode":"color","general-fullscreen_overlay_gradient":"135deg|#2edded 30%|#0084bb 100%","general-fullscreen_overlay_opacity":100,"general-handheld_icon-old_ipad":"\/wp-content\/uploads\/sites\/84\/2016\/11\/the7-old-ipad1.gif","general-handheld_icon-old_iphone":"","general-handheld_icon-retina_ipad":"\/wp-content\/uploads\/sites\/84\/2016\/11\/the7-ipad-hd1.gif","general-handheld_icon-retina_iphone":"\/wp-content\/uploads\/sites\/84\/2016\/11\/the7-iphone-hd1.gif","general-hd_images":"srcset_based","general-images_lazy_loading":"1","general-layout":"wide","general-lightbox_arrow_size":"62px","general-lightbox_overlay_opacity":85,"general-loader_style":"double_circles","general-navigation_margin":"40px","general-next_prev_in_album":"1","general-next_prev_in_blog":"0","general-next_prev_in_portfolio":"1","general-page-title-typography":{"font_family":"Roboto","font_size":48,"line_height":58,"text_transform":"none"},"general-page_content_bottom_margin":70,"general-page_content_margin":"70px 20px 70px 20px","general-page_content_mobile_margin":"70px 20px 70px 20px","general-page_content_top_margin":70,"general-portfolio_meta_author":"1","general-portfolio_meta_categories":"1","general-portfolio_meta_comments":"1","general-portfolio_meta_date":"1","general-portfolio_meta_on":"1","general-portfolio_thumbnail_proportions":{"width":3,"height":2},"general-portfolio_thumbnail_size":"original","general-post_back_button_url":"","general-project_back_button_url":"","general-rel_posts_head_title":"Related Posts","general-rel_posts_max":6,"general-rel_projects_details":"1","general-rel_projects_excerpt":"1","general-rel_projects_fullwidth_height":210,"general-rel_projects_fullwidth_width":210,"general-rel_projects_fullwidth_width_style":"prop","general-rel_projects_head_title":"Related projects","general-rel_projects_height":180,"general-rel_projects_info_author":"1","general-rel_projects_info_categories":"1","general-rel_projects_info_comments":"1","general-rel_projects_info_date":"1","general-rel_projects_link":"1","general-rel_projects_max":12,"general-rel_projects_title":"1","general-rel_projects_width":180,"general-rel_projects_width_style":"prop","general-rel_projects_zoom":"1","general-responsive":"1","general-responsive_title_height":"150px","general-responsive_title_line_height":30,"general-responsive_title_size":20,"general-responsiveness-treshold":970,"general-show_author_in_blog":"1","general-show_back_button_in_album":"1","general-show_back_button_in_post":"0","general-show_back_button_in_project":"0","general-show_breadcrumbs":"1","general-show_rel_posts":"1","general-show_rel_projects":"0","general-show_titles":"1","general-slideshow_bullets_style":"accent","general-smooth_scroll":"off","general-spinner_color":"rgba(196,196,196,1)","general-spinner_opacity":100,"general-title_align":"center","general-title_bg_color":"rgba(249,249,250,1)","general-title_bg_fixed":false,"general-title_bg_fullscreen":false,"general-title_bg_gradient":"135deg|#4a66d6 30%|#12b4ea 100%","general-title_bg_image":{"image":"","repeat":"repeat","position_x":"center","position_y":"center"},"general-title_bg_mode":"background","general-title_bg_opacity":100,"general-title_bg_overlay":false,"general-title_bg_parallax":"0","general-title_color":"#292e36","general-title_decoration":"none","general-title_decoration_line_color":"rgba(173,176,182,0.3)","general-title_decoration_line_height":"1px","general-title_decoration_line_opacity":30,"general-title_decoration_line_style":"solid","general-title_decoration_outline_color":"rgba(30,115,190,0)","general-title_decoration_outline_height":"1px","general-title_decoration_outline_opacity":0,"general-title_decoration_outline_style":"solid","general-title_enable_bg_img":"disabled","general-title_height":"200px","general-title_overlay_color":"rgba(0,0,0,0.5)","general-title_responsive_breadcrumbs":false,"general-title_scroll_effect":"default","general-titles-responsiveness-switch":"990px","general-titles_responsiveness":"0","header-background":"normal","header-bg-color":"rgba(35,38,45,1)","header-bg-image":{"image":"","repeat":"repeat","position_x":"center","position_y":"center"},"header-bg-is_fixed":false,"header-bg-is_fullscreen":false,"header-bg-opacity":100,"header-classic-elements":{"top_bar_left":["custom_menu"],"top_bar_right":["search"],"near_menu_right":["social_icons"],"near_logo_right":["phone","email"]},"header-classic-elements-near_logo-custom-icon-color":"","header-classic-elements-near_logo-custom-icon-size":16,"header-classic-elements-near_logo-font_color":"#888888","header-classic-elements-near_logo-typography":{"font_family":"Arial","font_size":"14"},"header-classic-elements-near_logo_left-padding":"0px 0px 0px 0px","header-classic-elements-near_logo_left-padding-bottom":0,"header-classic-elements-near_logo_left-padding-left":0,"header-classic-elements-near_logo_left-padding-right":0,"header-classic-elements-near_logo_left-padding-top":0,"header-classic-elements-near_logo_right-padding":"0px 0px 0px 0px","header-classic-elements-near_logo_right-padding-bottom":0,"header-classic-elements-near_logo_right-padding-left":0,"header-classic-elements-near_logo_right-padding-right":0,"header-classic-elements-near_logo_right-padding-top":0,"header-classic-elements-near_menu-custom-icon-color":"","header-classic-elements-near_menu-custom-icon-size":16,"header-classic-elements-near_menu-font_color":"#888888","header-classic-elements-near_menu-typography":{"font_family":"Arial","font_size":"14"},"header-classic-elements-near_menu_right-padding":"0px 0px 0px 40px","header-classic-elements-near_menu_right-padding-bottom":0,"header-classic-elements-near_menu_right-padding-left":40,"header-classic-elements-near_menu_right-padding-right":0,"header-classic-elements-near_menu_right-padding-top":0,"header-classic-height":"180px","header-classic-is_fullwidth":"0","header-classic-logo-position":"left","header-classic-menu-bg-color":"rgba(0,0,0,1)","header-classic-menu-bg-opacity":100,"header-classic-menu-bg-style":"solid","header-classic-menu-line_size":"1px","header-classic-menu-margin":"0px 0px","header-classic-menu-margin-bottom":0,"header-classic-menu-margin-top":0,"header-classic-menu-position":"left","header-classic-show_elements":"1","header-classic-side-padding":"30px 30px","header-classic-switch_paddings":"0px","header-classic_mobile_paddings":"0px 0px","header-decoration":"line","header-decoration-color":"rgba(173,176,182,0.3)","header-decoration-line_size":"1px","header-decoration-opacity":30,"header-elements-button-1-bg":"accent","header-elements-button-1-bg-color":"#ffffff","header-elements-button-1-bg-gradient":"135deg|#ffffff 30%|#000000 100%","header-elements-button-1-border-color":"accent","header-elements-button-1-border-color-mono":"#ffffff","header-elements-button-1-border_radius":"3px","header-elements-button-1-border_width":"0px","header-elements-button-1-choose-icon":"icomoon-the7-font-icon-cart-detailed","header-elements-button-1-first-header-switch":"hidden","header-elements-button-1-hover-bg":"gradient","header-elements-button-1-hover-bg-color":"#ffffff","header-elements-button-1-hover-bg-gradient":"135deg|#119fd3 28%|#24c693 100%","header-elements-button-1-hover-border-color":"accent","header-elements-button-1-hover-border-color-mono":"#ffffff","header-elements-button-1-hover-icon-color":"color","header-elements-button-1-hover-icon-color-gradient":"90deg|#ffffff 30%|#000000 100%","header-elements-button-1-hover-icon-color-mono":"#ffffff","header-elements-button-1-icon":"1","header-elements-button-1-icon-color":"color","header-elements-button-1-icon-color-gradient":"90deg|#ffffff 30%|#000000 100%","header-elements-button-1-icon-color-mono":"#ffffff","header-elements-button-1-icon-position":"left","header-elements-button-1-icon-size":16,"header-elements-button-1-icon_gap":"12px","header-elements-button-1-name":"BUY THE7 NOW","header-elements-button-1-on-desktops":"show","header-elements-button-1-padding":"13px 22px 11px 22px","header-elements-button-1-second-header-switch":"hidden","header-elements-button-1-smooth-scroll":false,"header-elements-button-1-target":"1","header-elements-button-1-typography":{"font_family":"Roboto","font_size":"16"},"header-elements-button-1-url":"https:\/\/themeforest.net\/item\/the7-responsive-multipurpose-wordpress-theme\/5556590?ref=Dream-Theme&license=regular&open_purchase_for_item_id=5556590","header-elements-button-2-bg":"accent","header-elements-button-2-bg-color":"#ffffff","header-elements-button-2-bg-gradient":"135deg|#ffffff 30%|#000000 100%","header-elements-button-2-border-color":"disabled","header-elements-button-2-border-color-mono":"#ffffff","header-elements-button-2-border_radius":"3px","header-elements-button-2-border_width":"0px","header-elements-button-2-choose-icon":"icomoon-the7-font-icon-cart-detailed","header-elements-button-2-first-header-switch":"near_logo","header-elements-button-2-hover-bg":"gradient","header-elements-button-2-hover-bg-color":"#ffffff","header-elements-button-2-hover-bg-gradient":"135deg|#119fd3 30%|#24c693 100%","header-elements-button-2-hover-border-color":"disabled","header-elements-button-2-hover-border-color-mono":"#ffffff","header-elements-button-2-hover-icon-color":"color","header-elements-button-2-hover-icon-color-gradient":"90deg|#ffffff 30%|#000000 100%","header-elements-button-2-hover-icon-color-mono":"#ffffff","header-elements-button-2-icon":"1","header-elements-button-2-icon-color":"color","header-elements-button-2-icon-color-gradient":"90deg|#ffffff 30%|#000000 100%","header-elements-button-2-icon-color-mono":"#ffffff","header-elements-button-2-icon-position":"left","header-elements-button-2-icon-size":14,"header-elements-button-2-icon_gap":"10px","header-elements-button-2-name":"BUY THE7 NOW","header-elements-button-2-on-desktops":"hide","header-elements-button-2-padding":"8px 10px 8px 10px","header-elements-button-2-second-header-switch":"near_logo","header-elements-button-2-smooth-scroll":false,"header-elements-button-2-target":"1","header-elements-button-2-typography":{"font_family":"Roboto","font_size":"12"},"header-elements-button-2-url":"https:\/\/themeforest.net\/item\/the7-responsive-multipurpose-wordpress-theme\/5556590?ref=Dream-Theme&license=regular&open_purchase_for_item_id=5556590","header-elements-contact-address-caption":"8500 Beverly Boulevard Los Angeles, CA 90048","header-elements-contact-address-custom-icon":"the7-mw-icon-address-bold","header-elements-contact-address-first-header-switch":"near_logo","header-elements-contact-address-icon":"custom","header-elements-contact-address-on-desktops":"show","header-elements-contact-address-second-header-switch":"in_menu","header-elements-contact-address-url":"","header-elements-contact-clock-caption":"Monday \u2013 Friday 10 AM \u2013 8 PM","header-elements-contact-clock-custom-icon":"the7-mw-icon-clock-bold","header-elements-contact-clock-first-header-switch":"near_logo","header-elements-contact-clock-icon":"custom","header-elements-contact-clock-on-desktops":"show","header-elements-contact-clock-second-header-switch":"in_menu","header-elements-contact-clock-url":"","header-elements-contact-email-caption":"sales@yoursite.com","header-elements-contact-email-custom-icon":"the7-mw-icon-mail-bold","header-elements-contact-email-first-header-switch":"near_logo","header-elements-contact-email-icon":"custom","header-elements-contact-email-on-desktops":"show","header-elements-contact-email-second-header-switch":"in_menu","header-elements-contact-email-url":"","header-elements-contact-multipurpose_1-caption":"","header-elements-contact-multipurpose_1-custom-icon":"","header-elements-contact-multipurpose_1-first-header-switch":"near_logo","header-elements-contact-multipurpose_1-icon":"custom","header-elements-contact-multipurpose_1-on-desktops":"show","header-elements-contact-multipurpose_1-second-header-switch":"in_menu","header-elements-contact-multipurpose_1-url":"","header-elements-contact-multipurpose_2-caption":"","header-elements-contact-multipurpose_2-custom-icon":"","header-elements-contact-multipurpose_2-first-header-switch":"near_logo","header-elements-contact-multipurpose_2-icon":"custom","header-elements-contact-multipurpose_2-on-desktops":"show","header-elements-contact-multipurpose_2-second-header-switch":"in_menu","header-elements-contact-multipurpose_2-url":"","header-elements-contact-multipurpose_3-caption":"","header-elements-contact-multipurpose_3-custom-icon":"","header-elements-contact-multipurpose_3-first-header-switch":"near_logo","header-elements-contact-multipurpose_3-icon":"custom","header-elements-contact-multipurpose_3-on-desktops":"show","header-elements-contact-multipurpose_3-second-header-switch":"in_menu","header-elements-contact-multipurpose_3-url":"","header-elements-contact-multipurpose_4-caption":"","header-elements-contact-multipurpose_4-custom-icon":"","header-elements-contact-multipurpose_4-first-header-switch":"near_logo","header-elements-contact-multipurpose_4-icon":"custom","header-elements-contact-multipurpose_4-on-desktops":"show","header-elements-contact-multipurpose_4-second-header-switch":"in_menu","header-elements-contact-multipurpose_4-url":"","header-elements-contact-phone-caption":"011 322 44 56","header-elements-contact-phone-custom-icon":"the7-mw-icon-phone-bold","header-elements-contact-phone-first-header-switch":"near_logo","header-elements-contact-phone-icon":"custom","header-elements-contact-phone-on-desktops":"show","header-elements-contact-phone-second-header-switch":"in_menu","header-elements-contact-phone-url":"","header-elements-contact-skype-caption":"Your_Skype","header-elements-contact-skype-custom-icon":"the7-mw-icon-skype-bold","header-elements-contact-skype-first-header-switch":"near_logo","header-elements-contact-skype-icon":"custom","header-elements-contact-skype-on-desktops":"show","header-elements-contact-skype-second-header-switch":"in_menu","header-elements-contact-skype-url":"","header-elements-edd_cart-sub_cart-bg-color":"rgba(255,255,255,1)","header-elements-edd_cart-sub_cart-bg-width":260,"header-elements-edd_cart-sub_cart-font-color":"#3b3f4a","header-elements-login-caption":"Login","header-elements-login-custom-icon":"the7-mw-icon-login-bold","header-elements-login-first-header-switch":"near_logo","header-elements-login-icon":"custom","header-elements-login-logout_url":"","header-elements-login-on-desktops":"show","header-elements-login-second-header-switch":"in_menu","header-elements-login-url":"http:\/\/themeforest.net","header-elements-login-use_logout_url":false,"header-elements-logout-caption":"Logout","header-elements-menu-first-header-switch":"near_logo","header-elements-menu-icon":"custom","header-elements-menu-on-desktops":"show","header-elements-menu-second-header-switch":"hidden","header-elements-menu-style":"dropdown","header-elements-menu-style-first-switch":"dropdown","header-elements-menu-style-second-switch":"dropdown","header-elements-menu2-first-header-switch":"near_logo","header-elements-menu2-icon":"custom","header-elements-menu2-on-desktops":"show","header-elements-menu2-second-header-switch":"in_menu","header-elements-menu2-style":"dropdown","header-elements-menu2-style-first-switch":"dropdown","header-elements-menu2-style-second-switch":"dropdown","header-elements-menu2_custom-icon":"the7-mw-icon-dropdown-menu-bold","header-elements-menu_custom-icon":"the7-mw-icon-dropdown-menu-bold","header-elements-near_logo-font_color":"#393940","header-elements-near_logo-font_family":"Open Sans:600","header-elements-near_logo-font_size":14,"header-elements-near_menu-font_color":"#3b3f4a","header-elements-near_menu-font_family":"Roboto:500","header-elements-near_menu-font_size":13,"header-elements-search-by":"general","header-elements-search-caption":"","header-elements-search-first-header-switch":"near_logo","header-elements-search-icon":"custom","header-elements-search-input-caption":"Type and hit enter \u2026","header-elements-search-on-desktops":"show","header-elements-search-second-header-switch":"near_logo","header-elements-search_custom-icon":"the7-mw-icon-search-bold","header-elements-soc_icons":[{"icon":"facebook","url":""},{"icon":"facebook","url":"\/"},{"icon":"twitter","url":"\/"},{"icon":"dribbble","url":"\/"}],"header-elements-soc_icons-bg":"color","header-elements-soc_icons-bg-color":"rgba(173,176,182,0.17)","header-elements-soc_icons-bg-gradient":"135deg|#ffffff 30%|#000000 100%","header-elements-soc_icons-bg-hover-opacity":100,"header-elements-soc_icons-bg-opacity":17,"header-elements-soc_icons-bg-size":"26px","header-elements-soc_icons-border":"disabled","header-elements-soc_icons-border-color":"#ffffff","header-elements-soc_icons-color":"#adb0b6","header-elements-soc_icons-first-header-switch":"near_logo","header-elements-soc_icons-hover-bg":"accent","header-elements-soc_icons-hover-bg-color":"rgba(21,191,230,1)","header-elements-soc_icons-hover-bg-gradient":"135deg|#ffffff 30%|#000000 100%","header-elements-soc_icons-hover-border":"disabled","header-elements-soc_icons-hover-border-color":"#ffffff","header-elements-soc_icons-hover-color":"#ffffff","header-elements-soc_icons-on-desktops":"show","header-elements-soc_icons-second-header-switch":"in_menu","header-elements-soc_icons-size":"16px","header-elements-soc_icons_border_radius":"100px","header-elements-soc_icons_border_width":"1px","header-elements-soc_icons_gap":4,"header-elements-text":"[dt_button link=\"https:\/\/themeforest.net\/item\/the7-responsive-multipurpose-wordpress-theme\/5556590?ref=Dream-Theme&license=regular&open_purchase_for_item_id=5556590\" target_blank=\"true\" size=\"medium\" style=\"outline_with_bg\" bg_color_style=\"custom\" bg_color=\"#ffffff\" bg_hover_color_style=\"custom\" bg_hover_color=\"#ffffff\" text_color_style=\"custom\" text_color=\"#ffffff\" text_hover_color_style=\"custom\" text_hover_color=\"#292e36\" icon=\"JTNDaSUyMGNsYXNzJTNEJTIyZmElMjBmYS1zaG9wcGluZy1jYXJ0JTIyJTNFJTNDJTJGaSUzRQ==\" icon_align=\"right\"]GET THE7 NOW[\/dt_button]","header-elements-text-2":"","header-elements-text-2-first-header-switch":"near_logo","header-elements-text-2-on-desktops":"hide","header-elements-text-2-second-header-switch":"hidden","header-elements-text-3":"Some call to action text goes here!","header-elements-text-3-first-header-switch":"near_logo","header-elements-text-3-on-desktops":"show","header-elements-text-3-second-header-switch":"in_menu","header-elements-text-4":"","header-elements-text-4-first-header-switch":"near_logo","header-elements-text-4-on-desktops":"show","header-elements-text-4-second-header-switch":"in_menu","header-elements-text-5":"","header-elements-text-5-first-header-switch":"near_logo","header-elements-text-5-on-desktops":"show","header-elements-text-5-second-header-switch":"in_menu","header-elements-text-first-header-switch":"hidden","header-elements-text-on-desktops":"show","header-elements-text-second-header-switch":"hidden","header-elements-woocommerce_cart-sub_cart-bg-color":"rgba(255,255,255,1)","header-elements-woocommerce_cart-sub_cart-bg-width":260,"header-elements-woocommerce_cart-sub_cart-font-color":"#3b3f4a","header-floating_navigation-active_item-font-color":"#ffffff","header-floating_navigation-active_item-font-gradient":"90deg|#ffffff 30%|#000000 100%","header-floating_navigation-bg-color":"rgba(0,0,0,0.93)","header-floating_navigation-bg-image":{"image":"","repeat":"repeat","position_x":"center","position_y":"center"},"header-floating_navigation-bg-is_fullscreen":false,"header-floating_navigation-bg-opacity":93,"header-floating_navigation-decoration":"line","header-floating_navigation-decoration-color":"rgba(255,255,255,0.08)","header-floating_navigation-decoration-line_size":"1px","header-floating_navigation-decoration-opacity":8,"header-floating_navigation-font-active":"default","header-floating_navigation-font-color":"#ffffff","header-floating_navigation-font-hover":"default","header-floating_navigation-font-normal":"default","header-floating_navigation-height":"70px","header-floating_navigation-hover-font-color":"#ffffff","header-floating_navigation-hover-font-gradient":"90deg|#ffffff 30%|#000000 100%","header-floating_navigation-show_after":"800px","header-floating_navigation-style":"fade","header-floating_navigation-top-bar":false,"header-inline-elements":{"near_menu_right":["button","button-2"]},"header-inline-elements-near_menu-custom-icon-color":"","header-inline-elements-near_menu-custom-icon-size":16,"header-inline-elements-near_menu-font_color":"#3b3f4a","header-inline-elements-near_menu-typography":{"font_family":"Roboto:500","font_size":"13"},"header-inline-elements-near_menu_right-padding":"0px 30px 0px 0px","header-inline-elements-near_menu_right-padding-bottom":0,"header-inline-elements-near_menu_right-padding-left":0,"header-inline-elements-near_menu_right-padding-right":30,"header-inline-elements-near_menu_right-padding-top":0,"header-inline-height":"120px","header-inline-is_fullwidth":"1","header-inline-menu-position":"left","header-inline-show_elements":"1","header-inline-side-padding":"0px 0px","header-inline-switch_paddings":"0px","header-inline_mobile_paddings":"0px 0px","header-layout":"inline","header-logo-padding":"0px 0px 0px 30px","header-logo-padding-bottom":0,"header-logo-padding-left":30,"header-logo-padding-right":0,"header-logo-padding-top":0,"header-logo_hd":["\/wp-content\/uploads\/sites\/84\/2017\/03\/l-001-hd.png",1234],"header-logo_regular":["\/wp-content\/uploads\/sites\/84\/2017\/03\/l-001.png",1235],"header-mega-menu-desc-font-color":"#3b3f4a","header-mega-menu-desc-typography":{"font_family":"Open Sans","font_size":"13"},"header-mega-menu-items-padding":"0px 0px 10px 0px","header-mega-menu-submenu-bg-padding":"0px 10px 0px 10px","header-mega-menu-submenu-column-padding":"20px 10px 20px 10px","header-mega-menu-submenu-column-width":"240px","header-mega-menu-title-active_item-font-color":"#ffffff","header-mega-menu-title-active_item-font-color-style":"accent","header-mega-menu-title-active_item-font-gradient":"90deg|#ffffff 30%|#000000 100%","header-mega-menu-title-font-color":"#3b3f4a","header-mega-menu-title-hover-font-color":"#ffffff","header-mega-menu-title-hover-font-color-style":"accent","header-mega-menu-title-hover-font-gradient":"90deg|#ffffff 30%|#000000 100%","header-mega-menu-title-icon-size":18,"header-mega-menu-title-typography":{"font_family":"Roboto:700","font_size":"18","text_transform":"none"},"header-mega-menu-widget-accent-color":"","header-mega-menu-widget-font-color":"#3b3f4a","header-mega-menu-widget-title-color":"#3b3f4a","header-menu-active_item-font-color":"#ffffff","header-menu-active_item-font-color-style":"color","header-menu-active_item-font-gradient":"90deg|#ffffff 30%|#000000 100%","header-menu-close_icon-caption":"disabled","header-menu-close_icon-caption-text":"Navigation","header-menu-close_icon-caption-typography":{"font_family":"Roboto","font_size":"16","text_transform":"uppercase"},"header-menu-close_icon-caption_gap":"20px","header-menu-close_icon-position":"outside","header-menu-close_icon-size":"fade_medium","header-menu-decoration-other-active-color":"rgba(255,255,255,0.15)","header-menu-decoration-other-active-color-style":"accent","header-menu-decoration-other-active-gradient":"135deg|rgba(255,255,255,0.15) 30%|rgba(0,0,0,0.15) 100%","header-menu-decoration-other-active-line":"0","header-menu-decoration-other-active-line-color":"rgba(130,36,227,0.3)","header-menu-decoration-other-active-line-color-style":"color","header-menu-decoration-other-active-line-gradient":"135deg|rgba(221,51,51,0.3) 30%|rgba(129,215,66,0.3) 100%","header-menu-decoration-other-active-line-opacity":30,"header-menu-decoration-other-active-opacity":15,"header-menu-decoration-other-active-style":"background","header-menu-decoration-other-border-radius":3,"header-menu-decoration-other-click_decor":"1","header-menu-decoration-other-click_decor-color":"rgba(255,255,255,0.2)","header-menu-decoration-other-click_decor-color-style":"accent","header-menu-decoration-other-click_decor-gradient":"135deg|rgba(255,255,255,0.2) 30%|rgba(0,0,0,0.2) 100%","header-menu-decoration-other-click_decor-opacity":20,"header-menu-decoration-other-hover-color":"rgba(255,255,255,0.15)","header-menu-decoration-other-hover-color-style":"accent","header-menu-decoration-other-hover-gradient":"135deg|rgba(255,255,255,0.15) 30%|rgba(0,0,0,0.15) 100%","header-menu-decoration-other-hover-line":"0","header-menu-decoration-other-hover-line-color":"rgba(221,51,51,0.23)","header-menu-decoration-other-hover-line-color-style":"gradient","header-menu-decoration-other-hover-line-gradient":"135deg|rgba(255,255,255,0.23) 30%|rgba(0,0,0,0.23) 100%","header-menu-decoration-other-hover-line-opacity":23,"header-menu-decoration-other-hover-style":"background","header-menu-decoration-other-line_size":"2px","header-menu-decoration-other-links-is_justified":"0","header-menu-decoration-other-opacity":15,"header-menu-decoration-style":"underline","header-menu-decoration-underline-color":"#1e73be","header-menu-decoration-underline-color-style":"accent","header-menu-decoration-underline-direction":"left_to_right","header-menu-decoration-underline-gradient":"135deg|#ffffff 30%|#000000 100%","header-menu-decoration-underline-line_size":"2px","header-menu-dividers-color":"rgba(17,17,17,0.14)","header-menu-dividers-height":"24px","header-menu-dividers-height-style":"custom","header-menu-dividers-opacity":14,"header-menu-dividers-surround":"0","header-menu-dividers-width":"1px","header-menu-font-color":"#ffffff","header-menu-hover-font-color":"#ffffff","header-menu-hover-font-color-style":"color","header-menu-hover-font-gradient":"90deg|#8224e3 30%|#751257 100%","header-menu-icon-size":14,"header-menu-item-margin":"0px 0px 0px 30px","header-menu-item-margin-bottom":0,"header-menu-item-margin-left":30,"header-menu-item-margin-right":0,"header-menu-item-margin-top":0,"header-menu-item-padding":"4px 4px 4px 4px","header-menu-item-padding-bottom":4,"header-menu-item-padding-left":4,"header-menu-item-padding-right":4,"header-menu-item-padding-top":4,"header-menu-item-surround_margins-custom-margin":"50px","header-menu-item-surround_margins-style":"regular","header-menu-show_dividers":"0","header-menu-show_next_lvl_icons":false,"header-menu-submenu-active-bg-color":"rgba(137,92,184,0.07)","header-menu-submenu-active-bg-color-style":"accent","header-menu-submenu-active-bg-gradient":"90deg|#81d742 30%|#eeee22 100%","header-menu-submenu-active-bg-opacity":7,"header-menu-submenu-active-font-color":"#ffffff","header-menu-submenu-active-font-color-style":"accent","header-menu-submenu-active-font-gradient":"90deg|#ffffff 30%|#000000 100%","header-menu-submenu-bg-color":"rgba(255,255,255,1)","header-menu-submenu-bg-hover":"background","header-menu-submenu-bg-opacity":100,"header-menu-submenu-bg-padding":"10px 10px 10px 10px","header-menu-submenu-bg-width":"260px","header-menu-submenu-font-color":"#3b3f4a","header-menu-submenu-hover-bg-color":"rgba(137,92,184,0.07)","header-menu-submenu-hover-bg-color-style":"accent","header-menu-submenu-hover-bg-gradient":"90deg|#81d742 30%|#eeee22 100%","header-menu-submenu-hover-bg-opacity":7,"header-menu-submenu-hover-font-color":"#895cb8","header-menu-submenu-hover-font-color-style":"accent","header-menu-submenu-hover-font-gradient":"90deg|#81d742 30%|#eeee22 100%","header-menu-submenu-icon-size":14,"header-menu-submenu-item-margin":"0px 0px 0px 0px","header-menu-submenu-item-margin-bottom":0,"header-menu-submenu-item-margin-left":0,"header-menu-submenu-item-margin-right":0,"header-menu-submenu-item-margin-top":0,"header-menu-submenu-item-padding":"8px 10px 8px 10px","header-menu-submenu-item-padding-bottom":8,"header-menu-submenu-item-padding-left":10,"header-menu-submenu-item-padding-right":10,"header-menu-submenu-item-padding-top":8,"header-menu-submenu-parent_is_clickable":false,"header-menu-submenu-show_next_lvl_icons":"1","header-menu-submenu-subtitle-typography":{"font_family":"Arial:400italic","font_size":"10"},"header-menu-submenu-typography":{"font_family":"Roboto:500","font_size":"13","text_transform":"none"},"header-menu-subtitle-typography":{"font_family":"Arial:400italic","font_size":"11"},"header-menu-typography":{"font_family":"Roboto:700","font_size":"16","text_transform":"none"},"header-menu_close_icon-bg":"enabled","header-menu_close_icon-bg-border-radius":"0px","header-menu_close_icon-bg-border-width":"0px","header-menu_close_icon-bg-color":"rgba(255,255,255,0.75)","header-menu_close_icon-bg-hover":"enabled","header-menu_close_icon-border":"enabled","header-menu_close_icon-border-color":"","header-menu_close_icon-border-color-hover":"","header-menu_close_icon-border-hover":"enabled","header-menu_close_icon-caption_color":"#000000","header-menu_close_icon-caption_color-hover":"#000000","header-menu_close_icon-color":"#000000","header-menu_close_icon-hover-color":"#000000","header-menu_close_icon-margin":"30px 30px 30px 30px","header-menu_close_icon-padding":"15px 15px 15px 15px","header-menu_icon-bg":"enabled","header-menu_icon-bg-border-radius":"0px","header-menu_icon-bg-border-width":"0px","header-menu_icon-bg-color":"rgba(255,255,255,0.75)","header-menu_icon-bg-color-hover":"rgba(255,255,255,0.75)","header-menu_icon-bg-hover":"enabled","header-menu_icon-bg-opacity":75,"header-menu_icon-border":"enabled","header-menu_icon-border-color":"","header-menu_icon-border-hover":"enabled","header-menu_icon-border-hover-color":"","header-menu_icon-caption":"disabled","header-menu_icon-caption-padding":"18px 15px 18px 15px","header-menu_icon-caption-text":"Menu","header-menu_icon-caption-typography":{"font_family":"Roboto","font_size":"16","text_transform":"none"},"header-menu_icon-caption_color":"#000000","header-menu_icon-caption_color-hover":"#000000","header-menu_icon-caption_gap":"10px","header-menu_icon-color":"#000000","header-menu_icon-color-hover":"#000000","header-menu_icon-elements":[],"header-menu_icon-elements-below_menu-padding":"0px 0px 0px 0px","header-menu_icon-elements-near_menu-custom-icon-color":"","header-menu_icon-elements-near_menu-custom-icon-size":16,"header-menu_icon-elements-near_menu-font_color":"#888888","header-menu_icon-elements-near_menu-typography":{"font_family":"Arial","font_size":"14"},"header-menu_icon-hover-bg-color":"rgba(255,255,255,0.75)","header-menu_icon-hover-bg-opacity":75,"header-menu_icon-margin":"0px 0px 0px 0px","header-menu_icon-margin-bottom":0,"header-menu_icon-margin-left":0,"header-menu_icon-margin-right":0,"header-menu_icon-margin-top":0,"header-menu_icon-show_elements":"0","header-menu_icon-size":"medium","header-mixed-bg-color":"rgba(255,255,255,1)","header-mixed-bg-opacity":100,"header-mixed-decoration":"shadow","header-mixed-decoration-color":"rgba(221,153,51,1)","header-mixed-decoration-opacity":100,"header-mixed-decoration_size":"1px","header-mixed-floating-top-bar":false,"header-mixed-sticky-bg-color":"#000000","header-mobile-content-padding":"45px 15px 30px 30px","header-mobile-decoration":"shadow","header-mobile-decoration-color":"#ffffff","header-mobile-decoration-line_size":"1px","header-mobile-first_switch-after":"800px","header-mobile-first_switch-height":"50px","header-mobile-first_switch-layout":"left_center","header-mobile-first_switch-logo":"mobile","header-mobile-first_switch-side-padding":"20px 20px","header-mobile-floating_navigation":"sticky","header-mobile-header-bg-color":"rgba(0,0,0,0.7)","header-mobile-menu-align":"left","header-mobile-menu-bg-color":"rgba(255,255,255,1)","header-mobile-menu-bg-opacity":100,"header-mobile-menu-bg-width":"270px","header-mobile-menu-close_icon-caption":"disabled","header-mobile-menu-close_icon-caption-text":"Menu","header-mobile-menu-close_icon-caption-typography":{"font_family":"Roboto","font_size":"16","text_transform":"none"},"header-mobile-menu-close_icon-caption_gap":"10px","header-mobile-menu-close_icon-position":"right","header-mobile-menu-close_icon-size":"fade_small","header-mobile-menu-dividers-color":"rgba(59,63,74,0.12)","header-mobile-menu-dividers-height":"1px","header-mobile-menu-font-color":"#3b3f4a","header-mobile-menu-font-hover-color":"#3c3e45","header-mobile-menu-font-hover-color-style":"accent","header-mobile-menu-font-hover-gradient":"90deg|#b78ce2 30%|#1e73be 100%","header-mobile-menu-show_dividers":"0","header-mobile-menu-typography":{"font_family":"Roboto:700","font_size":"16","text_transform":"none"},"header-mobile-menu_close-caption_color":"#fff","header-mobile-menu_close-caption_color-hover":"#fff","header-mobile-menu_close_icon-bg":"enabled","header-mobile-menu_close_icon-bg-border-radius":"2px","header-mobile-menu_close_icon-bg-border-width":"0px","header-mobile-menu_close_icon-bg-color":"","header-mobile-menu_close_icon-bg-hover":"enabled","header-mobile-menu_close_icon-border":"disabled","header-mobile-menu_close_icon-border-color":"","header-mobile-menu_close_icon-border-color-hover":"","header-mobile-menu_close_icon-border-hover":"disabled","header-mobile-menu_close_icon-color":"#fff","header-mobile-menu_close_icon-hover-color":"#fff","header-mobile-menu_close_icon-margin":"15px 0px 0px 0px","header-mobile-menu_close_icon-padding":"5px 5px 5px 5px","header-mobile-menu_icon-bg-border-radius":"0px","header-mobile-menu_icon-bg-border-width":"0px","header-mobile-menu_icon-bg-color":"rgba(35,38,45,0)","header-mobile-menu_icon-bg-color-hover":"rgba(35,38,45,0)","header-mobile-menu_icon-bg-enable":"1","header-mobile-menu_icon-bg-hover":"1","header-mobile-menu_icon-border":"disabled","header-mobile-menu_icon-border-color":"","header-mobile-menu_icon-border-hover":"disabled","header-mobile-menu_icon-border-hover-color":"","header-mobile-menu_icon-caption":"disabled","header-mobile-menu_icon-caption-padding":"4px 1px 4px 1px","header-mobile-menu_icon-caption-text":"Menu","header-mobile-menu_icon-caption-typography":{"font_family":"Roboto","font_size":"16","text_transform":"none"},"header-mobile-menu_icon-caption_color":"#ffffff","header-mobile-menu_icon-caption_color-hover":"#ffffff","header-mobile-menu_icon-caption_gap":"10px","header-mobile-menu_icon-color":"#ffffff","header-mobile-menu_icon-color-hover":"#ffffff","header-mobile-menu_icon-hover-bg-color":"","header-mobile-menu_icon-margin":"0px 0px 0px 0px","header-mobile-menu_icon-size":"type_1","header-mobile-microwidgets-custom-icon-color":"","header-mobile-microwidgets-custom-icon-size":16,"header-mobile-microwidgets-font-color":"#ffffff","header-mobile-microwidgets-typography":{"font_family":"Roboto:500","font_size":"13"},"header-mobile-overlay-bg-color":"rgba(17,17,17,0.5)","header-mobile-second_switch-after":"0px","header-mobile-second_switch-height":"50px","header-mobile-second_switch-layout":"right_left","header-mobile-second_switch-logo":"mobile","header-mobile-second_switch-side-padding":"20px 20px","header-mobile-submenu-typography":{"font_family":"Roboto:500","font_size":"13","text_transform":"none"},"header-overlay-content-padding":"0px 0px 0px 0px","header-overlay-content-padding-bottom":0,"header-overlay-content-padding-left":0,"header-overlay-content-padding-right":0,"header-overlay-content-padding-top":0,"header-overlay-content-position":"center","header-overlay-content-width":"300px","header-overlay-elements":{"below_menu":["search"],"side_top_line":["social_icons","text_area","phone"]},"header-overlay-elements-below_menu-padding":"0px 0px 0px 0px","header-overlay-elements-below_menu-padding-bottom":0,"header-overlay-elements-below_menu-padding-left":0,"header-overlay-elements-below_menu-padding-right":0,"header-overlay-elements-below_menu-padding-top":0,"header-overlay-elements-top_line-padding":"0px 40px 0px 40px","header-overlay-elements-top_line-padding-bottom":0,"header-overlay-elements-top_line-padding-left":40,"header-overlay-elements-top_line-padding-right":40,"header-overlay-elements-top_line-padding-top":0,"header-overlay-icons_style":"light","header-overlay-layout":"menu_icon","header-overlay-layout-menu_icon-show_floating_logo":"1","header-overlay-layout-side_line-width":60,"header-overlay-layout-top_line-height":130,"header-overlay-layout-top_line-is_fullwidth":"0","header-overlay-layout-top_line-logo-position":"left","header-overlay-logo-position":"fully_inside","header-overlay-menu-items_alignment":"center","header-overlay-menu-items_link":"fullwidth","header-overlay-menu-padding":"40px 40px","header-overlay-menu-padding-bottom":40,"header-overlay-menu-padding-top":40,"header-overlay-menu-position":"v_center","header-overlay-show_elements":"1","header-show_floating_navigation":"1","header-side-content-padding":"50px 0px 40px 0px","header-side-content-padding-bottom":40,"header-side-content-padding-left":0,"header-side-content-padding-right":0,"header-side-content-padding-top":50,"header-side-content-position":"center","header-side-content-width":"300px","header-side-elements":{"below_menu":["social_icons","email","skype"]},"header-side-elements-below_menu-padding":"0px 35px 0px 35px","header-side-elements-below_menu-padding-bottom":0,"header-side-elements-below_menu-padding-left":35,"header-side-elements-below_menu-padding-right":35,"header-side-elements-below_menu-padding-top":0,"header-side-elements-near_menu-custom-icon-color":"","header-side-elements-near_menu-custom-icon-size":16,"header-side-elements-near_menu-font_color":"#888888","header-side-elements-near_menu-typography":{"font_family":"Arial","font_size":"14"},"header-side-logo-position":"inside","header-side-menu-items_alignment":"center","header-side-menu-items_link":"fullwidth","header-side-menu-padding":"50px 50px","header-side-menu-padding-bottom":50,"header-side-menu-padding-top":50,"header-side-menu-position":"v_top","header-side-menu-submenu-position":"down","header-side-position":"right","header-side-show_elements":"1","header-side-width":"300px","header-side_line-elements":[],"header-side_line-elements-below_menu-padding":"0px 0px 0px 0px","header-side_line-elements-near_menu-custom-icon-color":"","header-side_line-elements-near_menu-custom-icon-size":16,"header-side_line-elements-near_menu-font_color":"#888888","header-side_line-elements-near_menu-typography":{"font_family":"Arial","font_size":"14"},"header-side_line-show_elements":"0","header-side_line-width":"60px","header-slide_out-content-padding":"50px 0px 50px 0px","header-slide_out-content-padding-bottom":50,"header-slide_out-content-padding-left":0,"header-slide_out-content-padding-right":0,"header-slide_out-content-padding-top":50,"header-slide_out-content-position":"center","header-slide_out-content-width":"350px","header-slide_out-elements":{"side_top_line":["phone","email","skype"]},"header-slide_out-elements-below_menu-padding":"0px 0px 0px 0px","header-slide_out-elements-below_menu-padding-bottom":0,"header-slide_out-elements-below_menu-padding-left":0,"header-slide_out-elements-below_menu-padding-right":0,"header-slide_out-elements-below_menu-padding-top":0,"header-slide_out-elements-top_line-padding":"0px 40px 0px 40px","header-slide_out-elements-top_line-padding-bottom":0,"header-slide_out-elements-top_line-padding-left":40,"header-slide_out-elements-top_line-padding-right":40,"header-slide_out-elements-top_line-padding-top":0,"header-slide_out-icons_style":"light","header-slide_out-layout":"menu_icon","header-slide_out-layout-menu_icon-show_floating_logo":"1","header-slide_out-layout-side_line-position":"under","header-slide_out-layout-side_line-width":60,"header-slide_out-layout-top_line-height":90,"header-slide_out-layout-top_line-is_fullwidth":"1","header-slide_out-layout-top_line-logo-position":"left","header-slide_out-logo-position":"fully_inside","header-slide_out-menu-items_alignment":"center","header-slide_out-menu-items_link":"fullwidth","header-slide_out-menu-padding":"40px 40px","header-slide_out-menu-padding-bottom":40,"header-slide_out-menu-padding-top":40,"header-slide_out-menu-position":"v_top","header-slide_out-overlay-animation":"fade","header-slide_out-overlay-bg-color":"rgba(17,17,17,0.4)","header-slide_out-overlay-bg-color-style":"color","header-slide_out-overlay-bg-gradient":"135deg|rgba(205,183,226,0.4) 30%|rgba(130,20,130,0.4) 100%","header-slide_out-overlay-bg-opacity":40,"header-slide_out-overlay-blur":"0","header-slide_out-overlay-x_cursor":"1","header-slide_out-overlay-x_cursor-color":"rgba(255,255,255,1)","header-slide_out-overlay-x_cursor-opacity":100,"header-slide_out-position":"left","header-slide_out-show_elements":"1","header-slide_out-width":"400px","header-split-elements":{"near_menu_right":["text_area"]},"header-split-elements-near_menu-custom-icon-color":"","header-split-elements-near_menu-custom-icon-size":16,"header-split-elements-near_menu-font_color":"#888888","header-split-elements-near_menu-typography":{"font_family":"Arial","font_size":"14"},"header-split-elements-near_menu_left-padding":"0px 20px 0px 20px","header-split-elements-near_menu_left-padding-bottom":0,"header-split-elements-near_menu_left-padding-left":20,"header-split-elements-near_menu_left-padding-right":20,"header-split-elements-near_menu_left-padding-top":0,"header-split-elements-near_menu_right-padding":"0px 50px 0px 20px","header-split-elements-near_menu_right-padding-bottom":0,"header-split-elements-near_menu_right-padding-left":20,"header-split-elements-near_menu_right-padding-right":50,"header-split-elements-near_menu_right-padding-top":0,"header-split-height":"120px","header-split-is_fullwidth":"1","header-split-menu-position":"outside","header-split-show_elements":"1","header-split-side-padding":"30px 30px","header-split-switch_paddings":"0px","header-split_mobile_paddings":"0px 0px","header-style-floating-choose_logo":"custom","header-style-floating-logo-padding":"0px 0px 0px 30px","header-style-floating-logo-padding-bottom":0,"header-style-floating-logo-padding-left":30,"header-style-floating-logo-padding-right":0,"header-style-floating-logo-padding-top":0,"header-style-floating-logo_hd":["\/wp-content\/uploads\/sites\/84\/sites\/33\/2016\/11\/logo-floating-hd.png",1000],"header-style-floating-logo_regular":["\/wp-content\/uploads\/sites\/84\/sites\/33\/2016\/11\/logo-floating.png",1001],"header-style-mixed-logo-padding":"0px 0px 0px 0px","header-style-mixed-logo-padding-bottom":0,"header-style-mixed-logo-padding-left":0,"header-style-mixed-logo-padding-right":0,"header-style-mixed-logo-padding-top":0,"header-style-mixed-logo_hd":["",0],"header-style-mixed-logo_regular":["",0],"header-style-mixed-top_line-floating-logo-padding":"0px 0px 0px 0px","header-style-mobile-logo-padding":"0px 0px 0px 0px","header-style-mobile-logo-padding-bottom":0,"header-style-mobile-logo-padding-left":0,"header-style-mobile-logo-padding-right":0,"header-style-mobile-logo-padding-top":0,"header-style-mobile-logo_hd":["",0],"header-style-mobile-logo_regular":["",0],"header-style-transparent-logo-padding":"0px 0px 0px 0px","header-style-transparent-logo-padding-bottom":0,"header-style-transparent-logo-padding-left":0,"header-style-transparent-logo-padding-right":0,"header-style-transparent-logo-padding-top":0,"header-style-transparent-logo_hd":["",0],"header-style-transparent-logo_regular":["",0],"header-style-transparent-mobile-logo-padding":"0px 0px 0px 0px","header-style-transparent-mobile-logo_regular":["",0],"header-top_line-elements":[],"header-top_line-elements-below_menu-padding":"0px 0px 0px 0px","header-top_line-elements-in_top_line-custom-icon-color":"","header-top_line-elements-in_top_line-custom-icon-size":16,"header-top_line-elements-in_top_line-font_color":"#888888","header-top_line-elements-in_top_line-font_family":"Arial","header-top_line-elements-in_top_line-font_size":14,"header-top_line-elements-in_top_line-typography":{"font_family":"Arial","font_size":"14"},"header-top_line-elements-near_menu-custom-icon-color":"","header-top_line-elements-near_menu-custom-icon-size":16,"header-top_line-elements-near_menu-font_color":"#888888","header-top_line-elements-near_menu-typography":{"font_family":"Arial","font_size":"14"},"header-top_line-elements-top_line-padding":"0px 0px 0px 0px","header-top_line-elements-top_line_right-padding":"0px 0px 0px 0px","header-top_line-show_elements":"0","header-top_line-side-padding":"30px 30px","header-top_line-switch_paddings":"0px","header-top_line_mobile_paddings":"0px 0px","header-transparent-mobile-first_switch-logo":"mobile","header-transparent-mobile-second_switch-logo":"mobile","header-transparent_bg_color":"rgba(238,238,34,1)","header-transparent_bg_opacity":100,"header_navigation":"slide_out","image_hover-album_miniatures_style":"style_2","image_hover-color":"rgba(255,255,255,0.25)","image_hover-color_gradient":"135deg|rgba(46,221,237,0.25) 30%|rgba(0,132,187,0.25) 100%","image_hover-color_mode":"color","image_hover-default_icon":"none","image_hover-onclick_animation":false,"image_hover-opacity":25,"image_hover-project_icons_style":"outline","image_hover-project_rollover_color":"rgba(0,0,0,0.85)","image_hover-project_rollover_color_gradient":"135deg|rgba(46,221,237,0.85) 30%|rgba(0,132,187,0.85) 100%","image_hover-project_rollover_color_mode":"accent","image_hover-project_rollover_opacity":85,"image_hover-style":"none","layout-menu_icon-position":"menu_icon_right","layout-menu_icon-show_floating_logo":"1","layout-side_line-position":"above","layout-side_line-v_position":"left","layout-top_line-height":"130px","layout-top_line-is_fullwidth":"0","layout-top_line-is_sticky":"0","layout-top_line-logo-position":"left","menu-mobile-microwidgets-custom-icon-color":"","menu-mobile-microwidgets-custom-icon-size":16,"menu-mobile-microwidgets-font-color":"#3b3f4a","menu-mobile-microwidgets-typography":{"font_family":"Roboto:500","font_size":"13"},"microwidgets-search-active-width":"200px","microwidgets-search-height":"34px","microwidgets-search-typography":{"font_family":"Roboto","font_size":"14"},"microwidgets-search-width":"200px","microwidgets-search_bg-border-color":"#e2e2e2","microwidgets-search_bg-color":"#f4f4f4","microwidgets-search_bg_border_radius":"0px","microwidgets-search_bg_border_width":"0px","microwidgets-search_custom-icon":"the7-mw-icon-search-bold","microwidgets-search_font-color":"#aaaaaa","microwidgets-search_icon":"custom","microwidgets-search_icon-size":16,"microwidgets-search_input-padding":"12px 12px","microwidgets-search_overlay-bg":"color","microwidgets-search_overlay-bg-color":"rgba(0,0,0,0.9)","microwidgets-search_overlay-bg-gradient":"135deg|#ffffff 30%|#000000 100%","microwidgets-search_style":"popup","modules-albums-status":"enabled","modules-benefits-status":"enabled","modules-logos-status":"enabled","modules-portfolio-status":"enabled","modules-slideshow-status":"enabled","modules-team-status":"enabled","modules-testimonials-status":"enabled","page_title-background-style-transparent-color_scheme":"light","page_title-padding":"15px 0px","page_title-padding-bottom":"0px","page_title-padding-top":"15px","portfolio-breadcrumbs-text":"","portfolio-rel_projects_columns":{"wide_desktop":4,"desktop":3,"laptop":3,"h_tablet":3,"v_tablet":2,"phone":1},"portfolio-rel_projects_proportions":{"width":1,"height":1},"post-show_fancy_categories":"1","post-show_fancy_date":"1","sidebar-bg_color":"rgba(247,247,248,1)","sidebar-bg_image":{"image":"","repeat":"repeat","position_x":"center","position_y":"center"},"sidebar-bg_opacity":100,"sidebar-decoration":"none","sidebar-decoration_outline_color":"rgba(0,0,0,0.06)","sidebar-decoration_outline_opacity":6,"sidebar-distance_to_content":"50px","sidebar-divider-horizontal":"0","sidebar-divider-vertical":"1","sidebar-headers_color":"#292e36","sidebar-primary_text_color":"#787d85","sidebar-responsiveness":"970px","sidebar-vertical_distance":"60px","sidebar-visual_style":"with_dividers","sidebar-width":"33%","social_buttons-page":[],"social_buttons-page-button_title":"Share this page","social_buttons-photo":[],"social_buttons-photo-button_title":"Share this image","social_buttons-portfolio_post":[],"social_buttons-portfolio_post-button_title":"Share this post","social_buttons-post":[],"social_buttons-post-button_title":"Share this post","social_buttons-visibility":"allways","stripes-stripe_1_bg_image":{"image":"","repeat":"repeat","position_x":"center","position_y":"center"},"stripes-stripe_1_color":"#f8f8f9","stripes-stripe_1_content_boxes_bg_color":"#ffffff","stripes-stripe_1_content_boxes_bg_opacity":100,"stripes-stripe_1_content_boxes_decoration":"none","stripes-stripe_1_content_boxes_decoration_outline_color":"#dd3333","stripes-stripe_1_content_boxes_decoration_outline_opacity":100,"stripes-stripe_1_headers_color":"#3b3f4a","stripes-stripe_1_outline":"hide","stripes-stripe_1_outline_color":"#44bb70","stripes-stripe_1_outline_opacity":100,"stripes-stripe_1_text_color":"#787d85","stripes-stripe_2_bg_image":{"image":"","repeat":"repeat","position_x":"center","position_y":"center"},"stripes-stripe_2_color":"#23262d","stripes-stripe_2_content_boxes_bg_color":"#ffffff","stripes-stripe_2_content_boxes_bg_opacity":10,"stripes-stripe_2_content_boxes_decoration":"none","stripes-stripe_2_content_boxes_decoration_outline_color":"#ffffff","stripes-stripe_2_content_boxes_decoration_outline_opacity":15,"stripes-stripe_2_headers_color":"#ffffff","stripes-stripe_2_outline":"hide","stripes-stripe_2_outline_color":"#ffffff","stripes-stripe_2_outline_opacity":15,"stripes-stripe_2_text_color":"#8b9199","stripes-stripe_3_bg_image":{"image":"https:\/\/the7.io\/old-landing\/inc\/presets\/images\/full\/skin22.stripes-stripe-3-bg-image.jpg","repeat":"repeat","position_x":"center","position_y":"center"},"stripes-stripe_3_color":"#000000","stripes-stripe_3_content_boxes_bg_color":"#ffffff","stripes-stripe_3_content_boxes_bg_opacity":10,"stripes-stripe_3_content_boxes_decoration":"none","stripes-stripe_3_content_boxes_decoration_outline_color":"#ffffff","stripes-stripe_3_content_boxes_decoration_outline_opacity":19,"stripes-stripe_3_headers_color":"#ffffff","stripes-stripe_3_outline":"hide","stripes-stripe_3_outline_color":"#252728","stripes-stripe_3_outline_opacity":100,"stripes-stripe_3_text_color":"#ffffff","top-bar-height":"0px","top-bar-transparent_bg_color":"rgba(0,0,0,0.5)","top_bar-bg-color":"rgba(35,38,45,0)","top_bar-bg-image":{"image":"","repeat":"repeat","position_x":"center","position_y":"center"},"top_bar-bg-opacity":30,"top_bar-bg-style":"fullwidth_line","top_bar-custom-icon-color":"","top_bar-custom-icon-size":16,"top_bar-font-color":"#adb0b6","top_bar-line-color":"rgba(173,176,182,0.3)","top_bar-line-in-transparent-header":false,"top_bar-line_size":"1px","top_bar-line_style":"solid","top_bar-padding":"5px 0px 5px 0px","top_bar-paddings-bottom":5,"top_bar-paddings-horizontal":0,"top_bar-paddings-top":5,"top_bar-switch_paddings":"0px","top_bar-typography":{"font_family":"Roboto:500","font_size":"13","text_transform":"none"},"top_bar_mobile_paddings":"5px 20px 5px 20px","widgetareas":{"1":{"sidebar_name":"Default Sidebar","sidebar_desc":"Sidebar primary widget area"},"2":{"sidebar_name":"Default Footer","sidebar_desc":"Footer primary widget area"}},"header-mobile-floating-bg-color":"rgba(0,0,0,0.7)","fonts-widget-title":{"font_family":"Roboto:700","text_transform":"none","responsive_font_size":{"desktop":"18px"},"responsive_line_height":{"desktop":"28px"}},"fonts-woo-title":{"font_family":"Roboto:700","text_transform":"none","responsive_font_size":{"desktop":"18px"},"responsive_line_height":{"desktop":"28px"}},"fonts-woo-content":{"font_family":"Open Sans","responsive_font_size":{"desktop":"15px"},"responsive_line_height":{"desktop":"28px"}},"fonts-widget-content":{"font_family":"Open Sans","responsive_font_size":{"desktop":"14px"},"responsive_line_height":{"desktop":"26px"}},"header-elements-woocommerce_cart-font-content":{"font_family":"Open Sans","responsive_font_size":{"desktop":"14px"},"responsive_line_height":{"desktop":"26px"}},"buttons-s-custom-icon-size":1,"buttons-m-custom-icon-size":1,"buttons-l-custom-icon-size":1,"buttons-lg-custom-icon-size":1,"buttons-xl-custom-icon-size":1,"button-shadow":{"color":"rgba(0, 0, 0, 0)","horizontal":"0","vertical":"0","blur":"10","spread":"0","position":"outline"},"button-shadow-hover":{"color":"rgba(0, 0, 0, 0)","horizontal":"0","vertical":"0","blur":"10","spread":"0","position":"outline"},"buttons-lg-typography":{"font_family":"Roboto","text_transform":"none"},"buttons-xl-typography":{"font_family":"Roboto","text_transform":"none"}},"the7_dashboard_settings":{"mega-menu":true,"elementor-buttons-integration":false,"elementor-theme-style":false,"portfolio":true,"testimonials":false,"team":false,"logos":false,"benefits":false,"albums":false,"slideshow":false},"wp_settings":{"show_on_front":"page","page_on_front":"2","page_for_posts":"0"},"widgets_settings":{"widget_archives":{"2":{"title":"","count":0,"dropdown":0},"_multiwidget":1},"widget_meta":{"2":{"title":""},"_multiwidget":1},"widget_search":{"2":{"title":""},"_multiwidget":1},"widget_text":{"1":[],"_multiwidget":1},"widget_categories":{"2":{"title":"","count":0,"hierarchical":0,"dropdown":0},"_multiwidget":1},"widget_recent-posts":{"2":{"title":"","number":5},"_multiwidget":1},"widget_recent-comments":{"2":{"title":"","number":5},"_multiwidget":1},"widget_rss":{"1":[],"_multiwidget":1},"widget_presscore-portfolio":{"2":{"title":"More demos","order":"DESC","orderby":"date","select":"all","show":24,"cats":[],"max_width":110},"_multiwidget":1},"sidebars_widgets":{"orphaned_widgets_1":["search-2","recent-posts-2","recent-comments-2","archives-2","categories-2","meta-2"],"wp_inactive_widgets":["9022"],"sidebar_1":["presscore-portfolio-2"],"sidebar_2":[],"array_version":3}},"nav_menu_locations":{"bottom":4,"primary":6,"mobile":6},"ultimate_selected_google_fonts":[{"font_family":"Open+Sans","font_name":"Open Sans","variants":[{"variant_value":"300","variant_selected":"false"},{"variant_value":"300italic","variant_selected":"false"},{"variant_value":"italic","variant_selected":"false"},{"variant_value":"600","variant_selected":"true"},{"variant_value":"600italic","variant_selected":"false"},{"variant_value":"700","variant_selected":"true"},{"variant_value":"700italic","variant_selected":"false"},{"variant_value":"800","variant_selected":"true"},{"variant_value":"800italic","variant_selected":"false"}],"subsets":[{"subset_value":"vietnamese","subset_selected":"false"},{"subset_value":"greek","subset_selected":"false"},{"subset_value":"latin-ext","subset_selected":"false"},{"subset_value":"cyrillic-ext","subset_selected":"false"},{"subset_value":"latin","subset_selected":"false"},{"subset_value":"cyrillic","subset_selected":"false"},{"subset_value":"greek-ext","subset_selected":"false"}]}],"ultimate_icon_fonts":[],"the7_fontawesome_version":"fa5","revolution_sliders":["the7-landing-hero-image","the7-landing-page-hero-image","the7-hero-18-10-2018"],"vc_settings":{"use_custom":"1","vc_color":"#f7f7f7","vc_color_hover":"#F0F0F0","vc_color_call_to_action_bg":"","vc_color_google_maps_bg":"","vc_color_post_slider_caption_bg":"","vc_color_progress_bar_bg":"","vc_color_separator_border":"","vc_color_tab_bg":"","vc_color_tab_bg_active":"","margin":"0px","gutter":"50","responsive_max":"778"}}