{"schema":{"folders":{"ultimate_icon_fonts":"Ultimate_VC_Addons\/icon-fonts"}},"theme_options":{"blog-fancy_date-style":"vertical","blog-thumbnail_proportions":{"width":3,"height":2},"blog-thumbnail_size":"original","bottom_bar-bg_color":"#073757","bottom_bar-bg_image":{"image":"","repeat":"repeat","position_x":"center","position_y":"top"},"bottom_bar-bg_opacity":100,"bottom_bar-collapse_after":"990px","bottom_bar-color":"#ffffff","bottom_bar-copyrights":"<i class=\"fa fa-copyright\"><\/i> Seven Media 2016-2017","bottom_bar-credits":false,"bottom_bar-enabled":"1","bottom_bar-height":"60px","bottom_bar-layout":"logo_left","bottom_bar-logo-padding":"20px 20px 20px 0px","bottom_bar-logo-padding-bottom":20,"bottom_bar-logo-padding-left":0,"bottom_bar-logo-padding-right":20,"bottom_bar-logo-padding-top":20,"bottom_bar-logo_hd":["\/wp-content\/uploads\/sites\/12\/2019\/07\/f-l.png",1961],"bottom_bar-logo_regular":["\/wp-content\/uploads\/sites\/12\/2019\/07\/f-sm.png",1960],"bottom_bar-menu-collapse_after":"778px","bottom_bar-padding":"10px 10px","bottom_bar-style":"solid_background","bottom_bar-text":"","breadcrumbs-typography":{"font_family":"Roboto","font_size":"13","line_height":"23","text_transform":"none"},"breadcrumbs_bg_color":"rgba(255,255,255,0.2)","breadcrumbs_bg_opacity":20,"breadcrumbs_border_color":"rgba(255,255,255,0.5)","breadcrumbs_border_opacity":50,"breadcrumbs_border_radius":"3px","breadcrumbs_border_width":"0px","breadcrumbs_margin":"0px 0px 0px 0px","breadcrumbs_margin-bottom":"0px","breadcrumbs_margin-left":"0px","breadcrumbs_margin-right":"0px","breadcrumbs_margin-top":"0px","breadcrumbs_padding":"3px 12px 2px 12px","breadcrumbs_padding-bottom":"2px","breadcrumbs_padding-left":"12px","breadcrumbs_padding-right":"12px","breadcrumbs_padding-top":"3px","buttons-color":"#1c66a0","buttons-color_gradient":"135deg|#cc2e7d 30%|#e56027 100%","buttons-color_mode":"color","buttons-hover_color":"#15598e","buttons-hover_color_gradient":"135deg|#cc4789 30%|#e57544 100%","buttons-hover_color_mode":"color","buttons-l-icon-size":"16","buttons-l-typography":{"font_family":"Roboto Condensed","font_size":"16","text_transform":"none"},"buttons-l_border_radius":"0px","buttons-l_line_height":60,"buttons-l_padding":"16px 24px 16px 24px","buttons-l_padding-bottom":16,"buttons-l_padding-left":24,"buttons-l_padding-right":24,"buttons-l_padding-top":16,"buttons-m-icon-size":"14","buttons-m-typography":{"font_family":"Roboto:700","font_size":"14","text_transform":"none"},"buttons-m_border_radius":"0px","buttons-m_line_height":41,"buttons-m_padding":"11px 18px 11px 18px","buttons-m_padding-bottom":11,"buttons-m_padding-left":18,"buttons-m_padding-right":18,"buttons-m_padding-top":11,"buttons-s-icon-size":"12","buttons-s-typography":{"font_family":"Roboto:700","font_size":"12","text_transform":"none"},"buttons-s_border_radius":"0px","buttons-s_line_height":30,"buttons-s_padding":"8px 12px 8px 12px","buttons-s_padding-bottom":8,"buttons-s_padding-left":12,"buttons-s_padding-right":12,"buttons-s_padding-top":8,"buttons-text_color":"#ffffff","buttons-text_color_mode":"color","buttons-text_hover_color":"#ffffff","buttons-text_hover_color_mode":"color","content-headers_color":"#0b3655","content-links_color":"#ec7834","content-primary_text_color":"#666666","content-secondary_text_color":"#1c66a0","dividers-color":"rgba(204,204,204,0.5)","dividers-opacity":50,"filter-typography":{"font_family":"Roboto Condensed:700","font_size":18,"text_transform":"none"},"fonts-big_size":{"font_size":"16px","line_height":"29px"},"fonts-font_family":"Roboto","fonts-h1-typography":{"font_family":"Roboto Condensed:700","text_transform":"none","responsive_font_size":{"desktop":"54px","tablet":"44px","mobile":"44px"},"responsive_line_height":{"desktop":"64px"}},"fonts-h2-typography":{"font_family":"Roboto Condensed:700","text_transform":"none","responsive_font_size":{"desktop":"44px"},"responsive_line_height":{"desktop":"54px"}},"fonts-h3-typography":{"font_family":"Roboto Condensed:700","text_transform":"none","responsive_font_size":{"desktop":"34px"},"responsive_line_height":{"desktop":"44px"}},"fonts-h4-typography":{"font_family":"Roboto Condensed:700","text_transform":"none","responsive_font_size":{"desktop":"24px"},"responsive_line_height":{"desktop":"34px"}},"fonts-h5-typography":{"font_family":"Roboto Condensed:700","text_transform":"none","responsive_font_size":{"desktop":"18px"},"responsive_line_height":{"desktop":"26px"}},"fonts-h6-typography":{"font_family":"Roboto Condensed:700","text_transform":"none","responsive_font_size":{"desktop":"16px"},"responsive_line_height":{"desktop":"26px"}},"fonts-normal_size":{"font_size":"14px","line_height":"26px"},"fonts-small_size":{"font_size":"13px","line_height":"23px"},"footer-accent_text_color":"","footer-bg_color":"#0b3655","footer-bg_image":{"image":"","repeat":"repeat","position_x":"center","position_y":"top"},"footer-bg_opacity":100,"footer-collapse_after":"778px","footer-collapse_columns_after":"778px","footer-decoration":"none","footer-decoration_outline_color":"rgba(129,215,66,0.96)","footer-decoration_outline_opacity":96,"footer-headers_color":"#ffffff","footer-is_fullwidth":"0","footer-layout":"1\/3+1\/3+1\/3","footer-mobile_padding":"70px 20px 0px 20px","footer-padding":"70px 50px 0px 50px","footer-padding-bottom":0,"footer-padding-top":70,"footer-paddings-columns":"35px","footer-primary_text_color":"#ffffff","footer-slide-out-mode":"0","footer-style":"solid_background","general-accent_bg_color":"#ec7834","general-accent_bg_color_gradient":"135deg|#3eb4e6 30%|#58ddde 100%","general-accent_color_mode":"color","general-album_back_button_url":"","general-album_meta_author":false,"general-album_meta_categories":"1","general-album_meta_comments":false,"general-album_meta_date":"1","general-album_meta_on":"1","general-beautiful_loading":"enabled","general-bg_color":"rgba(255,255,255,1)","general-bg_fixed":false,"general-bg_fullscreen":false,"general-bg_image":{"image":"","repeat":"repeat","position_x":"center","position_y":"top"},"general-bg_opacity":100,"general-blog_meta_author":false,"general-blog_meta_categories":"1","general-blog_meta_comments":"1","general-blog_meta_date":"1","general-blog_meta_on":"1","general-blog_meta_tags":false,"general-border_radius":"3px","general-box_width":"1280px","general-boxed_bg_color":"#ffffff","general-boxed_bg_fixed":"1","general-boxed_bg_fullscreen":"1","general-boxed_bg_image":{"image":"","repeat":"no-repeat","position_x":"center","position_y":"center"},"general-breadcrumbs_bg_color":"disabled","general-breadcrumbs_color":"#1c66a0","general-contact_form_style":"minimal","general-content_boxes_bg_color":"rgba(114,119,125,0.08)","general-content_boxes_bg_opacity":8,"general-content_boxes_decoration":"none","general-content_boxes_decoration_outline_color":"rgba(0,0,0,0)","general-content_boxes_decoration_outline_opacity":0,"general-content_width":"1300px","general-custom_css":"","general-custom_loader":"","general-favicon":"\/wp-content\/uploads\/sites\/12\/2016\/03\/the7-new-fav1.gif","general-favicon_hd":"\/wp-content\/uploads\/sites\/12\/2016\/03\/the7-new-fav-hd1.gif","general-filter-margin":"0px 15px 0px 15px","general-filter-margin-bottom":0,"general-filter-margin-left":15,"general-filter-margin-right":15,"general-filter-margin-top":0,"general-filter-padding":"10px 0px 10px 0px","general-filter-padding-bottom":10,"general-filter-padding-left":0,"general-filter-padding-right":0,"general-filter-padding-top":10,"general-filter_style":"material","general-filter_style-material-line_size":3,"general-filter_style-minimal-border_radius":100,"general-fullscreen_overlay_color":"rgba(255,255,255,1)","general-fullscreen_overlay_color_mode":"color","general-fullscreen_overlay_gradient":"135deg|#8224e3 30%|#dd3333 100%","general-fullscreen_overlay_opacity":100,"general-handheld_icon-old_ipad":"","general-handheld_icon-old_iphone":"","general-handheld_icon-retina_ipad":"","general-handheld_icon-retina_iphone":"","general-hd_images":"srcset_based","general-images_lazy_loading":"1","general-layout":"wide","general-lightbox_arrow_size":"62px","general-lightbox_overlay_opacity":85,"general-loader_style":"square_jelly_box","general-navigation_margin":50,"general-next_prev_in_album":"1","general-next_prev_in_blog":"1","general-next_prev_in_portfolio":"1","general-page-title-typography":{"font_family":"Roboto Condensed:700","font_size":"34","line_height":"44","text_transform":"none"},"general-page_content_bottom_margin":70,"general-page_content_margin":"70px 50px 70px 50px","general-page_content_mobile_margin":"70px 20px 70px 20px","general-page_content_top_margin":70,"general-portfolio_meta_author":false,"general-portfolio_meta_categories":"1","general-portfolio_meta_comments":false,"general-portfolio_meta_date":"1","general-portfolio_meta_on":"1","general-post_back_button_url":"\/marketing-agency\/blog\/","general-project_back_button_url":"\/marketing-agency\/showcase\/","general-rel_posts_head_title":"Related posts","general-rel_posts_max":6,"general-rel_projects_details":false,"general-rel_projects_excerpt":false,"general-rel_projects_fullwidth_height":190,"general-rel_projects_fullwidth_width":275,"general-rel_projects_fullwidth_width_style":"fixed","general-rel_projects_head_title":"Related projects","general-rel_projects_height":180,"general-rel_projects_info_author":false,"general-rel_projects_info_categories":"1","general-rel_projects_info_comments":false,"general-rel_projects_info_date":false,"general-rel_projects_link":false,"general-rel_projects_max":4,"general-rel_projects_title":"1","general-rel_projects_width":180,"general-rel_projects_width_style":"prop","general-rel_projects_zoom":false,"general-responsive":"1","general-responsive_title_height":"120px","general-responsive_title_line_height":36,"general-responsive_title_size":26,"general-responsiveness-treshold":970,"general-show_author_in_blog":"1","general-show_back_button_in_album":"1","general-show_back_button_in_post":"1","general-show_back_button_in_project":"1","general-show_breadcrumbs":"1","general-show_rel_posts":"1","general-show_rel_projects":"0","general-show_titles":"1","general-slideshow_bullets_style":"transparent","general-smooth_scroll":"off","general-spinner_color":"#1367a3","general-spinner_opacity":100,"general-switch_content_paddings":"778px","general-template_content_vertical_margins":50,"general-title_align":"left","general-title_bg_color":"#f4f4f4","general-title_bg_fixed":false,"general-title_bg_fullscreen":false,"general-title_bg_gradient":"135deg|#4a66d6 30%|#12b4ea 100%","general-title_bg_image":{"image":"","repeat":"repeat","position_x":"center","position_y":"center"},"general-title_bg_mode":"background","general-title_bg_opacity":8,"general-title_bg_overlay":false,"general-title_bg_overlay_opacity":50,"general-title_bg_parallax":"0","general-title_color":"#0b3655","general-title_decoration":"none","general-title_decoration_line_color":"rgba(204,204,204,0.5)","general-title_decoration_line_height":"1px","general-title_decoration_line_opacity":50,"general-title_decoration_line_style":"solid","general-title_decoration_outline_color":"rgba(30,115,190,0)","general-title_decoration_outline_height":"1px","general-title_decoration_outline_opacity":0,"general-title_decoration_outline_style":"solid","general-title_enable_bg_img":"disabled","general-title_height":"120px","general-title_overlay_color":"rgba(0,0,0,0.5)","general-title_responsive_breadcrumbs":false,"general-title_scroll_effect":"default","general-titles-responsiveness-switch":"990px","general-titles_responsiveness":"1","header-background":"normal","header-bg-color":"#ffffff","header-bg-image":{"image":"","repeat":"repeat","position_x":"center","position_y":"center"},"header-bg-is_fixed":false,"header-bg-is_fullscreen":false,"header-bg-opacity":100,"header-classic-elements":{"top_bar_left":["custom_menu"],"top_bar_right":["search"],"near_menu_right":["social_icons"],"near_logo_right":["phone","email"]},"header-classic-elements-near_logo-custom-icon-color":"","header-classic-elements-near_logo-custom-icon-size":16,"header-classic-elements-near_logo-font_color":"#888888","header-classic-elements-near_logo-typography":{"font_family":"Arial","font_size":"14"},"header-classic-elements-near_logo_left-padding":"0px 0px 0px 0px","header-classic-elements-near_logo_left-padding-bottom":0,"header-classic-elements-near_logo_left-padding-left":0,"header-classic-elements-near_logo_left-padding-right":0,"header-classic-elements-near_logo_left-padding-top":0,"header-classic-elements-near_logo_right-padding":"0px 0px 0px 0px","header-classic-elements-near_logo_right-padding-bottom":0,"header-classic-elements-near_logo_right-padding-left":0,"header-classic-elements-near_logo_right-padding-right":0,"header-classic-elements-near_logo_right-padding-top":0,"header-classic-elements-near_menu-custom-icon-color":"","header-classic-elements-near_menu-custom-icon-size":16,"header-classic-elements-near_menu-font_color":"#888888","header-classic-elements-near_menu-typography":{"font_family":"Arial","font_size":"14"},"header-classic-elements-near_menu_right-padding":"0px 0px 0px 40px","header-classic-elements-near_menu_right-padding-bottom":0,"header-classic-elements-near_menu_right-padding-left":40,"header-classic-elements-near_menu_right-padding-right":0,"header-classic-elements-near_menu_right-padding-top":0,"header-classic-height":"180px","header-classic-is_fullwidth":"0","header-classic-logo-position":"left","header-classic-menu-bg-color":"rgba(0,0,0,1)","header-classic-menu-bg-opacity":100,"header-classic-menu-bg-style":"solid","header-classic-menu-margin":"0px 0px","header-classic-menu-margin-bottom":0,"header-classic-menu-margin-top":0,"header-classic-menu-position":"left","header-classic-show_elements":"1","header-classic-side-padding":"30px 30px","header-classic-switch_paddings":"0px","header-classic_mobile_paddings":"0px 0px","header-decoration":"disabled","header-decoration-color":"rgba(221,51,51,1)","header-decoration-opacity":100,"header-elements-button-1-bg":"accent","header-elements-button-1-bg-color":"#ffffff","header-elements-button-1-bg-gradient":"135deg|#ffffff 30%|#000000 100%","header-elements-button-1-border-color":"accent","header-elements-button-1-border-color-mono":"#ffffff","header-elements-button-1-border_radius":"0px","header-elements-button-1-border_width":"1px","header-elements-button-1-choose-icon":"","header-elements-button-1-first-header-switch":"near_logo","header-elements-button-1-hover-bg":"accent","header-elements-button-1-hover-bg-color":"#ffffff","header-elements-button-1-hover-bg-gradient":"135deg|#ffffff 30%|#000000 100%","header-elements-button-1-hover-border-color":"accent","header-elements-button-1-hover-border-color-mono":"#ffffff","header-elements-button-1-hover-icon-color":"color","header-elements-button-1-hover-icon-color-gradient":"90deg|#ffffff 30%|#000000 100%","header-elements-button-1-hover-icon-color-mono":"#ffffff","header-elements-button-1-icon":false,"header-elements-button-1-icon-color":"color","header-elements-button-1-icon-color-gradient":"90deg|#ffffff 30%|#000000 100%","header-elements-button-1-icon-color-mono":"#ffffff","header-elements-button-1-icon-position":"right","header-elements-button-1-icon-size":14,"header-elements-button-1-icon_gap":"5px","header-elements-button-1-name":"Button","header-elements-button-1-on-desktops":"show","header-elements-button-1-padding":"10px 20px 10px 20px","header-elements-button-1-second-header-switch":"in_menu","header-elements-button-1-smooth-scroll":false,"header-elements-button-1-target":false,"header-elements-button-1-typography":{"font_family":"Roboto:700","font_size":"14"},"header-elements-button-1-url":"","header-elements-button-2-bg":"accent","header-elements-button-2-bg-color":"#ffffff","header-elements-button-2-bg-gradient":"135deg|#ffffff 30%|#000000 100%","header-elements-button-2-border-color":"accent","header-elements-button-2-border-color-mono":"#ffffff","header-elements-button-2-border_radius":"0px","header-elements-button-2-border_width":"1px","header-elements-button-2-choose-icon":"","header-elements-button-2-first-header-switch":"near_logo","header-elements-button-2-hover-bg":"accent","header-elements-button-2-hover-bg-color":"#ffffff","header-elements-button-2-hover-bg-gradient":"135deg|#ffffff 30%|#000000 100%","header-elements-button-2-hover-border-color":"accent","header-elements-button-2-hover-border-color-mono":"#ffffff","header-elements-button-2-hover-icon-color":"color","header-elements-button-2-hover-icon-color-gradient":"90deg|#ffffff 30%|#000000 100%","header-elements-button-2-hover-icon-color-mono":"#ffffff","header-elements-button-2-icon":false,"header-elements-button-2-icon-color":"color","header-elements-button-2-icon-color-gradient":"90deg|#ffffff 30%|#000000 100%","header-elements-button-2-icon-color-mono":"#ffffff","header-elements-button-2-icon-position":"right","header-elements-button-2-icon-size":14,"header-elements-button-2-icon_gap":"5px","header-elements-button-2-name":"Button","header-elements-button-2-on-desktops":"show","header-elements-button-2-padding":"10px 20px 10px 20px","header-elements-button-2-second-header-switch":"in_menu","header-elements-button-2-smooth-scroll":false,"header-elements-button-2-target":false,"header-elements-button-2-typography":{"font_family":"Roboto:700","font_size":"14"},"header-elements-button-2-url":"","header-elements-contact-address-caption":"8500 Beverly Boulevard Los Angeles, CA 90048","header-elements-contact-address-custom-icon":"icomoon-the7-font-the7-map-07","header-elements-contact-address-first-header-switch":"in_menu","header-elements-contact-address-icon":"custom","header-elements-contact-address-on-desktops":"show","header-elements-contact-address-second-header-switch":"in_menu","header-elements-contact-address-url":"","header-elements-contact-clock-caption":"Monday \u2013 Friday 10 AM \u2013 8 PM","header-elements-contact-clock-custom-icon":"the7-mw-icon-clock-bold","header-elements-contact-clock-first-header-switch":"near_logo","header-elements-contact-clock-icon":"custom","header-elements-contact-clock-on-desktops":"show","header-elements-contact-clock-second-header-switch":"in_menu","header-elements-contact-clock-url":"","header-elements-contact-email-caption":"sales@yoursite.com","header-elements-contact-email-custom-icon":"icomoon-the7-font-the7-mail-08","header-elements-contact-email-first-header-switch":"top_bar_left","header-elements-contact-email-icon":"custom","header-elements-contact-email-on-desktops":"show","header-elements-contact-email-second-header-switch":"in_menu","header-elements-contact-email-url":"","header-elements-contact-multipurpose_1-caption":"","header-elements-contact-multipurpose_1-custom-icon":"","header-elements-contact-multipurpose_1-first-header-switch":"near_logo","header-elements-contact-multipurpose_1-icon":"custom","header-elements-contact-multipurpose_1-on-desktops":"show","header-elements-contact-multipurpose_1-second-header-switch":"in_menu","header-elements-contact-multipurpose_1-url":"","header-elements-contact-multipurpose_2-caption":"","header-elements-contact-multipurpose_2-custom-icon":"","header-elements-contact-multipurpose_2-first-header-switch":"near_logo","header-elements-contact-multipurpose_2-icon":"custom","header-elements-contact-multipurpose_2-on-desktops":"show","header-elements-contact-multipurpose_2-second-header-switch":"in_menu","header-elements-contact-multipurpose_2-url":"","header-elements-contact-multipurpose_3-caption":"","header-elements-contact-multipurpose_3-custom-icon":"","header-elements-contact-multipurpose_3-first-header-switch":"near_logo","header-elements-contact-multipurpose_3-icon":"custom","header-elements-contact-multipurpose_3-on-desktops":"show","header-elements-contact-multipurpose_3-second-header-switch":"in_menu","header-elements-contact-multipurpose_3-url":"","header-elements-contact-multipurpose_4-caption":"","header-elements-contact-multipurpose_4-custom-icon":"","header-elements-contact-multipurpose_4-first-header-switch":"near_logo","header-elements-contact-multipurpose_4-icon":"custom","header-elements-contact-multipurpose_4-on-desktops":"show","header-elements-contact-multipurpose_4-second-header-switch":"in_menu","header-elements-contact-multipurpose_4-url":"","header-elements-contact-phone-caption":"011 322 44 56","header-elements-contact-phone-custom-icon":"icomoon-the7-font-the7-phone-04","header-elements-contact-phone-first-header-switch":"top_bar_left","header-elements-contact-phone-icon":"custom","header-elements-contact-phone-on-desktops":"show","header-elements-contact-phone-second-header-switch":"in_menu","header-elements-contact-phone-url":"","header-elements-contact-skype-caption":"Seven_Marketing","header-elements-contact-skype-custom-icon":"the7-mw-icon-skype-bold","header-elements-contact-skype-first-header-switch":"in_menu","header-elements-contact-skype-icon":"custom","header-elements-contact-skype-on-desktops":"show","header-elements-contact-skype-second-header-switch":"in_menu","header-elements-contact-skype-url":"","header-elements-edd_cart-sub_cart-bg-color":"rgba(17,17,17,1)","header-elements-edd_cart-sub_cart-bg-width":250,"header-elements-edd_cart-sub_cart-font-color":"#ffffff","header-elements-login-caption":"Login","header-elements-login-custom-icon":"the7-mw-icon-login-bold","header-elements-login-first-header-switch":"near_logo","header-elements-login-icon":"custom","header-elements-login-logout_url":"","header-elements-login-on-desktops":"show","header-elements-login-second-header-switch":"in_menu","header-elements-login-url":"http:\/\/themeforest.net","header-elements-login-use_logout_url":false,"header-elements-logout-caption":"Logout","header-elements-menu-first-header-switch":"near_logo","header-elements-menu-icon":"custom","header-elements-menu-on-desktops":"show","header-elements-menu-second-header-switch":"hidden","header-elements-menu-style":"dropdown","header-elements-menu-style-first-switch":"dropdown","header-elements-menu-style-second-switch":"dropdown","header-elements-menu2-first-header-switch":"near_logo","header-elements-menu2-icon":"custom","header-elements-menu2-on-desktops":"show","header-elements-menu2-second-header-switch":"in_menu","header-elements-menu2-style":"dropdown","header-elements-menu2-style-first-switch":"dropdown","header-elements-menu2-style-second-switch":"dropdown","header-elements-menu2_custom-icon":"the7-mw-icon-dropdown-menu-bold","header-elements-menu_custom-icon":"the7-mw-icon-dropdown-menu-bold","header-elements-near_logo-font_color":"#3c3e45","header-elements-near_logo-font_family":"Open Sans","header-elements-near_logo-font_size":13,"header-elements-near_menu-font_color":"#111111","header-elements-near_menu-font_family":"Roboto:700","header-elements-near_menu-font_size":14,"header-elements-search-by":"general","header-elements-search-caption":"","header-elements-search-first-header-switch":"near_logo","header-elements-search-icon":"custom","header-elements-search-input-caption":"Type and hit enter \u2026","header-elements-search-on-desktops":"show","header-elements-search-second-header-switch":"near_logo","header-elements-search_custom-icon":"the7-mw-icon-search-bold","header-elements-soc_icons":[{"icon":"facebook","url":"https:\/\/www.facebook.com\/WordPress.Premium.Theme\/"},{"icon":"twitter","url":"https:\/\/twitter.com\/premium_theme"},{"icon":"pinterest","url":"https:\/\/www.pinterest.com\/dreamtheme\/"},{"icon":"you-tube","url":"https:\/\/www.youtube.com"},{"icon":"instagram","url":"https:\/\/www.instagram.com\/dream_theme_photo\/"}],"header-elements-soc_icons-bg":"color","header-elements-soc_icons-bg-color":"#1c66a0","header-elements-soc_icons-bg-gradient":"135deg|#ffffff 30%|#000000 100%","header-elements-soc_icons-bg-hover-opacity":100,"header-elements-soc_icons-bg-opacity":100,"header-elements-soc_icons-bg-size":"34px","header-elements-soc_icons-border":"disabled","header-elements-soc_icons-border-color":"#ffffff","header-elements-soc_icons-color":"#ffffff","header-elements-soc_icons-first-header-switch":"top_bar_right","header-elements-soc_icons-hover-bg":"color","header-elements-soc_icons-hover-bg-color":"#ec7834","header-elements-soc_icons-hover-bg-gradient":"135deg|#ffffff 30%|#000000 100%","header-elements-soc_icons-hover-border":"disabled","header-elements-soc_icons-hover-border-color":"#ffffff","header-elements-soc_icons-hover-color":"#ffffff","header-elements-soc_icons-on-desktops":"show","header-elements-soc_icons-second-header-switch":"in_menu","header-elements-soc_icons-size":"16px","header-elements-soc_icons_border_radius":"0px","header-elements-soc_icons_border_width":"0px","header-elements-soc_icons_gap":1,"header-elements-text":"Some call to action text goes here!","header-elements-text-2":"Some call to action text goes here!","header-elements-text-2-first-header-switch":"near_logo","header-elements-text-2-on-desktops":"show","header-elements-text-2-second-header-switch":"in_menu","header-elements-text-3":"Some call to action text goes here!","header-elements-text-3-first-header-switch":"near_logo","header-elements-text-3-on-desktops":"show","header-elements-text-3-second-header-switch":"in_menu","header-elements-text-4":"","header-elements-text-4-first-header-switch":"near_logo","header-elements-text-4-on-desktops":"show","header-elements-text-4-second-header-switch":"in_menu","header-elements-text-5":"","header-elements-text-5-first-header-switch":"near_logo","header-elements-text-5-on-desktops":"show","header-elements-text-5-second-header-switch":"in_menu","header-elements-text-first-header-switch":"near_logo","header-elements-text-on-desktops":"show","header-elements-text-second-header-switch":"in_menu","header-elements-woocommerce_cart-sub_cart-bg-color":"rgba(17,17,17,1)","header-elements-woocommerce_cart-sub_cart-bg-width":250,"header-elements-woocommerce_cart-sub_cart-font-color":"#ffffff","header-floating_navigation-active_item-font-color":"#ffffff","header-floating_navigation-active_item-font-gradient":"90deg|#ffffff 30%|#000000 100%","header-floating_navigation-bg-color":"rgba(255,255,255,1)","header-floating_navigation-bg-image":{"image":"","repeat":"repeat","position_x":"center","position_y":"center"},"header-floating_navigation-bg-is_fullscreen":false,"header-floating_navigation-bg-opacity":100,"header-floating_navigation-decoration":"shadow","header-floating_navigation-decoration-color":"rgba(221,51,51,1)","header-floating_navigation-decoration-opacity":100,"header-floating_navigation-font-active":"default","header-floating_navigation-font-color":"#ffffff","header-floating_navigation-font-hover":"default","header-floating_navigation-font-normal":"default","header-floating_navigation-height":"70px","header-floating_navigation-hover-font-color":"#ffffff","header-floating_navigation-hover-font-gradient":"90deg|#ffffff 30%|#000000 100%","header-floating_navigation-show_after":"160px","header-floating_navigation-style":"slide","header-floating_navigation-top-bar":false,"header-inline-elements":{"top_bar_left":["phone","email","address"],"top_bar_right":["social_icons"],"near_menu_right":["search"]},"header-inline-elements-near_menu-custom-icon-color":"","header-inline-elements-near_menu-custom-icon-size":18,"header-inline-elements-near_menu-font_color":"#0b3655","header-inline-elements-near_menu-typography":{"font_family":"Roboto:700","font_size":"14"},"header-inline-elements-near_menu_right-padding":"0px 0px 0px 18px","header-inline-elements-near_menu_right-padding-bottom":0,"header-inline-elements-near_menu_right-padding-left":0,"header-inline-elements-near_menu_right-padding-right":0,"header-inline-elements-near_menu_right-padding-top":0,"header-inline-height":"100px","header-inline-is_fullwidth":"0","header-inline-menu-position":"right","header-inline-show_elements":"1","header-inline-side-padding":"50px 50px","header-inline-switch_paddings":"778px","header-inline_mobile_paddings":"20px 20px","header-layout":"inline","header-logo-padding":"0px 0px 0px 0px","header-logo-padding-bottom":0,"header-logo-padding-left":0,"header-logo-padding-right":0,"header-logo-padding-top":0,"header-logo_hd":["\/wp-content\/uploads\/sites\/12\/2019\/07\/br-b.png",1862],"header-logo_regular":["\/wp-content\/uploads\/sites\/12\/2019\/07\/br-s.png",1861],"header-mega-menu-desc-font-color":"#ffffff","header-mega-menu-desc-typography":{"font_family":"Roboto","font_size":"13"},"header-mega-menu-items-padding":"0px 0px 10px 0px","header-mega-menu-submenu-bg-padding":"0px 10px 0px 10px","header-mega-menu-submenu-column-padding":"20px 10px 20px 10px","header-mega-menu-submenu-column-width":"240px","header-mega-menu-title-active_item-font-color":"#ffffff","header-mega-menu-title-active_item-font-color-style":"accent","header-mega-menu-title-active_item-font-gradient":"90deg|#ffffff 30%|#000000 100%","header-mega-menu-title-font-color":"#ffffff","header-mega-menu-title-hover-font-color":"#ffffff","header-mega-menu-title-hover-font-color-style":"accent","header-mega-menu-title-hover-font-gradient":"90deg|#ffffff 30%|#000000 100%","header-mega-menu-title-icon-size":18,"header-mega-menu-title-typography":{"font_family":"Roboto Condensed:700","font_size":"18","text_transform":"none"},"header-mega-menu-widget-accent-color":"","header-mega-menu-widget-font-color":"#ffffff","header-mega-menu-widget-title-color":"#ffffff","header-menu-active_item-font-color":"#ec7834","header-menu-active_item-font-color-style":"color","header-menu-active_item-font-gradient":"90deg|#ffffff 30%|#000000 100%","header-menu-decoration-other-active-color":"#f4f4f4","header-menu-decoration-other-active-color-style":"color","header-menu-decoration-other-active-gradient":"135deg|#ffffff 30%|#000000 100%","header-menu-decoration-other-active-line":"1","header-menu-decoration-other-active-line-color":"#ec7834","header-menu-decoration-other-active-line-color-style":"color","header-menu-decoration-other-active-line-gradient":"135deg|#dd3333 30%|#81d742 100%","header-menu-decoration-other-active-line-opacity":100,"header-menu-decoration-other-active-opacity":100,"header-menu-decoration-other-active-style":"background","header-menu-decoration-other-border-radius":0,"header-menu-decoration-other-click_decor":"1","header-menu-decoration-other-click_decor-color":"rgba(255,255,255,0.2)","header-menu-decoration-other-click_decor-color-style":"accent","header-menu-decoration-other-click_decor-gradient":"135deg|rgba(255,255,255,0.2) 30%|rgba(0,0,0,0.2) 100%","header-menu-decoration-other-click_decor-opacity":20,"header-menu-decoration-other-hover-color":"#f4f4f4","header-menu-decoration-other-hover-color-style":"color","header-menu-decoration-other-hover-gradient":"135deg|#ffffff 30%|#000000 100%","header-menu-decoration-other-hover-line":"1","header-menu-decoration-other-hover-line-color":"#1c66a0","header-menu-decoration-other-hover-line-color-style":"color","header-menu-decoration-other-hover-line-gradient":"135deg|#ffffff 30%|#000000 100%","header-menu-decoration-other-hover-line-opacity":100,"header-menu-decoration-other-hover-style":"background","header-menu-decoration-other-line_size":"3px","header-menu-decoration-other-links-is_justified":"0","header-menu-decoration-other-opacity":100,"header-menu-decoration-style":"other","header-menu-decoration-underline-color":"#ffffff","header-menu-decoration-underline-color-style":"accent","header-menu-decoration-underline-direction":"upwards","header-menu-decoration-underline-gradient":"135deg|#ffffff 30%|#000000 100%","header-menu-decoration-underline-line_size":"2px","header-menu-dividers-color":"rgba(0,0,0,0.08)","header-menu-dividers-height":"20px","header-menu-dividers-height-style":"full","header-menu-dividers-opacity":8,"header-menu-dividers-surround":"1","header-menu-font-color":"#0b3655","header-menu-hover-font-color":"#1c66a0","header-menu-hover-font-color-style":"color","header-menu-hover-font-gradient":"90deg|#8224e3 30%|#751257 100%","header-menu-icon-size":16,"header-menu-item-margin":"12px 3px 12px 3px","header-menu-item-margin-bottom":0,"header-menu-item-margin-left":0,"header-menu-item-margin-right":0,"header-menu-item-margin-top":0,"header-menu-item-padding":"10px 14px 10px 14px","header-menu-item-padding-bottom":0,"header-menu-item-padding-left":18,"header-menu-item-padding-right":18,"header-menu-item-padding-top":0,"header-menu-item-surround_margins-custom-margin":"0px","header-menu-item-surround_margins-style":"disabled","header-menu-show_dividers":"0","header-menu-show_next_lvl_icons":"1","header-menu-submenu-active-bg-color":"#f4f4f4","header-menu-submenu-active-bg-color-style":"color","header-menu-submenu-active-bg-gradient":"90deg|#81d742 30%|#eeee22 100%","header-menu-submenu-active-bg-opacity":7,"header-menu-submenu-active-font-color":"#ec7834","header-menu-submenu-active-font-color-style":"color","header-menu-submenu-active-font-gradient":"90deg|#ffffff 30%|#000000 100%","header-menu-submenu-bg-color":"#ffffff","header-menu-submenu-bg-hover":"background","header-menu-submenu-bg-opacity":100,"header-menu-submenu-bg-padding":"0px 6px 0px 6px","header-menu-submenu-bg-width":"250px","header-menu-submenu-font-color":"#0b3655","header-menu-submenu-hover-bg-color":"#f4f4f4","header-menu-submenu-hover-bg-color-style":"color","header-menu-submenu-hover-bg-gradient":"90deg|#81d742 30%|#eeee22 100%","header-menu-submenu-hover-bg-opacity":7,"header-menu-submenu-hover-font-color":"#1c66a0","header-menu-submenu-hover-font-color-style":"color","header-menu-submenu-hover-font-gradient":"90deg|#81d742 30%|#eeee22 100%","header-menu-submenu-icon-size":14,"header-menu-submenu-item-margin":"6px 0px 6px 0px","header-menu-submenu-item-margin-bottom":0,"header-menu-submenu-item-margin-left":0,"header-menu-submenu-item-margin-right":0,"header-menu-submenu-item-margin-top":0,"header-menu-submenu-item-padding":"10px 12px 10px 12px","header-menu-submenu-item-padding-bottom":10,"header-menu-submenu-item-padding-left":12,"header-menu-submenu-item-padding-right":12,"header-menu-submenu-item-padding-top":10,"header-menu-submenu-parent_is_clickable":"1","header-menu-submenu-show_next_lvl_icons":"1","header-menu-submenu-subtitle-typography":{"font_family":"Arial:400italic","font_size":"10"},"header-menu-submenu-typography":{"font_family":"Roboto:700","font_size":"14","text_transform":"none"},"header-menu-subtitle-typography":{"font_family":"Arial:400italic","font_size":"11"},"header-menu-typography":{"font_family":"Roboto Condensed:700","font_size":"18","text_transform":"none"},"header-menu_close_icon-margin":"30px 30px 30px 30px","header-menu_icon-bg-border-radius":"0px","header-menu_icon-bg-color":"rgba(255,255,255,0.75)","header-menu_icon-bg-opacity":75,"header-menu_icon-color":"#000000","header-menu_icon-elements":[],"header-menu_icon-elements-below_menu-padding":"0px 0px 0px 0px","header-menu_icon-elements-near_menu-custom-icon-color":"","header-menu_icon-elements-near_menu-custom-icon-size":16,"header-menu_icon-elements-near_menu-font_color":"#888888","header-menu_icon-elements-near_menu-typography":{"font_family":"Arial","font_size":"14"},"header-menu_icon-hover-bg-color":"rgba(255,255,255,0.75)","header-menu_icon-hover-bg-opacity":75,"header-menu_icon-margin":"0px 0px 0px 0px","header-menu_icon-margin-bottom":0,"header-menu_icon-margin-left":0,"header-menu_icon-margin-right":0,"header-menu_icon-margin-top":0,"header-menu_icon-show_elements":"0","header-menu_icon-size":"small","header-mixed-bg-color":"rgba(255,255,255,1)","header-mixed-bg-opacity":100,"header-mixed-decoration":"shadow","header-mixed-decoration-color":"rgba(221,153,51,1)","header-mixed-decoration-opacity":100,"header-mixed-floating-top-bar":false,"header-mixed-sticky-bg-color":"#000000","header-mobile-first_switch-after":"1050px","header-mobile-first_switch-height":"70px","header-mobile-first_switch-layout":"right_left","header-mobile-first_switch-logo":"mobile","header-mobile-first_switch-side-padding":"50px 50px","header-mobile-floating_navigation":"sticky","header-mobile-header-bg-color":"#ffffff","header-mobile-menu-align":"right","header-mobile-menu-bg-color":"rgba(255,255,255,1)","header-mobile-menu-bg-opacity":100,"header-mobile-menu-bg-width":"330px","header-mobile-menu-font-color":"#0b3655","header-mobile-menu-font-hover-color":"#3c3e45","header-mobile-menu-font-hover-color-style":"accent","header-mobile-menu-font-hover-gradient":"90deg|#b78ce2 30%|#1e73be 100%","header-mobile-menu-typography":{"font_family":"Roboto Condensed:700","font_size":"18","text_transform":"none"},"header-mobile-menu_icon-bg-border-radius":"0px","header-mobile-menu_icon-bg-color":"#ec7834","header-mobile-menu_icon-bg-enable":"1","header-mobile-menu_icon-color":"#ffffff","header-mobile-menu_icon-size":"small","header-mobile-microwidgets-custom-icon-color":"","header-mobile-microwidgets-custom-icon-size":16,"header-mobile-microwidgets-font-color":"#0b3655","header-mobile-microwidgets-typography":{"font_family":"Roboto:700","font_size":"14"},"header-mobile-overlay-bg-color":"rgba(11,54,85,0.5)","header-mobile-second_switch-after":"778px","header-mobile-second_switch-height":"60px","header-mobile-second_switch-layout":"right_left","header-mobile-second_switch-logo":"mobile","header-mobile-second_switch-side-padding":"20px 20px","header-mobile-submenu-typography":{"font_family":"Roboto:700","font_size":"14","text_transform":"none"},"header-overlay-content-padding":"0px 0px 0px 0px","header-overlay-content-padding-bottom":0,"header-overlay-content-padding-left":0,"header-overlay-content-padding-right":0,"header-overlay-content-padding-top":0,"header-overlay-content-position":"center","header-overlay-content-width":"300px","header-overlay-elements":{"below_menu":["search"],"side_top_line":["social_icons","text_area","phone"]},"header-overlay-elements-below_menu-padding":"0px 0px 0px 0px","header-overlay-elements-below_menu-padding-bottom":0,"header-overlay-elements-below_menu-padding-left":0,"header-overlay-elements-below_menu-padding-right":0,"header-overlay-elements-below_menu-padding-top":0,"header-overlay-elements-top_line-padding":"0px 40px 0px 40px","header-overlay-elements-top_line-padding-bottom":0,"header-overlay-elements-top_line-padding-left":40,"header-overlay-elements-top_line-padding-right":40,"header-overlay-elements-top_line-padding-top":0,"header-overlay-icons_style":"bold","header-overlay-layout":"menu_icon","header-overlay-layout-menu_icon-show_floating_logo":"1","header-overlay-layout-side_line-width":60,"header-overlay-layout-top_line-height":130,"header-overlay-layout-top_line-is_fullwidth":"0","header-overlay-layout-top_line-logo-position":"left","header-overlay-logo-position":"fully_inside","header-overlay-menu-items_alignment":"center","header-overlay-menu-items_link":"fullwidth","header-overlay-menu-padding":"40px 40px","header-overlay-menu-padding-bottom":40,"header-overlay-menu-padding-top":40,"header-overlay-menu-position":"v_center","header-overlay-show_elements":"1","header-show_floating_navigation":"1","header-side-content-padding":"50px 0px 40px 0px","header-side-content-padding-bottom":40,"header-side-content-padding-left":0,"header-side-content-padding-right":0,"header-side-content-padding-top":50,"header-side-content-position":"center","header-side-content-width":"300px","header-side-elements":{"below_menu":["social_icons","email","skype"]},"header-side-elements-below_menu-padding":"0px 35px 0px 35px","header-side-elements-below_menu-padding-bottom":0,"header-side-elements-below_menu-padding-left":35,"header-side-elements-below_menu-padding-right":35,"header-side-elements-below_menu-padding-top":0,"header-side-elements-near_menu-custom-icon-color":"","header-side-elements-near_menu-custom-icon-size":16,"header-side-elements-near_menu-font_color":"#888888","header-side-elements-near_menu-typography":{"font_family":"Arial","font_size":"14"},"header-side-logo-position":"inside","header-side-menu-items_alignment":"center","header-side-menu-items_link":"fullwidth","header-side-menu-padding":"50px 50px","header-side-menu-padding-bottom":50,"header-side-menu-padding-top":50,"header-side-menu-position":"v_top","header-side-menu-submenu-position":"down","header-side-position":"right","header-side-show_elements":"1","header-side-width":"300px","header-side_line-elements":[],"header-side_line-elements-below_menu-padding":"0px 0px 0px 0px","header-side_line-elements-near_menu-custom-icon-color":"","header-side_line-elements-near_menu-custom-icon-size":16,"header-side_line-elements-near_menu-font_color":"#888888","header-side_line-elements-near_menu-typography":{"font_family":"Arial","font_size":"14"},"header-side_line-show_elements":"0","header-side_line-width":"60px","header-slide_out-content-padding":"50px 0px 50px 0px","header-slide_out-content-padding-bottom":50,"header-slide_out-content-padding-left":0,"header-slide_out-content-padding-right":0,"header-slide_out-content-padding-top":50,"header-slide_out-content-position":"center","header-slide_out-content-width":"350px","header-slide_out-elements":{"side_top_line":["phone","email","skype"]},"header-slide_out-elements-below_menu-padding":"0px 0px 0px 0px","header-slide_out-elements-below_menu-padding-bottom":0,"header-slide_out-elements-below_menu-padding-left":0,"header-slide_out-elements-below_menu-padding-right":0,"header-slide_out-elements-below_menu-padding-top":0,"header-slide_out-elements-top_line-padding":"0px 40px 0px 40px","header-slide_out-elements-top_line-padding-bottom":0,"header-slide_out-elements-top_line-padding-left":40,"header-slide_out-elements-top_line-padding-right":40,"header-slide_out-elements-top_line-padding-top":0,"header-slide_out-icons_style":"bold","header-slide_out-layout":"menu_icon","header-slide_out-layout-menu_icon-show_floating_logo":"1","header-slide_out-layout-side_line-position":"under","header-slide_out-layout-side_line-width":60,"header-slide_out-layout-top_line-height":90,"header-slide_out-layout-top_line-is_fullwidth":"1","header-slide_out-layout-top_line-logo-position":"left","header-slide_out-logo-position":"fully_inside","header-slide_out-menu-items_alignment":"center","header-slide_out-menu-items_link":"fullwidth","header-slide_out-menu-padding":"40px 40px","header-slide_out-menu-padding-bottom":40,"header-slide_out-menu-padding-top":40,"header-slide_out-menu-position":"v_top","header-slide_out-overlay-animation":"fade","header-slide_out-overlay-bg-color":"rgba(0,0,0,0.5)","header-slide_out-overlay-bg-color-style":"color","header-slide_out-overlay-bg-gradient":"135deg|rgba(205,183,226,0.5) 30%|rgba(130,20,130,0.5) 100%","header-slide_out-overlay-bg-opacity":50,"header-slide_out-overlay-blur":"0","header-slide_out-overlay-x_cursor":"0","header-slide_out-overlay-x_cursor-color":"rgba(255,255,255,0.39)","header-slide_out-overlay-x_cursor-opacity":39,"header-slide_out-position":"left","header-slide_out-show_elements":"1","header-slide_out-width":"400px","header-split-elements":{"near_menu_left":["search"]},"header-split-elements-near_menu-custom-icon-color":"","header-split-elements-near_menu-custom-icon-size":16,"header-split-elements-near_menu-font_color":"#888888","header-split-elements-near_menu-typography":{"font_family":"Arial","font_size":"14"},"header-split-elements-near_menu_left-padding":"0px 20px 0px 20px","header-split-elements-near_menu_left-padding-bottom":0,"header-split-elements-near_menu_left-padding-left":20,"header-split-elements-near_menu_left-padding-right":20,"header-split-elements-near_menu_left-padding-top":0,"header-split-elements-near_menu_right-padding":"0px 20px 0px 20px","header-split-elements-near_menu_right-padding-bottom":0,"header-split-elements-near_menu_right-padding-left":20,"header-split-elements-near_menu_right-padding-right":20,"header-split-elements-near_menu_right-padding-top":0,"header-split-height":"100px","header-split-is_fullwidth":"0","header-split-menu-position":"outside","header-split-show_elements":"1","header-split-side-padding":"30px 30px","header-split-switch_paddings":"0px","header-split_mobile_paddings":"0px 0px","header-style-floating-choose_logo":"custom","header-style-floating-logo-padding":"0px 0px 0px 0px","header-style-floating-logo-padding-bottom":0,"header-style-floating-logo-padding-left":0,"header-style-floating-logo-padding-right":0,"header-style-floating-logo-padding-top":0,"header-style-floating-logo_hd":["\/wp-content\/uploads\/sites\/12\/2019\/07\/fl-l.png",1954],"header-style-floating-logo_regular":["\/wp-content\/uploads\/sites\/12\/2019\/07\/fl-sm.png",1955],"header-style-mixed-logo-padding":"0px 0px 0px 0px","header-style-mixed-logo-padding-bottom":0,"header-style-mixed-logo-padding-left":0,"header-style-mixed-logo-padding-right":0,"header-style-mixed-logo-padding-top":0,"header-style-mixed-logo_hd":["",0],"header-style-mixed-logo_regular":["",0],"header-style-mixed-top_line-floating-choose_logo":"main","header-style-mixed-top_line-floating-logo-padding":"0px 0px 0px 0px","header-style-mixed-top_line-floating-logo_hd":["",0],"header-style-mixed-top_line-floating-logo_regular":["",0],"header-style-mobile-logo-padding":"0px 0px 0px 0px","header-style-mobile-logo-padding-bottom":0,"header-style-mobile-logo-padding-left":0,"header-style-mobile-logo-padding-right":0,"header-style-mobile-logo-padding-top":0,"header-style-mobile-logo_hd":["\/wp-content\/uploads\/sites\/12\/2019\/07\/fl-l.png",1954],"header-style-mobile-logo_regular":["\/wp-content\/uploads\/sites\/12\/2019\/07\/fl-sm.png",1955],"header-style-transparent-choose_logo":"main","header-style-transparent-logo-padding":"0px 0px 0px 0px","header-style-transparent-logo-padding-bottom":0,"header-style-transparent-logo-padding-left":0,"header-style-transparent-logo-padding-right":0,"header-style-transparent-logo-padding-top":0,"header-style-transparent-logo_hd":["",0],"header-style-transparent-logo_regular":["",0],"header-style-transparent-mobile-logo-padding":"0px 0px 0px 0px","header-style-transparent-mobile-logo_hd":["\/wp-content\/uploads\/sites\/12\/2019\/07\/fl-l.png",1954],"header-style-transparent-mobile-logo_regular":["\/wp-content\/uploads\/sites\/12\/2019\/07\/fl-sm.png",1955],"header-top_line-elements":[],"header-top_line-elements-below_menu-padding":"0px 0px 0px 0px","header-top_line-elements-in_top_line-custom-icon-color":"","header-top_line-elements-in_top_line-custom-icon-size":16,"header-top_line-elements-in_top_line-font_color":"#888888","header-top_line-elements-in_top_line-typography":{"font_family":"Arial","font_size":"14"},"header-top_line-elements-near_menu-custom-icon-color":"","header-top_line-elements-near_menu-custom-icon-size":16,"header-top_line-elements-near_menu-font_color":"#888888","header-top_line-elements-near_menu-typography":{"font_family":"Arial","font_size":"14"},"header-top_line-elements-top_line-padding":"0px 0px 0px 0px","header-top_line-elements-top_line_right-padding":"0px 0px 0px 0px","header-top_line-show_elements":"0","header-top_line-side-padding":"30px 30px","header-top_line-switch_paddings":"0px","header-top_line_mobile_paddings":"0px 0px","header-transparent-mobile-first_switch-logo":"mobile","header-transparent-mobile-second_switch-logo":"mobile","header-transparent_bg_color":"rgba(238,238,34,1)","header-transparent_bg_opacity":100,"header_navigation":"slide_out","image_hover-album_miniatures_style":"style_2","image_hover-color":"rgba(255,255,255,0.15)","image_hover-color_gradient":"135deg|rgba(106,229,230,0.2) 30%|rgba(17,144,201,0.2) 100%","image_hover-color_mode":"color","image_hover-default_icon":"none","image_hover-onclick_animation":"1","image_hover-opacity":20,"image_hover-project_icons_style":"accent","image_hover-project_rollover_color":"rgba(255,255,255,0.15)","image_hover-project_rollover_color_gradient":"135deg|rgba(106,229,230,0.8) 30%|rgba(17,144,201,0.8) 100%","image_hover-project_rollover_color_mode":"color","image_hover-project_rollover_opacity":80,"image_hover-style":"none","input_bg_color":"rgba(255,255,255,1)","input_bg_opacity":100,"input_border_color":"rgba(102,102,102,0.2)","input_border_opacity":20,"input_border_radius":0,"input_color":"#666666","input_height":38,"layout-menu_icon-position":"menu_icon_right","layout-menu_icon-show_floating_logo":"1","layout-side_line-position":"above","layout-side_line-v_position":"left","layout-top_line-height":"130px","layout-top_line-is_fullwidth":"0","layout-top_line-is_sticky":"0","layout-top_line-logo-position":"left","menu-mobile-microwidgets-custom-icon-color":"","menu-mobile-microwidgets-custom-icon-size":16,"menu-mobile-microwidgets-font-color":"#0b3655","menu-mobile-microwidgets-typography":{"font_family":"Roboto:700","font_size":"14"},"microwidgets-search-active-width":"200px","microwidgets-search-height":"34px","microwidgets-search-typography":{"font_family":"Roboto","font_size":"14"},"microwidgets-search-width":"200px","microwidgets-search_bg-border-color":"#e2e2e2","microwidgets-search_bg-color":"#f4f4f4","microwidgets-search_bg_border_radius":"0px","microwidgets-search_bg_border_width":"0px","microwidgets-search_custom-icon":"the7-mw-icon-search-bold","microwidgets-search_font-color":"#aaaaaa","microwidgets-search_icon":"custom","microwidgets-search_icon-size":16,"microwidgets-search_input-padding":"12px 12px","microwidgets-search_overlay-bg":"color","microwidgets-search_overlay-bg-color":"rgba(0,0,0,0.9)","microwidgets-search_overlay-bg-gradient":"135deg|#ffffff 30%|#000000 100%","microwidgets-search_style":"popup","modules-albums-status":"enabled","modules-benefits-status":"enabled","modules-logos-status":"enabled","modules-portfolio-status":"enabled","modules-slideshow-status":"enabled","modules-team-status":"enabled","modules-testimonials-status":"enabled","page_title-background-style-transparent-color_scheme":"light","page_title-padding":"30px 30px","page_title-padding-bottom":"30px","page_title-padding-top":"30px","post-show_fancy_categories":"1","post-show_fancy_date":"1","sidebar-bg_color":"rgba(244,244,245,1)","sidebar-bg_image":{"image":"","repeat":"repeat","position_x":"center","position_y":"center"},"sidebar-bg_opacity":100,"sidebar-decoration":"none","sidebar-decoration_outline_color":"rgba(0,0,0,0.06)","sidebar-decoration_outline_opacity":6,"sidebar-distance_to_content":"70px","sidebar-divider-horizontal":"0","sidebar-divider-vertical":"0","sidebar-floating":false,"sidebar-headers_color":"#073757","sidebar-primary_text_color":"#666666","sidebar-responsiveness":"992px","sidebar-vertical_distance":"50px","sidebar-visual_style":"with_dividers","sidebar-width":"340px","social_buttons-page":[],"social_buttons-page-button_title":"Share this page","social_buttons-photo":[],"social_buttons-photo-button_title":"Share This Image","social_buttons-portfolio_post":["facebook","twitter","google+","pinterest","linkedin"],"social_buttons-portfolio_post-button_title":"Share This Project","social_buttons-post":["facebook","twitter","google+","pinterest","linkedin"],"social_buttons-post-button_title":"Share This Article","social_buttons-visibility":"allways","stripes-stripe_1_bg_image":{"image":"","repeat":"repeat","position_x":"center","position_y":"center"},"stripes-stripe_1_color":"#f7f7f7","stripes-stripe_1_content_boxes_bg_color":"#ffffff","stripes-stripe_1_content_boxes_bg_opacity":100,"stripes-stripe_1_content_boxes_decoration":"none","stripes-stripe_1_content_boxes_decoration_outline_color":"#dd3333","stripes-stripe_1_content_boxes_decoration_outline_opacity":100,"stripes-stripe_1_headers_color":"#4d4f51","stripes-stripe_1_outline":"hide","stripes-stripe_1_outline_color":"#44bb70","stripes-stripe_1_outline_opacity":100,"stripes-stripe_1_text_color":"#4d4f51","stripes-stripe_2_bg_image":{"image":"","repeat":"repeat","position_x":"center","position_y":"center"},"stripes-stripe_2_color":"#23242a","stripes-stripe_2_content_boxes_bg_color":"#ffffff","stripes-stripe_2_content_boxes_bg_opacity":0,"stripes-stripe_2_content_boxes_decoration":"outline","stripes-stripe_2_content_boxes_decoration_outline_color":"#f4f4f5","stripes-stripe_2_content_boxes_decoration_outline_opacity":18,"stripes-stripe_2_headers_color":"#ffffff","stripes-stripe_2_outline":"hide","stripes-stripe_2_outline_color":"#c1edaf","stripes-stripe_2_outline_opacity":100,"stripes-stripe_2_text_color":"#ffffff","stripes-stripe_3_bg_image":{"image":"","repeat":"repeat","position_x":"center","position_y":"center"},"stripes-stripe_3_color":"#384464","stripes-stripe_3_content_boxes_bg_color":"#ffffff","stripes-stripe_3_content_boxes_bg_opacity":10,"stripes-stripe_3_content_boxes_decoration":"none","stripes-stripe_3_content_boxes_decoration_outline_color":"#ffffff","stripes-stripe_3_content_boxes_decoration_outline_opacity":30,"stripes-stripe_3_headers_color":"#ffffff","stripes-stripe_3_outline":"hide","stripes-stripe_3_outline_color":"#FFFFFF","stripes-stripe_3_outline_opacity":100,"stripes-stripe_3_text_color":"#ffffff","template_page_id_404":51,"template_page_id_author":306,"template_page_id_author_full_content":"0","template_page_id_blog_category":306,"template_page_id_blog_category_full_content":"0","template_page_id_blog_tags":51,"template_page_id_blog_tags_full_content":"0","template_page_id_date":306,"template_page_id_date_full_content":"0","template_page_id_portfolio_category":51,"template_page_id_portfolio_category_full_content":"0","template_page_id_search":51,"template_page_id_search_full_content":"0","top-bar-height":"34px","top-bar-transparent_bg_color":"rgba(0,0,0,0.5)","top_bar-bg-color":"#0b3655","top_bar-bg-image":{"image":"","repeat":"repeat","position_x":"center","position_y":"center"},"top_bar-bg-opacity":100,"top_bar-bg-style":"disabled","top_bar-custom-icon-color":"#ec7834","top_bar-custom-icon-size":16,"top_bar-font-color":"#ffffff","top_bar-line-color":"#ffffff","top_bar-line-in-transparent-header":false,"top_bar-line_size":"1px","top_bar-line_style":"solid","top_bar-padding":"0px 50px 0px 50px","top_bar-paddings-bottom":5,"top_bar-paddings-horizontal":0,"top_bar-paddings-top":5,"top_bar-switch_paddings":"778px","top_bar-typography":{"font_family":"Roboto","font_size":"13","text_transform":"none"},"top_bar_mobile_paddings":"0px 20px 0px 20px","widgetareas":{"1":{"sidebar_name":"Default Sidebar","sidebar_desc":"Sidebar primary widget area"},"2":{"sidebar_name":"Default Footer","sidebar_desc":"Footer primary widget area"}},"header-mobile-menu_icon-caption-padding":"12px 9px 12px 9px","header-mobile-menu_icon-color-hover":"#ffffff","header-mobile-menu_icon-caption_color":"#ffffff","header-mobile-menu_icon-caption_color-hover":"#ffffff","header-mobile-menu_icon-bg-color-hover":"#ec7834","header-mobile-menu-dividers-color":"rgba(11,54,85,0.12)","header-menu_icon-caption-padding":"19px 16px 19px 16px","header-menu_close_icon-padding":"16px 16px 16px 16px","header-menu-close_icon-size":"fade_small","header-menu_icon-color-hover":"#000000","header-menu_icon-caption_color":"#000000","header-menu_icon-caption_color-hover":"#000000","header-menu_icon-bg-color-hover":"rgba(255,255,255,0.75)","header-menu_close_icon-caption_color":"#000000","header-menu_close_icon-caption_color-hover":"#000000","header-menu_close_icon-hover-color":"#000000","header-menu_close_icon-color":"#000000","header-menu_close_icon-bg-color":"rgba(255,255,255,0.75)","header-menu_close_icon-bg-border-radius":"0px","header-mobile-menu_icon-bg-hover":"1","header-mobile-floating-bg-color":"#ffffff","fonts-widget-title":{"font_family":"Roboto Condensed:700","text_transform":"none","responsive_font_size":{"desktop":"18px"},"responsive_line_height":{"desktop":"26px"}},"fonts-woo-title":{"font_family":"Roboto Condensed:700","text_transform":"none","responsive_font_size":{"desktop":"18px"},"responsive_line_height":{"desktop":"26px"}},"fonts-woo-content":{"font_family":"Roboto","responsive_font_size":{"desktop":"16px"},"responsive_line_height":{"desktop":"29px"}},"fonts-widget-content":{"font_family":"Roboto","responsive_font_size":{"desktop":"14px"},"responsive_line_height":{"desktop":"26px"}},"header-elements-woocommerce_cart-font-content":{"font_family":"Roboto","responsive_font_size":{"desktop":"14px"},"responsive_line_height":{"desktop":"26px"}},"buttons-s-custom-icon-size":1,"buttons-m-custom-icon-size":1,"buttons-l-custom-icon-size":1,"buttons-lg-custom-icon-size":1,"buttons-xl-custom-icon-size":1,"button-shadow":{"color":"rgba(0, 0, 0, 0)","horizontal":"0","vertical":"0","blur":"10","spread":"0","position":"outline"},"button-shadow-hover":{"color":"rgba(0, 0, 0, 0)","horizontal":"0","vertical":"0","blur":"10","spread":"0","position":"outline"},"buttons-lg-typography":{"font_family":"Roboto Condensed","text_transform":"none"},"buttons-xl-typography":{"font_family":"Roboto Condensed","text_transform":"none"}},"the7_dashboard_settings":{"mega-menu":true,"elementor-buttons-integration":false,"elementor-theme-style":false,"portfolio":true,"testimonials":false,"team":false,"logos":false,"benefits":false,"albums":false,"slideshow":false},"wp_settings":{"show_on_front":"page","page_on_front":"45","page_for_posts":"0"},"widgets_settings":{"widget_text":{"1":[],"_multiwidget":1},"widget_rss":{"1":[],"_multiwidget":1},"widget_mc4wp_form_widget":{"2":{"title":"Newsletter"},"_multiwidget":1},"widget_presscore-blog-posts":{"2":{"title":"Recent Articles","order":"DESC","orderby":"date","show":3,"select":"all","cats":[],"thumbnails":1,"round_images":0,"images_dimensions":{"w":80,"h":60},"show_excerpts":0},"3":{"title":"Recent Articles","order":"DESC","orderby":"date","show":6,"select":"all","cats":[],"thumbnails":1,"round_images":0,"show_excerpts":0,"images_dimensions":{"w":80,"h":60}},"_multiwidget":1},"widget_presscore-contact-form-widget":{"2":{"title":"Get in Touch!","text":"","fields":{"name":{"on":true,"required":true},"email":{"on":true,"required":true},"telephone":{"on":false,"required":false},"country":{"on":false,"required":false},"city":{"on":false,"required":false},"company":{"on":false,"required":false},"website":{"on":false,"required":false},"message":{"on":true,"required":false}},"send_to":"Submit!","msg_height":3,"button_size":"m","button_title":""},"_multiwidget":1},"widget_presscore-portfolio":{"2":{"title":"RecentProjects","order":"DESC","orderby":"date","select":"all","show":6,"cats":[],"max_width":150},"3":{"title":"Recent Projects","order":"DESC","orderby":"date","select":"all","show":6,"cats":[],"max_width":140},"_multiwidget":1},"sidebars_widgets":{"wp_inactive_widgets":["9022"],"sidebar_1":["presscore-blog-posts-3","presscore-portfolio-2","mc4wp_form_widget-2"],"sidebar_2":["presscore-blog-posts-2","presscore-portfolio-3","presscore-contact-form-widget-2"],"array_version":3}},"nav_menu_locations":{"primary":6,"mobile":6,"bottom":11},"ultimate_selected_google_fonts":[{"font_family":"PT+Sans","font_name":"PT Sans","variants":[{"variant_value":"italic","variant_selected":"true"},{"variant_value":"700","variant_selected":"true"},{"variant_value":"700italic","variant_selected":"true"}],"subsets":[{"subset_value":"cyrillic","subset_selected":"false"},{"subset_value":"cyrillic-ext","subset_selected":"false"},{"subset_value":"latin","subset_selected":"true"},{"subset_value":"latin-ext","subset_selected":"false"}]},{"font_family":"Roboto+Condensed","font_name":"Roboto Condensed","variants":[{"variant_value":"300","variant_selected":"false"},{"variant_value":"300italic","variant_selected":"false"},{"variant_value":"italic","variant_selected":"false"},{"variant_value":"700","variant_selected":"false"},{"variant_value":"700italic","variant_selected":"false"}],"subsets":[{"subset_value":"vietnamese","subset_selected":"false"},{"subset_value":"greek","subset_selected":"false"},{"subset_value":"latin-ext","subset_selected":"false"},{"subset_value":"cyrillic-ext","subset_selected":"false"},{"subset_value":"latin","subset_selected":"false"},{"subset_value":"cyrillic","subset_selected":"false"},{"subset_value":"greek-ext","subset_selected":"false"}]}],"ultimate_icon_fonts":{"icomoon-feather-24x24":{"include":"smile_fonts\/icomoon-feather-24x24","folder":"smile_fonts\/icomoon-feather-24x24","style":"icomoon-feather-24x24\/icomoon-feather-24x24.css","config":"charmap.php"},"icomoon-free-social-contact-16x16":{"include":"smile_fonts\/icomoon-free-social-contact-16x16","folder":"smile_fonts\/icomoon-free-social-contact-16x16","style":"icomoon-free-social-contact-16x16\/icomoon-free-social-contact-16x16.css","config":"charmap.php"}},"the7_fontawesome_version":"fa4","revolution_sliders":["the7-marketing-agency-hero-image"],"vc_settings":{"use_custom":"1","vc_color":"#f7f7f7","vc_color_hover":"#F0F0F0","vc_color_call_to_action_bg":"","vc_color_google_maps_bg":"","vc_color_post_slider_caption_bg":"","vc_color_progress_bar_bg":"","vc_color_separator_border":"","vc_color_tab_bg":"","vc_color_tab_bg_active":"","margin":"0px","gutter":"50","responsive_max":"778"}}