{"schema":{"folders":{"ultimate_icon_fonts":"Ultimate_VC_Addons\/icon-fonts"}},"theme_options":{"advanced-normalize_resize_on_mobile":"1","advanced-speed_img_resize":"1","blog-fancy_date-style":"vertical","blog-thumbnail_proportions":{"width":2,"height":1},"blog-thumbnail_size":"resize","bottom_bar-bg_color":"rgba(255,255,255,0.12)","bottom_bar-bg_image":{"image":"","repeat":"repeat","position_x":"center","position_y":"top"},"bottom_bar-collapse_after":"850px","bottom_bar-color":"#eeeeee","bottom_bar-copyrights":"\u00a9 The7 WPBakery Starter - 2020. All rights reserved.","bottom_bar-credits":false,"bottom_bar-enabled":"1","bottom_bar-height":"60px","bottom_bar-layout":"logo_left","bottom_bar-logo-padding":"8px 12px 8px 0px","bottom_bar-logo_hd":["\/wp-content\/uploads\/sites\/61\/2020\/01\/footer-hd.png",2943],"bottom_bar-logo_regular":["\/wp-content\/uploads\/sites\/61\/2020\/01\/footer.png",2944],"bottom_bar-menu-collapse_after":"850px","bottom_bar-padding":"10px 10px","bottom_bar-style":"full_width_line","bottom_bar-text":"<i style=\"padding-right: 5px\" class=\"fas fa-phone-square\"><\/i>+001 234 56 78 <i style=\"padding-right: 5px;padding-left: 20px\" class=\"fas fa-envelope\"><\/i>hello@dream-theme.com","breadcrumbs-typography":{"font_family":"Roboto","font_size":"13","line_height":"25","text_transform":"none"},"breadcrumbs_bg_color":"rgba(255,255,255,0.2)","breadcrumbs_border_color":"rgba(255,255,255,0.5)","breadcrumbs_border_radius":"2px","breadcrumbs_border_width":"0px","breadcrumbs_margin":"0px 0px 0px 0px","breadcrumbs_padding":"5px 0px 0px 0px","buttons-border-color":"#ffffff","buttons-border-color_mode":"accent","buttons-color":"#81d742","buttons-color_gradient":"135deg|#13aa4a 30%|#84df31 100%","buttons-color_mode":"accent","buttons-hover-border-color":"#209ebe","buttons-hover-border-color_mode":"color","buttons-hover_color":"#209ebe","buttons-hover_color_gradient":"135deg|#23aadd 30%|#37ce9d 100%","buttons-hover_color_mode":"color","buttons-l-icon-size":18,"buttons-l-typography":{"font_family":"Roboto:700","font_size":"18","text_transform":"none"},"buttons-l_border_radius":"0px","buttons-l_border_width":"0px","buttons-l_padding":"20px 20px 20px 20px","buttons-m-icon-size":16,"buttons-m-typography":{"font_family":"Roboto:700","font_size":"16","text_transform":"none"},"buttons-m_border_radius":"0px","buttons-m_border_width":"0px","buttons-m_padding":"22px 24px 20px 24px","buttons-s-icon-size":13,"buttons-s-typography":{"font_family":"Roboto:700","font_size":"13","text_transform":"none"},"buttons-s_border_radius":"0px","buttons-s_border_width":"0px","buttons-s_padding":"10px 14px 10px 14px","buttons-text_color":"#ffffff","buttons-text_color_mode":"color","buttons-text_hover_color":"#ffffff","buttons-text_hover_color_mode":"color","contact_form_message":"1","content-headers_color":"#333333","content-links_color":"#2bb3d5","content-primary_text_color":"#7a7a7a","content-secondary_text_color":"#b2aeae","custom_error_messages":"The message has not been sent. Plaese try again.","custom_error_messages_validation":"One or more fields have an error. Please check and try again.","custom_success_messages":"Your message has been sent.","dividers-color":"rgba(0,0,0,0.1)","filter-typography":{"font_family":"Roboto:700","font_size":"14","text_transform":"none"},"fonts-big_size":{"font_size":"16px","line_height":"28px"},"fonts-font_family":"Roboto","fonts-h1-typography":{"font_family":"Roboto:700","text_transform":"none","responsive_font_size":{"desktop":"52px","tablet":"34px","mobile":"34px"},"responsive_line_height":{"desktop":"62px"}},"fonts-h2-typography":{"font_family":"Roboto:700","text_transform":"none","responsive_font_size":{"desktop":"34px"},"responsive_line_height":{"desktop":"44px"}},"fonts-h3-typography":{"font_family":"Roboto:700","text_transform":"none","responsive_font_size":{"desktop":"24px"},"responsive_line_height":{"desktop":"34px"}},"fonts-h4-typography":{"font_family":"Roboto:700","text_transform":"none","responsive_font_size":{"desktop":"20px"},"responsive_line_height":{"desktop":"30px"}},"fonts-h5-typography":{"font_family":"Roboto:700","text_transform":"none","responsive_font_size":{"desktop":"16px"},"responsive_line_height":{"desktop":"26px"}},"fonts-h6-typography":{"font_family":"Roboto:700","text_transform":"none","responsive_font_size":{"desktop":"14px"},"responsive_line_height":{"desktop":"24px"}},"fonts-headers-font-family":"","fonts-headers-text-transform":"","fonts-normal_size":{"font_size":"15px","line_height":"27px"},"fonts-small_size":{"font_size":"13px","line_height":"25px"},"footer-accent_text_color":"","footer-bg_color":"rgba(26,28,32,1)","footer-bg_image":{"image":"","repeat":"repeat","position_x":"center","position_y":"top"},"footer-collapse_after":"0px","footer-collapse_columns_after":"778px","footer-decoration":"none","footer-decoration_outline_color":"rgba(129,215,66,0.96)","footer-headers_color":"#ffffff","footer-is_fullwidth":"0","footer-layout":"1\/3+1\/3+1\/3","footer-mobile_padding":"60px 30px 25px 30px","footer-padding":"60px 30px 25px 30px","footer-paddings-columns":"30px","footer-primary_text_color":"#7a7a7a","footer-slide-out-mode":"0","footer-style":"solid_background","general-accent_bg_color":"#2bb3d5","general-accent_bg_color_gradient":"135deg|#1ebbf0 30%|#39dfaa 100%","general-accent_color_mode":"color","general-album_back_button_url":"","general-album_meta_author":false,"general-album_meta_categories":false,"general-album_meta_comments":false,"general-album_meta_date":false,"general-album_meta_on":"1","general-beautiful_loading":"enabled","general-bg_color":"rgba(255,255,255,1)","general-bg_fixed":false,"general-bg_fullscreen":false,"general-bg_image":{"image":"","repeat":"repeat","position_x":"center","position_y":"top"},"general-blog_meta_author":"1","general-blog_meta_categories":"1","general-blog_meta_comments":"1","general-blog_meta_date":"1","general-blog_meta_on":"1","general-blog_meta_tags":"1","general-border_radius":"0px","general-box_width":"1280px","general-boxed_bg_color":"#f7f7f7","general-boxed_bg_fixed":"1","general-boxed_bg_fullscreen":"1","general-boxed_bg_image":{"image":"","repeat":"no-repeat","position_x":"center","position_y":"center"},"general-breadcrumbs_bg_color":"disabled","general-breadcrumbs_color":"#b7babe","general-content_boxes_bg_color":"rgba(0,0,0,0.04)","general-content_boxes_decoration":"none","general-content_boxes_decoration_outline_color":"rgba(0,0,0,0)","general-content_width":"1250px","general-custom_css":".sub-nav .menu-item i.fa,\r\n.sub-nav .menu-item i.fas,\r\n.sub-nav .menu-item i.far,\r\n.sub-nav .menu-item i.fab {\r\n\ttext-align: center;\r\n\twidth: 1.25em;\r\n}\r\n","general-custom_loader":"","general-favicon":"\/wp-content\/uploads\/sites\/60\/2019\/12\/the7-new-fav1.gif","general-favicon_hd":"\/wp-content\/uploads\/sites\/60\/2019\/12\/the7-new-fav1.gif","general-filter-margin":"0px 5px 0px 5px","general-filter-padding":"6px 12px 6px 12px","general-filter_style":"minimal","general-filter_style-material-line_size":"2px","general-filter_style-minimal-border_radius":"0px","general-fullscreen_overlay_color":"rgba(255,255,255,1)","general-fullscreen_overlay_color_mode":"color","general-fullscreen_overlay_gradient":"135deg|#2edded 30%|#0084bb 100%","general-fullscreen_overlay_opacity":100,"general-handheld_icon-old_ipad":"","general-handheld_icon-old_iphone":"","general-handheld_icon-retina_ipad":"","general-handheld_icon-retina_iphone":"","general-images_lazy_loading":"1","general-layout":"wide","general-lightbox_arrow_size":"48px","general-lightbox_overlay_opacity":85,"general-loader_style":"double_circles","general-mobile_side_content_paddings":"30px","general-navigation_margin":"50px","general-next_prev_in_album":"1","general-next_prev_in_blog":"1","general-next_prev_in_portfolio":"1","general-page-title-typography":{"font_family":"Roboto:700","font_size":"34","line_height":"44","text_transform":"none"},"general-page_content_margin":"80px 30px 80px 30px","general-page_content_mobile_margin":"80px 30px 80px 30px","general-portfolio_meta_author":false,"general-portfolio_meta_categories":false,"general-portfolio_meta_comments":false,"general-portfolio_meta_date":false,"general-portfolio_meta_on":"1","general-portfolio_thumbnail_proportions":{"width":3,"height":2},"general-portfolio_thumbnail_size":"original","general-post_back_button_url":"","general-project_back_button_url":"","general-rel_posts_head_title":"Related Posts","general-rel_posts_max":6,"general-rel_projects_details":false,"general-rel_projects_excerpt":false,"general-rel_projects_head_title":"Related Projects","general-rel_projects_info_author":false,"general-rel_projects_info_categories":false,"general-rel_projects_info_comments":false,"general-rel_projects_info_date":false,"general-rel_projects_link":false,"general-rel_projects_max":12,"general-rel_projects_title":false,"general-rel_projects_zoom":false,"general-responsive":"1","general-responsive_title_height":"150px","general-responsive_title_line_height":30,"general-responsive_title_size":20,"general-show_author_in_blog":"1","general-show_back_button_in_album":"0","general-show_back_button_in_post":"0","general-show_back_button_in_project":"0","general-show_breadcrumbs":"1","general-show_rel_posts":"1","general-show_rel_projects":"0","general-show_titles":"1","general-side_content_paddings":"60px","general-smooth_scroll":"off","general-spinner_color":"#2bb3d5","general-switch_content_paddings":"0px","general-title_align":"center","general-title_bg_color":"rgba(247,247,247,1)","general-title_bg_fullscreen":false,"general-title_bg_gradient":"135deg|#4a66d6 30%|#12b4ea 100%","general-title_bg_image":{"image":"","repeat":"repeat","position_x":"center","position_y":"center"},"general-title_bg_mode":"background","general-title_bg_overlay":false,"general-title_bg_parallax":"0","general-title_color":"#333333","general-title_decoration":"none","general-title_decoration_line_color":"rgba(51,51,51,0.11)","general-title_decoration_line_height":"1px","general-title_decoration_line_style":"solid","general-title_decoration_outline_color":"rgba(30,115,190,0)","general-title_decoration_outline_height":"1px","general-title_decoration_outline_style":"solid","general-title_enable_bg_img":"disabled","general-title_height":"200px","general-title_overlay_color":"rgba(0,0,0,0.5)","general-title_responsive_breadcrumbs":false,"general-title_scroll_effect":"default","general-titles-responsiveness-switch":"990px","general-titles_responsiveness":"0","header-background":"normal","header-bg-color":"rgba(255,255,255,1)","header-bg-image":{"image":"","repeat":"repeat","position_x":"center","position_y":"center"},"header-bg-is_fixed":false,"header-bg-is_fullscreen":false,"header-classic-elements":{"top_bar_left":["custom_menu"],"top_bar_right":["search"],"near_menu_right":["social_icons"],"near_logo_right":["phone","email"]},"header-classic-elements-near_logo-custom-icon-color":"","header-classic-elements-near_logo-custom-icon-size":16,"header-classic-elements-near_logo-font_color":"#888888","header-classic-elements-near_logo-typography":{"font_family":"Arial","font_size":"14"},"header-classic-elements-near_logo_left-padding":"0px 0px 0px 0px","header-classic-elements-near_logo_right-padding":"0px 0px 0px 0px","header-classic-elements-near_menu-custom-icon-color":"","header-classic-elements-near_menu-custom-icon-size":16,"header-classic-elements-near_menu-font_color":"#888888","header-classic-elements-near_menu-typography":{"font_family":"Arial","font_size":"14"},"header-classic-elements-near_menu_right-padding":"0px 0px 0px 40px","header-classic-height":"180px","header-classic-is_fullwidth":"0","header-classic-logo-position":"left","header-classic-menu-bg-color":"rgba(0,0,0,1)","header-classic-menu-bg-style":"solid","header-classic-menu-line_size":"1px","header-classic-menu-margin":"0px 0px","header-classic-menu-position":"left","header-classic-show_elements":"1","header-classic-side-padding":"30px 30px","header-classic-switch_paddings":"0px","header-classic_mobile_paddings":"0px 0px","header-decoration":"disabled","header-decoration-color":"rgba(51,51,51,0.11)","header-decoration-line_size":"1px","header-elements-button-1-bg":"accent","header-elements-button-1-bg-color":"#ffffff","header-elements-button-1-bg-gradient":"135deg|#ffffff 30%|#000000 100%","header-elements-button-1-border-color":"accent","header-elements-button-1-border-color-mono":"#ffffff","header-elements-button-1-border_radius":"0px","header-elements-button-1-border_width":"1px","header-elements-button-1-choose-icon":"","header-elements-button-1-first-header-switch":"near_logo","header-elements-button-1-hover-bg":"accent","header-elements-button-1-hover-bg-color":"#ffffff","header-elements-button-1-hover-bg-gradient":"135deg|#ffffff 30%|#000000 100%","header-elements-button-1-hover-border-color":"accent","header-elements-button-1-hover-border-color-mono":"#ffffff","header-elements-button-1-hover-icon-color":"color","header-elements-button-1-hover-icon-color-gradient":"90deg|#ffffff 30%|#000000 100%","header-elements-button-1-hover-icon-color-mono":"#ffffff","header-elements-button-1-icon":false,"header-elements-button-1-icon-color":"color","header-elements-button-1-icon-color-gradient":"90deg|#ffffff 30%|#000000 100%","header-elements-button-1-icon-color-mono":"#ffffff","header-elements-button-1-icon-position":"right","header-elements-button-1-icon-size":14,"header-elements-button-1-icon_gap":"5px","header-elements-button-1-name":"Button","header-elements-button-1-on-desktops":"show","header-elements-button-1-padding":"10px 20px 10px 20px","header-elements-button-1-second-header-switch":"in_menu","header-elements-button-1-smooth-scroll":false,"header-elements-button-1-target":false,"header-elements-button-1-typography":{"font_family":"Roboto:700","font_size":"14"},"header-elements-button-1-url":"","header-elements-button-2-bg":"accent","header-elements-button-2-bg-color":"#ffffff","header-elements-button-2-bg-gradient":"135deg|#ffffff 30%|#000000 100%","header-elements-button-2-border-color":"accent","header-elements-button-2-border-color-mono":"#ffffff","header-elements-button-2-border_radius":"0px","header-elements-button-2-border_width":"1px","header-elements-button-2-choose-icon":"","header-elements-button-2-first-header-switch":"near_logo","header-elements-button-2-hover-bg":"accent","header-elements-button-2-hover-bg-color":"#ffffff","header-elements-button-2-hover-bg-gradient":"135deg|#ffffff 30%|#000000 100%","header-elements-button-2-hover-border-color":"accent","header-elements-button-2-hover-border-color-mono":"#ffffff","header-elements-button-2-hover-icon-color":"color","header-elements-button-2-hover-icon-color-gradient":"90deg|#ffffff 30%|#000000 100%","header-elements-button-2-hover-icon-color-mono":"#ffffff","header-elements-button-2-icon":false,"header-elements-button-2-icon-color":"color","header-elements-button-2-icon-color-gradient":"90deg|#ffffff 30%|#000000 100%","header-elements-button-2-icon-color-mono":"#ffffff","header-elements-button-2-icon-position":"right","header-elements-button-2-icon-size":14,"header-elements-button-2-icon_gap":"5px","header-elements-button-2-name":"Button","header-elements-button-2-on-desktops":"show","header-elements-button-2-padding":"10px 20px 10px 20px","header-elements-button-2-second-header-switch":"in_menu","header-elements-button-2-smooth-scroll":false,"header-elements-button-2-target":false,"header-elements-button-2-typography":{"font_family":"Roboto:700","font_size":"14"},"header-elements-button-2-url":"","header-elements-contact-address-caption":"8500 Beverly Boulevard Los Angeles, CA 90048","header-elements-contact-address-custom-icon":"the7-mw-icon-address-bold","header-elements-contact-address-first-header-switch":"near_logo","header-elements-contact-address-icon":"custom","header-elements-contact-address-on-desktops":"show","header-elements-contact-address-second-header-switch":"in_menu","header-elements-contact-address-url":"","header-elements-contact-clock-caption":"Monday \u2013 Friday 10 AM \u2013 8 PM","header-elements-contact-clock-custom-icon":"icomoon-the7-font-the7-clock-03","header-elements-contact-clock-first-header-switch":"hidden","header-elements-contact-clock-icon":"custom","header-elements-contact-clock-on-desktops":"hide","header-elements-contact-clock-second-header-switch":"in_menu","header-elements-contact-clock-url":"","header-elements-contact-email-caption":"sales@yoursite.com","header-elements-contact-email-custom-icon":"the7-mw-icon-mail-bold","header-elements-contact-email-first-header-switch":"near_logo","header-elements-contact-email-icon":"custom","header-elements-contact-email-on-desktops":"show","header-elements-contact-email-second-header-switch":"in_menu","header-elements-contact-email-url":"","header-elements-contact-multipurpose_1-caption":"","header-elements-contact-multipurpose_1-custom-icon":"","header-elements-contact-multipurpose_1-first-header-switch":"near_logo","header-elements-contact-multipurpose_1-icon":"custom","header-elements-contact-multipurpose_1-on-desktops":"show","header-elements-contact-multipurpose_1-second-header-switch":"in_menu","header-elements-contact-multipurpose_1-url":"","header-elements-contact-multipurpose_2-caption":"","header-elements-contact-multipurpose_2-custom-icon":"","header-elements-contact-multipurpose_2-first-header-switch":"near_logo","header-elements-contact-multipurpose_2-icon":"custom","header-elements-contact-multipurpose_2-on-desktops":"show","header-elements-contact-multipurpose_2-second-header-switch":"in_menu","header-elements-contact-multipurpose_2-url":"","header-elements-contact-multipurpose_3-caption":"","header-elements-contact-multipurpose_3-custom-icon":"","header-elements-contact-multipurpose_3-first-header-switch":"near_logo","header-elements-contact-multipurpose_3-icon":"custom","header-elements-contact-multipurpose_3-on-desktops":"show","header-elements-contact-multipurpose_3-second-header-switch":"in_menu","header-elements-contact-multipurpose_3-url":"","header-elements-contact-multipurpose_4-caption":"","header-elements-contact-multipurpose_4-custom-icon":"","header-elements-contact-multipurpose_4-first-header-switch":"near_logo","header-elements-contact-multipurpose_4-icon":"custom","header-elements-contact-multipurpose_4-on-desktops":"show","header-elements-contact-multipurpose_4-second-header-switch":"in_menu","header-elements-contact-multipurpose_4-url":"","header-elements-contact-phone-caption":"+001 234 56 78","header-elements-contact-phone-custom-icon":"icomoon-the7-font-the7-phone-03","header-elements-contact-phone-first-header-switch":"near_logo","header-elements-contact-phone-icon":"custom","header-elements-contact-phone-on-desktops":"show","header-elements-contact-phone-second-header-switch":"in_menu","header-elements-contact-phone-url":"","header-elements-contact-skype-caption":"Your_Skype","header-elements-contact-skype-custom-icon":"the7-mw-icon-skype-bold","header-elements-contact-skype-first-header-switch":"near_logo","header-elements-contact-skype-icon":"custom","header-elements-contact-skype-on-desktops":"show","header-elements-contact-skype-second-header-switch":"in_menu","header-elements-contact-skype-url":"","header-elements-login-caption":"Login","header-elements-login-custom-icon":"the7-mw-icon-login-bold","header-elements-login-first-header-switch":"near_logo","header-elements-login-icon":"custom","header-elements-login-logout_url":"","header-elements-login-on-desktops":"show","header-elements-login-second-header-switch":"in_menu","header-elements-login-url":"http:\/\/themeforest.net","header-elements-login-use_logout_url":false,"header-elements-logout-caption":"Logout","header-elements-menu-first-header-switch":"near_logo","header-elements-menu-icon":"custom","header-elements-menu-on-desktops":"show","header-elements-menu-second-header-switch":"hidden","header-elements-menu-style":"dropdown","header-elements-menu-style-first-switch":"dropdown","header-elements-menu-style-second-switch":"dropdown","header-elements-menu2-first-header-switch":"near_logo","header-elements-menu2-icon":"custom","header-elements-menu2-on-desktops":"show","header-elements-menu2-second-header-switch":"in_menu","header-elements-menu2-style":"dropdown","header-elements-menu2-style-first-switch":"dropdown","header-elements-menu2-style-second-switch":"dropdown","header-elements-menu2_custom-icon":"the7-mw-icon-dropdown-menu-bold","header-elements-menu_custom-icon":"the7-mw-icon-dropdown-menu-bold","header-elements-search-by":"general","header-elements-search-caption":"","header-elements-search-first-header-switch":"near_logo","header-elements-search-icon":"custom","header-elements-search-input-caption":"Type and hit enter \u2026","header-elements-search-on-desktops":"show","header-elements-search-second-header-switch":"near_logo","header-elements-search_custom-icon":"the7-mw-icon-search-bold","header-elements-soc_icons":{"0":{"icon":"facebook","url":"\/"},"2":{"icon":"twitter","url":"\/"},"3":{"icon":"instagram","url":"\/"}},"header-elements-soc_icons-bg":"accent","header-elements-soc_icons-bg-color":"#ffffff","header-elements-soc_icons-bg-gradient":"135deg|#ffffff 30%|#000000 100%","header-elements-soc_icons-bg-size":"28px","header-elements-soc_icons-border":"disabled","header-elements-soc_icons-border-color":"#ffffff","header-elements-soc_icons-color":"#ffffff","header-elements-soc_icons-first-header-switch":"near_logo","header-elements-soc_icons-hover-bg":"color","header-elements-soc_icons-hover-bg-color":"#23a455","header-elements-soc_icons-hover-bg-gradient":"135deg|#ffffff 30%|#000000 100%","header-elements-soc_icons-hover-border":"disabled","header-elements-soc_icons-hover-border-color":"#ffffff","header-elements-soc_icons-hover-color":"#ffffff","header-elements-soc_icons-on-desktops":"show","header-elements-soc_icons-second-header-switch":"near_logo","header-elements-soc_icons-size":"16px","header-elements-soc_icons_border_radius":"100px","header-elements-soc_icons_border_width":"2px","header-elements-soc_icons_gap":5,"header-elements-text":"Some call to action text goes here!","header-elements-text-2":"Some call to action text goes here!","header-elements-text-2-first-header-switch":"near_logo","header-elements-text-2-on-desktops":"show","header-elements-text-2-second-header-switch":"in_menu","header-elements-text-3":"Some call to action text goes here!","header-elements-text-3-first-header-switch":"near_logo","header-elements-text-3-on-desktops":"show","header-elements-text-3-second-header-switch":"in_menu","header-elements-text-4":"","header-elements-text-4-first-header-switch":"near_logo","header-elements-text-4-on-desktops":"show","header-elements-text-4-second-header-switch":"in_menu","header-elements-text-5":"","header-elements-text-5-first-header-switch":"near_logo","header-elements-text-5-on-desktops":"show","header-elements-text-5-second-header-switch":"in_menu","header-elements-text-first-header-switch":"near_logo","header-elements-text-on-desktops":"show","header-elements-text-second-header-switch":"in_menu","header-floating_navigation-active_item-font-color":"#ffffff","header-floating_navigation-active_item-font-gradient":"90deg|#ffffff 30%|#000000 100%","header-floating_navigation-bg-color":"rgba(255,255,255,0.95)","header-floating_navigation-bg-image":{"image":"","repeat":"repeat","position_x":"center","position_y":"center"},"header-floating_navigation-bg-is_fullscreen":false,"header-floating_navigation-decoration":"shadow","header-floating_navigation-decoration-color":"rgba(51,51,51,0.11)","header-floating_navigation-decoration-line_size":"1px","header-floating_navigation-font-active":"default","header-floating_navigation-font-color":"#ffffff","header-floating_navigation-font-hover":"default","header-floating_navigation-font-normal":"default","header-floating_navigation-height":"60px","header-floating_navigation-hover-font-color":"#ffffff","header-floating_navigation-hover-font-gradient":"90deg|#ffffff 30%|#000000 100%","header-floating_navigation-show_after":"94px","header-floating_navigation-style":"sticky","header-floating_navigation-top-bar":false,"header-inline-elements":{"near_menu_right":["phone"]},"header-inline-elements-near_menu-custom-icon-color":"#2bb3d5","header-inline-elements-near_menu-custom-icon-size":32,"header-inline-elements-near_menu-font_color":"#333333","header-inline-elements-near_menu-typography":{"font_family":"Roboto:700","font_size":"20"},"header-inline-elements-near_menu_right-padding":"0px 0px 0px 5px","header-inline-height":"90px","header-inline-is_fullwidth":"0","header-inline-menu-position":"left","header-inline-show_elements":"1","header-inline-side-padding":"30px 30px","header-inline-switch_paddings":"0px","header-inline_mobile_paddings":"30px 30px","header-layout":"inline","header-logo-padding":"0px 35px 0px 0px","header-logo_hd":["\/wp-content\/uploads\/sites\/61\/2020\/01\/l-large.png",2791],"header-logo_regular":["\/wp-content\/uploads\/sites\/61\/2020\/01\/l-small.png",2792],"header-mega-menu-desc-font-color":"#333333","header-mega-menu-desc-typography":{"font_family":"Roboto","font_size":"12"},"header-mega-menu-items-padding":"12px 15px 12px 15px","header-mega-menu-submenu-bg-padding":"20px 10px 20px 10px","header-mega-menu-submenu-column-padding":"0px 10px 0px 10px","header-mega-menu-submenu-column-width":"260px","header-mega-menu-title-active_item-font-color":"#ffffff","header-mega-menu-title-active_item-font-color-style":"accent","header-mega-menu-title-active_item-font-gradient":"90deg|#8224e3 30%|#eeee22 100%","header-mega-menu-title-font-color":"#333333","header-mega-menu-title-hover-font-color":"#ffffff","header-mega-menu-title-hover-font-color-style":"accent","header-mega-menu-title-hover-font-gradient":"90deg|#1e73be 30%|#eeee22 99%","header-mega-menu-title-icon-size":16,"header-mega-menu-title-typography":{"font_family":"Roboto:700","font_size":"16","text_transform":"uppercase"},"header-mega-menu-widget-accent-color":"","header-mega-menu-widget-font-color":"#333333","header-mega-menu-widget-title-color":"#333333","header-menu-active_item-font-color":"#333333","header-menu-active_item-font-color-style":"color","header-menu-active_item-font-gradient":"90deg|#ffffff 30%|#000000 100%","header-menu-close_icon-caption":"disabled","header-menu-close_icon-caption-text":"Navigation","header-menu-close_icon-caption-typography":{"font_family":"Roboto","font_size":"16","text_transform":"uppercase"},"header-menu-close_icon-caption_gap":"20px","header-menu-close_icon-position":"outside","header-menu-close_icon-size":"fade_medium","header-menu-decoration-other-active-color":"rgba(255,255,255,0.15)","header-menu-decoration-other-active-color-style":"accent","header-menu-decoration-other-active-gradient":"135deg|rgba(255,255,255,0.15) 30%|rgba(0,0,0,0.15) 100%","header-menu-decoration-other-active-line":"0","header-menu-decoration-other-active-line-color":"rgba(130,36,227,0.3)","header-menu-decoration-other-active-line-color-style":"color","header-menu-decoration-other-active-line-gradient":"135deg|rgba(221,51,51,0.3) 30%|rgba(129,215,66,0.3) 100%","header-menu-decoration-other-active-line-opacity":30,"header-menu-decoration-other-active-opacity":15,"header-menu-decoration-other-active-style":"background","header-menu-decoration-other-border-radius":3,"header-menu-decoration-other-hover-color":"rgba(255,255,255,0.15)","header-menu-decoration-other-hover-color-style":"accent","header-menu-decoration-other-hover-gradient":"135deg|rgba(255,255,255,0.15) 30%|rgba(0,0,0,0.15) 100%","header-menu-decoration-other-hover-line":"0","header-menu-decoration-other-hover-line-color":"rgba(221,51,51,0.23)","header-menu-decoration-other-hover-line-color-style":"gradient","header-menu-decoration-other-hover-line-gradient":"135deg|rgba(255,255,255,0.23) 30%|rgba(0,0,0,0.23) 100%","header-menu-decoration-other-hover-line-opacity":23,"header-menu-decoration-other-hover-style":"background","header-menu-decoration-other-line_size":"2px","header-menu-decoration-other-links-is_justified":"0","header-menu-decoration-other-opacity":15,"header-menu-decoration-style":"underline","header-menu-decoration-underline-color":"#1e73be","header-menu-decoration-underline-color-style":"accent","header-menu-decoration-underline-direction":"left_to_right","header-menu-decoration-underline-gradient":"135deg|#ffffff 30%|#000000 100%","header-menu-decoration-underline-line_size":"2px","header-menu-dividers-color":"rgba(17,17,17,0.14)","header-menu-dividers-height":"24px","header-menu-dividers-height-style":"custom","header-menu-dividers-surround":"0","header-menu-dividers-width":"1px","header-menu-font-color":"#333333","header-menu-hover-font-color":"#333333","header-menu-hover-font-color-style":"color","header-menu-hover-font-gradient":"90deg|#8224e3 30%|#751257 100%","header-menu-icon-size":16,"header-menu-item-margin":"16px 20px 16px 20px","header-menu-item-padding":"4px 0px 4px 0px","header-menu-item-surround_margins-custom-margin":"30px","header-menu-item-surround_margins-style":"disabled","header-menu-show_dividers":"0","header-menu-show_next_lvl_icons":false,"header-menu-submenu-active-bg-color":"rgba(137,92,184,0.07)","header-menu-submenu-active-bg-color-style":"accent","header-menu-submenu-active-bg-gradient":"90deg|#81d742 30%|#eeee22 100%","header-menu-submenu-active-bg-opacity":100,"header-menu-submenu-active-font-color":"#ffffff","header-menu-submenu-active-font-color-style":"color","header-menu-submenu-active-font-gradient":"90deg|#ffffff 30%|#000000 100%","header-menu-submenu-bg-color":"#ffffff","header-menu-submenu-bg-hover":"background","header-menu-submenu-bg-padding":"0px 0px 0px 0px","header-menu-submenu-bg-width":"260px","header-menu-submenu-font-color":"#333333","header-menu-submenu-hover-bg-color":"rgba(0,0,0,0.04)","header-menu-submenu-hover-bg-color-style":"color","header-menu-submenu-hover-bg-gradient":"90deg|#81d742 30%|#eeee22 100%","header-menu-submenu-hover-bg-opacity":7,"header-menu-submenu-hover-font-color":"#333333","header-menu-submenu-hover-font-color-style":"accent","header-menu-submenu-hover-font-gradient":"90deg|#81d742 30%|#eeee22 100%","header-menu-submenu-icon-size":14,"header-menu-submenu-item-margin":"0px 0px 0px 0px","header-menu-submenu-item-padding":"12px 15px 12px 15px","header-menu-submenu-parent_is_clickable":"1","header-menu-submenu-show_next_lvl_icons":"1","header-menu-submenu-subtitle-typography":{"font_family":"Roboto","font_size":"12"},"header-menu-submenu-typography":{"font_family":"Roboto:500","font_size":"13","text_transform":"none"},"header-menu-subtitle-typography":{"font_family":"Roboto","font_size":"12"},"header-menu-typography":{"font_family":"Roboto:700","font_size":"16","text_transform":"none"},"header-menu_close_icon-bg":"enabled","header-menu_close_icon-bg-border-radius":"0px","header-menu_close_icon-bg-border-width":"0px","header-menu_close_icon-bg-color":"rgba(255,255,255,0.75)","header-menu_close_icon-bg-hover":"enabled","header-menu_close_icon-border":"enabled","header-menu_close_icon-border-color":"","header-menu_close_icon-border-color-hover":"","header-menu_close_icon-border-hover":"enabled","header-menu_close_icon-caption_color":"#000000","header-menu_close_icon-caption_color-hover":"#000000","header-menu_close_icon-color":"#000000","header-menu_close_icon-hover-color":"#000000","header-menu_close_icon-margin":"30px 30px 30px 30px","header-menu_close_icon-padding":"15px 15px 15px 15px","header-menu_icon-bg":"enabled","header-menu_icon-bg-border-radius":"0px","header-menu_icon-bg-border-width":"0px","header-menu_icon-bg-color":"rgba(255,255,255,0.75)","header-menu_icon-bg-color-hover":"rgba(255,255,255,0.75)","header-menu_icon-bg-hover":"enabled","header-menu_icon-border":"enabled","header-menu_icon-border-color":"","header-menu_icon-border-hover":"enabled","header-menu_icon-border-hover-color":"","header-menu_icon-caption":"disabled","header-menu_icon-caption-padding":"18px 15px 18px 15px","header-menu_icon-caption-text":"Menu","header-menu_icon-caption-typography":{"font_family":"Roboto","font_size":"16","text_transform":"none"},"header-menu_icon-caption_color":"#000000","header-menu_icon-caption_color-hover":"#000000","header-menu_icon-caption_gap":"10px","header-menu_icon-color":"#000000","header-menu_icon-color-hover":"#000000","header-menu_icon-elements":[],"header-menu_icon-elements-below_menu-padding":"0px 0px 0px 0px","header-menu_icon-elements-near_menu-custom-icon-color":"","header-menu_icon-elements-near_menu-custom-icon-size":16,"header-menu_icon-elements-near_menu-font_color":"#888888","header-menu_icon-elements-near_menu-typography":{"font_family":"Arial","font_size":"14"},"header-menu_icon-hover-bg-color":"rgba(255,255,255,0.75)","header-menu_icon-margin":"0px 0px 0px 0px","header-menu_icon-show_elements":"0","header-menu_icon-size":"medium","header-mixed-bg-color":"rgba(255,255,255,1)","header-mixed-decoration":"shadow","header-mixed-decoration-color":"rgba(221,153,51,1)","header-mixed-decoration_size":"1px","header-mixed-floating-top-bar":false,"header-mixed-sticky-bg-color":"#000000","header-mobile-content-padding":"45px 15px 30px 30px","header-mobile-decoration":"shadow","header-mobile-decoration-color":"#ffffff","header-mobile-decoration-line_size":"1px","header-mobile-first_switch-after":"992px","header-mobile-first_switch-height":"60px","header-mobile-first_switch-layout":"right_left","header-mobile-first_switch-logo":"mobile","header-mobile-first_switch-side-padding":"10px 10px","header-mobile-floating_navigation":"sticky","header-mobile-header-bg-color":"rgba(255,255,255,1)","header-mobile-menu-align":"right","header-mobile-menu-bg-color":"rgba(255,255,255,1)","header-mobile-menu-bg-width":"300px","header-mobile-menu-close_icon-caption":"disabled","header-mobile-menu-close_icon-caption-text":"Menu","header-mobile-menu-close_icon-caption-typography":{"font_family":"Roboto","font_size":"16","text_transform":"none"},"header-mobile-menu-close_icon-caption_gap":"10px","header-mobile-menu-close_icon-position":"right","header-mobile-menu-close_icon-size":"fade_medium","header-mobile-menu-dividers-color":"rgba(51,51,51,0.12)","header-mobile-menu-dividers-height":"1px","header-mobile-menu-font-color":"#333333","header-mobile-menu-font-hover-color":"#3c3e45","header-mobile-menu-font-hover-color-style":"accent","header-mobile-menu-font-hover-gradient":"90deg|#b78ce2 30%|#1e73be 100%","header-mobile-menu-show_dividers":"1","header-mobile-menu-typography":{"font_family":"Roboto:700","font_size":"16","text_transform":"none"},"header-mobile-menu_close-caption_color":"#fff","header-mobile-menu_close-caption_color-hover":"#fff","header-mobile-menu_close_icon-bg":"enabled","header-mobile-menu_close_icon-bg-border-radius":"0px","header-mobile-menu_close_icon-bg-border-width":"0px","header-mobile-menu_close_icon-bg-color":"","header-mobile-menu_close_icon-bg-hover":"enabled","header-mobile-menu_close_icon-border":"disabled","header-mobile-menu_close_icon-border-color":"","header-mobile-menu_close_icon-border-color-hover":"","header-mobile-menu_close_icon-border-hover":"disabled","header-mobile-menu_close_icon-color":"#fff","header-mobile-menu_close_icon-hover-color":"#fff","header-mobile-menu_close_icon-margin":"15px 0px 0px 0px","header-mobile-menu_close_icon-padding":"5px 5px 5px 5px","header-mobile-menu_icon-bg-border-radius":"0px","header-mobile-menu_icon-bg-border-width":"0px","header-mobile-menu_icon-bg-color":"","header-mobile-menu_icon-bg-color-hover":"","header-mobile-menu_icon-bg-enable":"1","header-mobile-menu_icon-bg-hover":"1","header-mobile-menu_icon-border":"disabled","header-mobile-menu_icon-border-color":"","header-mobile-menu_icon-border-hover":"disabled","header-mobile-menu_icon-border-hover-color":"","header-mobile-menu_icon-caption":"disabled","header-mobile-menu_icon-caption-padding":"11px 8px 11px 8px","header-mobile-menu_icon-caption-text":"Menu","header-mobile-menu_icon-caption-typography":{"font_family":"Roboto","font_size":"16","text_transform":"none"},"header-mobile-menu_icon-caption_color":"#ffffff","header-mobile-menu_icon-caption_color-hover":"#ffffff","header-mobile-menu_icon-caption_gap":"10px","header-mobile-menu_icon-color":"#ffffff","header-mobile-menu_icon-color-hover":"#ffffff","header-mobile-menu_icon-hover-bg-color":"","header-mobile-menu_icon-margin":"0px 0px 0px 0px","header-mobile-menu_icon-size":"small","header-mobile-microwidgets-custom-icon-color":"#2bb3d5","header-mobile-microwidgets-custom-icon-size":28,"header-mobile-microwidgets-font-color":"#333333","header-mobile-microwidgets-typography":{"font_family":"Roboto:700","font_size":"18"},"header-mobile-overlay-bg-color":"rgba(17,17,17,0.5)","header-mobile-second_switch-after":"500px","header-mobile-second_switch-height":"60px","header-mobile-second_switch-layout":"right_left","header-mobile-second_switch-logo":"mobile","header-mobile-second_switch-side-padding":"10px 10px","header-mobile-submenu-typography":{"font_family":"Roboto:500","font_size":"13","text_transform":"none"},"header-overlay-content-padding":"0px 0px 0px 0px","header-overlay-content-position":"center","header-overlay-content-width":"300px","header-overlay-logo-position":"fully_inside","header-overlay-menu-items_alignment":"center","header-overlay-menu-items_link":"fullwidth","header-overlay-menu-position":"v_center","header-show_floating_navigation":"1","header-side-content-padding":"50px 0px 40px 0px","header-side-elements":{"below_menu":["social_icons","email","skype"]},"header-side-elements-below_menu-padding":"0px 35px 0px 35px","header-side-elements-near_menu-custom-icon-color":"","header-side-elements-near_menu-custom-icon-size":16,"header-side-elements-near_menu-font_color":"#888888","header-side-elements-near_menu-typography":{"font_family":"Arial","font_size":"14"},"header-side-logo-position":"inside","header-side-menu-items_alignment":"center","header-side-menu-items_link":"fullwidth","header-side-menu-position":"v_top","header-side-menu-submenu-position":"down","header-side-position":"right","header-side-show_elements":"1","header-side-width":"300px","header-side_line-elements":[],"header-side_line-elements-below_menu-padding":"0px 0px 0px 0px","header-side_line-elements-near_menu-custom-icon-color":"","header-side_line-elements-near_menu-custom-icon-size":16,"header-side_line-elements-near_menu-font_color":"#888888","header-side_line-elements-near_menu-typography":{"font_family":"Arial","font_size":"14"},"header-side_line-show_elements":"0","header-side_line-width":"60px","header-slide_out-content-padding":"50px 0px 50px 0px","header-slide_out-logo-position":"fully_inside","header-slide_out-menu-items_alignment":"center","header-slide_out-menu-items_link":"fullwidth","header-slide_out-menu-position":"v_top","header-slide_out-overlay-animation":"fade","header-slide_out-overlay-bg-color":"rgba(17,17,17,0.4)","header-slide_out-overlay-bg-color-style":"color","header-slide_out-overlay-bg-gradient":"135deg|rgba(205,183,226,0.4) 30%|rgba(130,20,130,0.4) 100%","header-slide_out-overlay-bg-opacity":40,"header-slide_out-position":"left","header-slide_out-width":"400px","header-split-elements":{"near_menu_left":["search"]},"header-split-elements-near_menu-custom-icon-color":"","header-split-elements-near_menu-custom-icon-size":16,"header-split-elements-near_menu-font_color":"#888888","header-split-elements-near_menu-typography":{"font_family":"Arial","font_size":"14"},"header-split-elements-near_menu_left-padding":"0px 20px 0px 20px","header-split-elements-near_menu_right-padding":"0px 20px 0px 20px","header-split-height":"100px","header-split-is_fullwidth":"0","header-split-menu-position":"outside","header-split-show_elements":"1","header-split-side-padding":"30px 30px","header-split-switch_paddings":"0px","header-split_mobile_paddings":"0px 0px","header-style-floating-choose_logo":"custom","header-style-floating-logo-padding":"0px 48px 0px 0px","header-style-floating-logo_hd":["\/wp-content\/uploads\/sites\/61\/2020\/01\/flhd.png",2793],"header-style-floating-logo_regular":["\/wp-content\/uploads\/sites\/61\/2020\/01\/flnorm.png",2794],"header-style-mixed-logo-padding":"0px 0px 0px 0px","header-style-mixed-logo_hd":["",0],"header-style-mixed-logo_regular":["",0],"header-style-mixed-top_line-floating-choose_logo":"main","header-style-mixed-top_line-floating-logo-padding":"0px 0px 0px 0px","header-style-mixed-top_line-floating-logo_hd":["",0],"header-style-mixed-top_line-floating-logo_regular":["",0],"header-style-mobile-logo-padding":"0px 0px 0px 0px","header-style-mobile-logo_hd":["\/wp-content\/uploads\/sites\/61\/2020\/01\/flhd.png",2793],"header-style-mobile-logo_regular":["\/wp-content\/uploads\/sites\/61\/2020\/01\/flnorm.png",2794],"header-style-transparent-choose_logo":"custom","header-style-transparent-logo-padding":"0px 35px 0px 0px","header-style-transparent-logo_hd":["\/wp-content\/uploads\/sites\/61\/2020\/01\/skin11r.header-style-transparent-logo-hd.png",2847],"header-style-transparent-logo_regular":["\/wp-content\/uploads\/sites\/61\/2020\/01\/skin11r.header-style-transparent-logo-regular.png",2848],"header-style-transparent-mobile-logo-padding":"0px 0px 0px 0px","header-style-transparent-mobile-logo_hd":["\/wp-content\/uploads\/sites\/61\/2020\/01\/tr-mob-hd.png",2849],"header-style-transparent-mobile-logo_regular":["\/wp-content\/uploads\/sites\/61\/2020\/01\/tr-mob.png",2850],"header-top_line-elements":[],"header-top_line-elements-below_menu-padding":"0px 0px 0px 0px","header-top_line-elements-in_top_line-custom-icon-color":"","header-top_line-elements-in_top_line-custom-icon-size":16,"header-top_line-elements-in_top_line-font_color":"#888888","header-top_line-elements-in_top_line-typography":{"font_family":"Arial","font_size":"14"},"header-top_line-elements-near_menu-custom-icon-color":"","header-top_line-elements-near_menu-custom-icon-size":16,"header-top_line-elements-near_menu-font_color":"#888888","header-top_line-elements-near_menu-typography":{"font_family":"Arial","font_size":"14"},"header-top_line-elements-top_line-padding":"0px 0px 0px 0px","header-top_line-elements-top_line_right-padding":"0px 0px 0px 0px","header-top_line-show_elements":"0","header-top_line-side-padding":"30px 30px","header-top_line-switch_paddings":"0px","header-top_line_mobile_paddings":"0px 0px","header-transparent-mobile-first_switch-logo":"mobile","header-transparent-mobile-second_switch-logo":"mobile","header-transparent_bg_color":"rgba(238,238,34,1)","header_navigation":"slide_out","image_hover-color":"rgba(255,255,255,0.2)","image_hover-color_gradient":"135deg|rgba(46,221,237,0.2) 30%|rgba(0,132,187,0.2) 100%","image_hover-color_mode":"color","image_hover-opacity":20,"image_hover-project_rollover_color":"rgba(0,0,0,0.85)","image_hover-project_rollover_color_gradient":"135deg|rgba(46,221,237,0.85) 30%|rgba(0,132,187,0.85) 100%","image_hover-project_rollover_color_mode":"accent","image_hover-project_rollover_opacity":85,"image_hover-style":"none","input_bg_color":"rgba(253,253,253,1)","input_border_color":"rgba(0,0,0,0.08)","input_border_radius":"0px","input_border_width":"1px 1px 1px 1px","input_color":"#7a7a7a","input_height":"40px","input_padding":"5px 15px 5px 15px","layout-menu_icon-position":"menu_icon_right","layout-menu_icon-show_floating_logo":"1","layout-side_line-position":"above","layout-side_line-v_position":"left","layout-top_line-height":"130px","layout-top_line-is_fullwidth":"0","layout-top_line-is_sticky":"0","layout-top_line-logo-position":"left","menu-mobile-microwidgets-custom-icon-color":"#2bb3d5","menu-mobile-microwidgets-custom-icon-size":28,"menu-mobile-microwidgets-font-color":"#333333","menu-mobile-microwidgets-typography":{"font_family":"Roboto:700","font_size":"18"},"message_bg_color":"","message_color":"#ffffff","microwidgets-search-active-width":"200px","microwidgets-search-height":"34px","microwidgets-search-typography":{"font_family":"Roboto","font_size":"14"},"microwidgets-search-width":"200px","microwidgets-search_bg-border-color":"#e2e2e2","microwidgets-search_bg-color":"#f4f4f4","microwidgets-search_bg_border_radius":"0px","microwidgets-search_bg_border_width":"0px","microwidgets-search_custom-icon":"the7-mw-icon-search-bold","microwidgets-search_font-color":"#aaaaaa","microwidgets-search_icon":"custom","microwidgets-search_icon-size":16,"microwidgets-search_input-padding":"12px 12px","microwidgets-search_overlay-bg":"color","microwidgets-search_overlay-bg-color":"rgba(0,0,0,0.9)","microwidgets-search_overlay-bg-gradient":"135deg|#ffffff 30%|#000000 100%","microwidgets-search_style":"popup","page_title-background-style-transparent-color_scheme":"light","page_title-padding":"0px 0px","portfolio-breadcrumbs-text":"","portfolio-rel_projects_columns":{"wide_desktop":4,"desktop":3,"laptop":3,"h_tablet":3,"v_tablet":2,"phone":1},"portfolio-rel_projects_proportions":{"width":1,"height":1},"post-show_fancy_categories":"1","post-show_fancy_date":"1","show_static_part_of_archive_title":"1","sidebar-bg_color":"rgba(247,247,248,1)","sidebar-bg_image":{"image":"","repeat":"repeat","position_x":"center","position_y":"center"},"sidebar-decoration":"none","sidebar-decoration_outline_color":"rgba(0,0,0,0.06)","sidebar-distance_to_content":"50px","sidebar-divider-horizontal":"0","sidebar-divider-vertical":"1","sidebar-floating":false,"sidebar-headers_color":"#333333","sidebar-primary_text_color":"#7a7a7a","sidebar-responsiveness":"990px","sidebar-vertical_distance":"60px","sidebar-visual_style":"with_dividers","sidebar-width":"350px","social_buttons-page":[],"social_buttons-page-button_title":"Share this page","social_buttons-photo":[],"social_buttons-photo-button_title":"Share this image","social_buttons-portfolio_post":[],"social_buttons-portfolio_post-button_title":"Share this post","social_buttons-post":[],"social_buttons-post-button_title":"Share this post","social_buttons-visibility":"allways","stripes-stripe_1_bg_image":{"image":"","repeat":"repeat","position_x":"center","position_y":"center"},"stripes-stripe_1_color":"#f8f8f9","stripes-stripe_1_content_boxes_bg_color":"#ffffff","stripes-stripe_1_content_boxes_bg_opacity":100,"stripes-stripe_1_content_boxes_decoration":"none","stripes-stripe_1_content_boxes_decoration_outline_color":"#dd3333","stripes-stripe_1_content_boxes_decoration_outline_opacity":100,"stripes-stripe_1_headers_color":"#3b3f4a","stripes-stripe_1_outline":"hide","stripes-stripe_1_outline_color":"#44bb70","stripes-stripe_1_outline_opacity":100,"stripes-stripe_1_text_color":"#787d85","stripes-stripe_2_bg_image":{"image":"","repeat":"repeat","position_x":"center","position_y":"center"},"stripes-stripe_2_color":"#23262d","stripes-stripe_2_content_boxes_bg_color":"#ffffff","stripes-stripe_2_content_boxes_bg_opacity":10,"stripes-stripe_2_content_boxes_decoration":"none","stripes-stripe_2_content_boxes_decoration_outline_color":"#ffffff","stripes-stripe_2_content_boxes_decoration_outline_opacity":15,"stripes-stripe_2_headers_color":"#ffffff","stripes-stripe_2_outline":"hide","stripes-stripe_2_outline_color":"#ffffff","stripes-stripe_2_outline_opacity":15,"stripes-stripe_2_text_color":"#8b9199","stripes-stripe_3_bg_image":{"image":"https:\/\/the7.io\/wpbakery-starter\/inc\/presets\/images\/full\/skin22.stripes-stripe-3-bg-image.jpg","repeat":"repeat","position_x":"center","position_y":"center"},"stripes-stripe_3_color":"#000000","stripes-stripe_3_content_boxes_bg_color":"#ffffff","stripes-stripe_3_content_boxes_bg_opacity":10,"stripes-stripe_3_content_boxes_decoration":"none","stripes-stripe_3_content_boxes_decoration_outline_color":"#ffffff","stripes-stripe_3_content_boxes_decoration_outline_opacity":19,"stripes-stripe_3_headers_color":"#ffffff","stripes-stripe_3_outline":"hide","stripes-stripe_3_outline_color":"#252728","stripes-stripe_3_outline_opacity":100,"stripes-stripe_3_text_color":"#ffffff","template_page_id_404":0,"template_page_id_author":0,"template_page_id_author_full_content":"0","template_page_id_blog_category":0,"template_page_id_blog_category_full_content":"0","template_page_id_blog_tags":0,"template_page_id_blog_tags_full_content":"0","template_page_id_date":0,"template_page_id_date_full_content":"0","template_page_id_gallery_category":0,"template_page_id_gallery_category_full_content":"0","template_page_id_portfolio_category":0,"template_page_id_portfolio_category_full_content":"0","template_page_id_search":0,"template_page_id_search_full_content":"0","the7_opengraph_tags":"1","top-bar-height":"0px","top-bar-transparent_bg_color":"rgba(0,0,0,0.5)","top_bar-bg-color":"rgba(255,255,255,0)","top_bar-bg-image":{"image":"","repeat":"repeat","position_x":"center","position_y":"center"},"top_bar-bg-style":"fullwidth_line","top_bar-custom-icon-color":"#2bb3d5","top_bar-custom-icon-size":16,"top_bar-font-color":"#333333","top_bar-line-color":"rgba(0,0,0,0.1)","top_bar-line-in-transparent-header":false,"top_bar-line_size":"1px","top_bar-line_style":"solid","top_bar-padding":"0px 60px 0px 60px","top_bar-switch_paddings":"450px","top_bar-typography":{"font_family":"Roboto:500","font_size":"13","text_transform":"none"},"top_bar_mobile_paddings":"0px 10px 0px 10px","widgetareas":{"1":{"sidebar_name":"Default Sidebar","sidebar_desc":"Sidebar primary widget area"},"2":{"sidebar_name":"Default Footer","sidebar_desc":"Footer primary widget area"},"3":{"sidebar_name":"Portfolio-sidebar","sidebar_desc":""}},"header-mobile-floating-bg-color":"rgba(255,255,255,1)","fonts-widget-title":{"font_family":"Roboto:700","text_transform":"none","responsive_font_size":{"desktop":"16px"},"responsive_line_height":{"desktop":"26px"}},"fonts-woo-title":{"font_family":"Roboto:700","text_transform":"none","responsive_font_size":{"desktop":"16px"},"responsive_line_height":{"desktop":"26px"}},"fonts-woo-content":{"font_family":"Roboto","responsive_font_size":{"desktop":"16px"},"responsive_line_height":{"desktop":"28px"}},"fonts-widget-content":{"font_family":"Roboto","responsive_font_size":{"desktop":"15px"},"responsive_line_height":{"desktop":"27px"}},"header-elements-woocommerce_cart-font-content":{"font_family":"Roboto","responsive_font_size":{"desktop":"15px"},"responsive_line_height":{"desktop":"27px"}},"buttons-s-custom-icon-size":1,"buttons-m-custom-icon-size":1,"buttons-l-custom-icon-size":1,"buttons-lg-custom-icon-size":1,"buttons-xl-custom-icon-size":1,"button-shadow":{"color":"rgba(0, 0, 0, 0)","horizontal":"0","vertical":"0","blur":"10","spread":"0","position":"outline"},"button-shadow-hover":{"color":"rgba(0, 0, 0, 0)","horizontal":"0","vertical":"0","blur":"10","spread":"0","position":"outline"},"buttons-lg-typography":{"font_family":"Roboto:700","text_transform":"none"},"buttons-xl-typography":{"font_family":"Roboto:700","text_transform":"none"}},"the7_dashboard_settings":{"mega-menu":true,"elementor-buttons-integration":false,"elementor-theme-style":false,"portfolio":true,"testimonials":true,"team":true,"logos":false,"benefits":false,"albums":true,"slideshow":true},"wp_settings":{"show_on_front":"page","page_on_front":"4","page_for_posts":"0"},"widgets_settings":{"widget_text":{"1":[],"_multiwidget":1},"widget_recent-comments":{"3":{"title":"RECENT COMMENTS","number":5},"_multiwidget":1},"widget_rss":{"1":[],"_multiwidget":1},"widget_tag_cloud":{"2":{"title":"TAGS","count":0,"taxonomy":"post_tag"},"_multiwidget":1},"widget_presscore-contact-info-widget":{"2":{"title":"Contact info","text":"","links":{"facebook":"https:\/\/the7.io\/","twitter":"https:\/\/the7.io\/","you-tube":"https:\/\/the7.io\/","instagram":"https:\/\/the7.io\/"},"fields":[{"title":"Call us","content":"+12 345 67 00 89, +12 987 00 65 43"},{"title":"Business hours","content":"Monday - Friday 10 AM - 6 PM"},{"title":"Mail","content":"sales@your-site.com"}]},"_multiwidget":1},"widget_presscore-blog-posts":{"2":{"title":"RECENT POSTS","order":"DESC","orderby":"date","show":4,"select":"all","cats":[],"thumbnails":0,"round_images":0,"show_excerpts":0,"images_dimensions":{"w":65,"h":50}},"3":{"title":"Recent posts","order":"DESC","orderby":"date","show":3,"select":"all","cats":[],"thumbnails":1,"round_images":0,"show_excerpts":0,"images_dimensions":{"w":80,"h":60}},"_multiwidget":1},"widget_presscore-blog-categories":{"2":{"title":"BLOG CATEGORIES","select":"all","cats":[]},"_multiwidget":1},"widget_presscore-portfolio":{"2":{"title":"Recent projects","order":"DESC","orderby":"date","select":"all","show":6,"cats":[],"max_width":150},"_multiwidget":1},"sidebars_widgets":{"wp_inactive_widgets":["9022"],"sidebar_1":["presscore-blog-categories-2","recent-comments-3","presscore-blog-posts-2","tag_cloud-2"],"sidebar_2":["presscore-contact-info-widget-2","presscore-blog-posts-3","presscore-portfolio-2"],"array_version":3}},"nav_menu_locations":[],"ultimate_selected_google_fonts":[],"ultimate_icon_fonts":[],"the7_fontawesome_version":"fa5","revolution_sliders":[],"vc_settings":{"use_custom":"1","vc_color":"#f7f7f7","vc_color_hover":"#F0F0F0","vc_color_call_to_action_bg":"","vc_color_google_maps_bg":"","vc_color_post_slider_caption_bg":"","vc_color_progress_bar_bg":"","vc_color_separator_border":"","vc_color_tab_bg":"","vc_color_tab_bg_active":"","margin":"0px","gutter":"60","responsive_max":"778"}}