{"schema":{"folders":{"ultimate_icon_fonts":"Ultimate_VC_Addons\/icon-fonts"}},"theme_options":{"advanced-speed_img_resize":"1","blog-fancy_date-style":"vertical","blog-thumbnail_proportions":{"width":2,"height":1},"blog-thumbnail_size":"resize","bottom_bar-bg_color":"rgba(255,255,255,0.15)","bottom_bar-bg_image":{"image":"","repeat":"repeat","position_x":"center","position_y":"top"},"bottom_bar-collapse_after":"990px","bottom_bar-color":"#ffffff","bottom_bar-copyrights":"","bottom_bar-credits":"1","bottom_bar-enabled":"1","bottom_bar-height":"60px","bottom_bar-layout":"logo_left","bottom_bar-logo-padding":"15px 20px 15px 0px","bottom_bar-logo_hd":["\/wp-content\/uploads\/sites\/45\/2020\/01\/l-footer-hd.png",1946],"bottom_bar-logo_regular":["\/wp-content\/uploads\/sites\/45\/2020\/01\/l-footer.png",1945],"bottom_bar-menu-collapse_after":"778px","bottom_bar-padding":"10px 10px","bottom_bar-style":"full_width_line","bottom_bar-text":"<span class=\"paint-accent-color\">mail:<\/span> hello@dream-theme.com<span class=\"paint-accent-color\" style=\"padding-left: 20px\">tel:<\/span> 001 234 56 78","breadcrumbs-typography":{"font_family":"Roboto","font_size":"13","line_height":"23","text_transform":"none"},"breadcrumbs_bg_color":"rgba(255,255,255,0.2)","breadcrumbs_border_color":"rgba(255,255,255,0.5)","breadcrumbs_border_radius":"0px","breadcrumbs_border_width":"0px","breadcrumbs_margin":"10px 0px 10px 0px","breadcrumbs_padding":"2px 10px 2px 10px","buttons-border-color":"#ffffff","buttons-border-color_mode":"accent","buttons-color":"#495b78","buttons-color_gradient":"135deg|#cc2e7d 30%|#e56027 100%","buttons-color_mode":"disabled","buttons-hover-border-color":"#ffffff","buttons-hover-border-color_mode":"accent","buttons-hover_color":"#495b78","buttons-hover_color_gradient":"135deg|#cc4789 30%|#e57544 100%","buttons-hover_color_mode":"accent","buttons-l-icon-size":20,"buttons-l-typography":{"font_family":"Roboto:700","font_size":"18","text_transform":"none"},"buttons-l_border_radius":"0px","buttons-l_border_width":"3px","buttons-l_padding":"18px 24px 18px 24px","buttons-m-icon-size":16,"buttons-m-typography":{"font_family":"Fira Sans:600","font_size":"16","text_transform":"none"},"buttons-m_border_radius":"0px","buttons-m_border_width":"2px","buttons-m_padding":"12px 20px 12px 20px","buttons-s-icon-size":12,"buttons-s-typography":{"font_family":"Roboto:700","font_size":"12","text_transform":"none"},"buttons-s_border_radius":"0px","buttons-s_border_width":"2px","buttons-s_padding":"8px 12px 8px 12px","buttons-text_color":"#ffffff","buttons-text_color_mode":"accent","buttons-text_hover_color":"#ffffff","buttons-text_hover_color_mode":"color","contact_form_message":"1","content-headers_color":"#39465d","content-links_color":"#2fcfde","content-primary_text_color":"#6a7990","content-secondary_text_color":"#6a7990","custom_error_messages":"The message has not been sent. Plaese try again.","custom_error_messages_validation":"One or more fields have an error. Please check and try again.","custom_success_messages":"Your message has been sent.","dividers-color":"rgba(57,70,93,0.15)","filter-typography":{"font_family":"Roboto:700","font_size":14,"text_transform":"uppercase"},"fonts-big_size":{"font_size":"16px","line_height":"28px"},"fonts-font_family":"Roboto","fonts-h1-typography":{"font_family":"Fira Sans Condensed","text_transform":"none","responsive_font_size":{"desktop":"42px","tablet":"32px","mobile":"32px"},"responsive_line_height":{"desktop":"52px"}},"fonts-h2-typography":{"font_family":"Fira Sans Condensed","text_transform":"none","responsive_font_size":{"desktop":"32px"},"responsive_line_height":{"desktop":"42px"}},"fonts-h3-typography":{"font_family":"Fira Sans Condensed","text_transform":"none","responsive_font_size":{"desktop":"24px"},"responsive_line_height":{"desktop":"34px"}},"fonts-h4-typography":{"font_family":"Fira Sans Condensed","text_transform":"none","responsive_font_size":{"desktop":"20px"},"responsive_line_height":{"desktop":"30px"}},"fonts-h5-typography":{"font_family":"Fira Sans Condensed","text_transform":"none","responsive_font_size":{"desktop":"18px"},"responsive_line_height":{"desktop":"28px"}},"fonts-h6-typography":{"font_family":"Fira Sans Condensed","text_transform":"none","responsive_font_size":{"desktop":"16px"},"responsive_line_height":{"desktop":"26px"}},"fonts-normal_size":{"font_size":"14px","line_height":"26px"},"fonts-small_size":{"font_size":"12px","line_height":"24px"},"footer-accent_text_color":"","footer-bg_color":"#39465d","footer-bg_image":{"image":"","repeat":"repeat","position_x":"center","position_y":"top"},"footer-collapse_after":"778px","footer-collapse_columns_after":"778px","footer-decoration":"none","footer-decoration_outline_color":"rgba(129,215,66,0.96)","footer-headers_color":"#2fcfde","footer-is_fullwidth":"0","footer-layout":"1\/3+1\/3+1\/3","footer-mobile_padding":"60px 20px 25px 20px","footer-padding":"60px 50px 25px 50px","footer-paddings-columns":"25px","footer-primary_text_color":"#ffffff","footer-slide-out-mode":"0","footer-style":"solid_background","general-accent_bg_color":"#2fcfde","general-accent_bg_color_gradient":"135deg|#3eb4e6 30%|#58ddde 100%","general-accent_color_mode":"color","general-album_back_button_url":"","general-album_meta_author":false,"general-album_meta_categories":"1","general-album_meta_comments":false,"general-album_meta_date":"1","general-album_meta_on":"1","general-beautiful_loading":"enabled","general-bg_color":"rgba(255,255,255,1)","general-bg_fixed":false,"general-bg_fullscreen":false,"general-bg_image":{"image":"","repeat":"repeat","position_x":"center","position_y":"top"},"general-blog_meta_author":"1","general-blog_meta_categories":"1","general-blog_meta_comments":"1","general-blog_meta_date":"1","general-blog_meta_on":"1","general-blog_meta_tags":"1","general-border_radius":"0px","general-box_width":"1340px","general-boxed_bg_color":"#ffffff","general-boxed_bg_fixed":"1","general-boxed_bg_fullscreen":false,"general-boxed_bg_image":{"image":"","repeat":"repeat","position_x":"center","position_y":"top"},"general-breadcrumbs_bg_color":"enabled","general-breadcrumbs_color":"#ffffff","general-content_boxes_bg_color":"rgba(57,70,93,0.05)","general-content_boxes_decoration":"none","general-content_boxes_decoration_outline_color":"rgba(0,0,0,0)","general-content_width":"1300px","general-custom_css":"\/*Phone number color in contacts on mobile devices*\/\r\n.dt-phone *,\r\n.dt-phone:hover *{\r\ncolor: inherit;\r\n}","general-custom_loader":"","general-favicon":"\/wp-content\/uploads\/sites\/45\/2018\/02\/the7-new-fav1.gif","general-favicon_hd":"\/wp-content\/uploads\/sites\/45\/2018\/02\/the7-new-fav-hd1-2.gif","general-filter-margin":"0px 15px 0px 15px","general-filter-padding":"5px 0px 5px 0px","general-filter_style":"ios","general-filter_style-material-line_size":"2px","general-filter_style-minimal-border_radius":"100px","general-fullscreen_overlay_color":"rgba(255,255,255,1)","general-fullscreen_overlay_color_mode":"color","general-fullscreen_overlay_gradient":"135deg|#8224e3 30%|#dd3333 100%","general-fullscreen_overlay_opacity":100,"general-handheld_icon-old_ipad":"","general-handheld_icon-old_iphone":"","general-handheld_icon-retina_ipad":"","general-handheld_icon-retina_iphone":"","general-images_lazy_loading":"1","general-layout":"wide","general-lightbox_arrow_size":"62px","general-lightbox_overlay_opacity":85,"general-loader_style":"double_circles","general-navigation_margin":"50px","general-next_prev_in_album":"1","general-next_prev_in_blog":"1","general-next_prev_in_portfolio":"1","general-page-title-typography":{"font_family":"Fira Sans Condensed","font_size":"40","line_height":"50","text_transform":"uppercase"},"general-page_content_margin":"80px 50px 80px 50px","general-page_content_mobile_margin":"80px 20px 80px 20px","general-portfolio_meta_author":"1","general-portfolio_meta_categories":"1","general-portfolio_meta_comments":"1","general-portfolio_meta_date":"1","general-portfolio_meta_on":"1","general-portfolio_thumbnail_proportions":{"width":2,"height":1},"general-portfolio_thumbnail_size":"resize","general-post_back_button_url":"","general-project_back_button_url":"","general-rel_posts_head_title":"Related posts","general-rel_posts_max":6,"general-rel_projects_details":"1","general-rel_projects_excerpt":"1","general-rel_projects_fullwidth_height":210,"general-rel_projects_fullwidth_width":210,"general-rel_projects_fullwidth_width_style":"prop","general-rel_projects_head_title":"Related Projects","general-rel_projects_height":180,"general-rel_projects_info_author":"1","general-rel_projects_info_categories":"1","general-rel_projects_info_comments":"1","general-rel_projects_info_date":"1","general-rel_projects_link":"1","general-rel_projects_max":12,"general-rel_projects_title":"1","general-rel_projects_width":180,"general-rel_projects_width_style":"prop","general-rel_projects_zoom":"1","general-responsive":"1","general-responsive_title_height":"120px","general-responsive_title_line_height":42,"general-responsive_title_size":32,"general-show_author_in_blog":"1","general-show_back_button_in_album":"1","general-show_back_button_in_post":"1","general-show_back_button_in_project":"1","general-show_breadcrumbs":"1","general-show_rel_posts":"1","general-show_rel_projects":"0","general-show_titles":"1","general-smooth_scroll":"off","general-spinner_color":"rgba(47,207,222,0.6)","general-switch_content_paddings":"778px","general-title_align":"left","general-title_bg_color":"#2fcfde","general-title_bg_fullscreen":false,"general-title_bg_gradient":"0deg|#4a66d6 30%|#12b4ea 100%","general-title_bg_image":{"image":"","repeat":"repeat","position_x":"center","position_y":"center"},"general-title_bg_mode":"background","general-title_bg_overlay":false,"general-title_bg_parallax":"0","general-title_color":"#ffffff","general-title_decoration":"none","general-title_decoration_line_color":"rgba(130,36,227,1)","general-title_decoration_line_height":"5px","general-title_decoration_line_style":"dashed","general-title_decoration_outline_color":"rgba(30,115,190,0)","general-title_decoration_outline_height":"1px","general-title_decoration_outline_style":"solid","general-title_dir_gradient":0,"general-title_enable_bg_img":"disabled","general-title_height":"100px","general-title_overlay_color":"rgba(0,0,0,0.5)","general-title_responsive_breadcrumbs":false,"general-title_scroll_effect":"parallax","general-titles-responsiveness-switch":"992px","general-titles_responsiveness":"1","header-background":"normal","header-bg-color":"rgba(255,255,255,1)","header-bg-image":{"image":"","repeat":"repeat","position_x":"center","position_y":"center"},"header-bg-is_fixed":false,"header-bg-is_fullscreen":false,"header-classic-elements":{"top_bar_left":["custom_menu"],"top_bar_right":["search"],"near_menu_right":["social_icons"],"near_logo_right":["phone","email","working_hours"]},"header-classic-elements-near_logo-custom-icon-color":"","header-classic-elements-near_logo-custom-icon-size":16,"header-classic-elements-near_logo-font_color":"#888888","header-classic-elements-near_logo-typography":{"font_family":"Arial","font_size":"14"},"header-classic-elements-near_logo_left-padding":"0px 0px 0px 0px","header-classic-elements-near_logo_right-padding":"0px 0px 0px 0px","header-classic-elements-near_menu-custom-icon-color":"","header-classic-elements-near_menu-custom-icon-size":16,"header-classic-elements-near_menu-font_color":"#888888","header-classic-elements-near_menu-typography":{"font_family":"Arial","font_size":"14"},"header-classic-elements-near_menu_right-padding":"0px 0px 0px 40px","header-classic-height":"180px","header-classic-is_fullwidth":"0","header-classic-logo-position":"left","header-classic-menu-bg-color":"rgba(0,0,0,1)","header-classic-menu-bg-style":"solid","header-classic-menu-margin":"0px 0px","header-classic-menu-position":"left","header-classic-show_elements":"1","header-classic-side-padding":"30px 30px","header-classic-switch_paddings":"0px","header-classic_mobile_paddings":"0px 0px","header-decoration":"shadow","header-decoration-color":"rgba(221,51,51,1)","header-elements-button-1-bg":"disabled","header-elements-button-1-bg-color":"#ffffff","header-elements-button-1-bg-gradient":"135deg|#ffffff 30%|#000000 100%","header-elements-button-1-border-color":"accent","header-elements-button-1-border-color-mono":"rgba(47,207,222,0.6)","header-elements-button-1-border_radius":"0px","header-elements-button-1-border_width":"2px","header-elements-button-1-choose-icon":"icomoon-the7-font-the7-sort-02","header-elements-button-1-first-header-switch":"near_logo","header-elements-button-1-hover-bg":"accent","header-elements-button-1-hover-bg-color":"#ffffff","header-elements-button-1-hover-bg-gradient":"135deg|#ffffff 30%|#000000 100%","header-elements-button-1-hover-border-color":"disabled","header-elements-button-1-hover-border-color-mono":"#5ac6fd","header-elements-button-1-hover-icon-color":"color","header-elements-button-1-hover-icon-color-gradient":"90deg|#ffffff 30%|#000000 100%","header-elements-button-1-hover-icon-color-mono":"#ffffff","header-elements-button-1-icon":"1","header-elements-button-1-icon-color":"accent","header-elements-button-1-icon-color-gradient":"90deg|#ffffff 30%|#000000 100%","header-elements-button-1-icon-color-mono":"#ffffff","header-elements-button-1-icon-position":"right","header-elements-button-1-icon-size":16,"header-elements-button-1-icon_gap":"5px","header-elements-button-1-name":"Make an appointment","header-elements-button-1-on-desktops":"show","header-elements-button-1-padding":"10px 14px 10px 14px","header-elements-button-1-second-header-switch":"in_menu","header-elements-button-1-smooth-scroll":false,"header-elements-button-1-target":false,"header-elements-button-1-typography":{"font_family":"Fira Sans:500","font_size":"12"},"header-elements-button-1-url":"\/dental\/contact\/","header-elements-button-2-bg":"accent","header-elements-button-2-bg-color":"#ffffff","header-elements-button-2-bg-gradient":"135deg|#ffffff 30%|#000000 100%","header-elements-button-2-border-color":"accent","header-elements-button-2-border-color-mono":"#ffffff","header-elements-button-2-border_radius":"0px","header-elements-button-2-border_width":"1px","header-elements-button-2-choose-icon":"","header-elements-button-2-first-header-switch":"near_logo","header-elements-button-2-hover-bg":"accent","header-elements-button-2-hover-bg-color":"#ffffff","header-elements-button-2-hover-bg-gradient":"135deg|#ffffff 30%|#000000 100%","header-elements-button-2-hover-border-color":"accent","header-elements-button-2-hover-border-color-mono":"#ffffff","header-elements-button-2-hover-icon-color":"accent","header-elements-button-2-hover-icon-color-gradient":"90deg|#ffffff 30%|#000000 100%","header-elements-button-2-hover-icon-color-mono":"#ffffff","header-elements-button-2-icon":false,"header-elements-button-2-icon-color":"accent","header-elements-button-2-icon-color-gradient":"90deg|#ffffff 30%|#000000 100%","header-elements-button-2-icon-color-mono":"#ffffff","header-elements-button-2-icon-position":"right","header-elements-button-2-icon-size":14,"header-elements-button-2-icon_gap":"5px","header-elements-button-2-name":"Button","header-elements-button-2-on-desktops":"show","header-elements-button-2-padding":"5px 10px 5px 10px","header-elements-button-2-second-header-switch":"in_menu","header-elements-button-2-smooth-scroll":false,"header-elements-button-2-target":false,"header-elements-button-2-typography":{"font_family":"Open Sans","font_size":"16"},"header-elements-button-2-url":"","header-elements-contact-address-caption":"SoHo 94 Broadway St New York, NY 1001","header-elements-contact-address-custom-icon":"icomoon-the7-font-the7-map-05","header-elements-contact-address-custom-icon-size":16,"header-elements-contact-address-first-header-switch":"top_bar_left","header-elements-contact-address-icon":"custom","header-elements-contact-address-on-desktops":"show","header-elements-contact-address-second-header-switch":"in_menu","header-elements-contact-address-url":"","header-elements-contact-clock-caption":"Mon. - Fri. 10:00 - 19:00","header-elements-contact-clock-custom-icon":"icomoon-the7-font-the7-clock-03","header-elements-contact-clock-custom-icon-size":16,"header-elements-contact-clock-first-header-switch":"top_bar_left","header-elements-contact-clock-icon":"custom","header-elements-contact-clock-on-desktops":"show","header-elements-contact-clock-second-header-switch":"in_menu","header-elements-contact-clock-url":"","header-elements-contact-email-caption":"sales@yoursite.com","header-elements-contact-email-custom-icon":"the7-mw-icon-mail-bold","header-elements-contact-email-custom-icon-size":16,"header-elements-contact-email-first-header-switch":"near_logo","header-elements-contact-email-icon":"custom","header-elements-contact-email-on-desktops":"show","header-elements-contact-email-second-header-switch":"in_menu","header-elements-contact-email-url":"","header-elements-contact-multipurpose_1-caption":"","header-elements-contact-multipurpose_1-custom-icon":"","header-elements-contact-multipurpose_1-first-header-switch":"near_logo","header-elements-contact-multipurpose_1-icon":"custom","header-elements-contact-multipurpose_1-on-desktops":"show","header-elements-contact-multipurpose_1-second-header-switch":"in_menu","header-elements-contact-multipurpose_1-url":"","header-elements-contact-multipurpose_2-caption":"","header-elements-contact-multipurpose_2-custom-icon":"","header-elements-contact-multipurpose_2-first-header-switch":"near_logo","header-elements-contact-multipurpose_2-icon":"custom","header-elements-contact-multipurpose_2-on-desktops":"show","header-elements-contact-multipurpose_2-second-header-switch":"in_menu","header-elements-contact-multipurpose_2-url":"","header-elements-contact-multipurpose_3-caption":"","header-elements-contact-multipurpose_3-custom-icon":"","header-elements-contact-multipurpose_3-first-header-switch":"near_logo","header-elements-contact-multipurpose_3-icon":"custom","header-elements-contact-multipurpose_3-on-desktops":"show","header-elements-contact-multipurpose_3-second-header-switch":"in_menu","header-elements-contact-multipurpose_3-url":"","header-elements-contact-multipurpose_4-caption":"","header-elements-contact-multipurpose_4-custom-icon":"","header-elements-contact-multipurpose_4-first-header-switch":"near_logo","header-elements-contact-multipurpose_4-icon":"custom","header-elements-contact-multipurpose_4-on-desktops":"show","header-elements-contact-multipurpose_4-second-header-switch":"in_menu","header-elements-contact-multipurpose_4-url":"","header-elements-contact-phone-caption":"001 234 56 78","header-elements-contact-phone-custom-icon":"icomoon-the7-font-the7-phone-03","header-elements-contact-phone-custom-icon-size":16,"header-elements-contact-phone-first-header-switch":"top_bar_left","header-elements-contact-phone-icon":"custom","header-elements-contact-phone-on-desktops":"show","header-elements-contact-phone-second-header-switch":"in_menu","header-elements-contact-phone-url":"","header-elements-contact-skype-caption":"Your_Skype","header-elements-contact-skype-custom-icon":"the7-mw-icon-skype-bold","header-elements-contact-skype-custom-icon-size":16,"header-elements-contact-skype-first-header-switch":"near_logo","header-elements-contact-skype-icon":"custom","header-elements-contact-skype-on-desktops":"show","header-elements-contact-skype-second-header-switch":"in_menu","header-elements-contact-skype-url":"","header-elements-edd_cart-sub_cart-bg-color":"rgba(255,255,255,1)","header-elements-edd_cart-sub_cart-bg-width":280,"header-elements-edd_cart-sub_cart-font-color":"#333333","header-elements-login-caption":"Login","header-elements-login-custom-icon":"the7-mw-icon-login-bold","header-elements-login-custom-icon-size":16,"header-elements-login-first-header-switch":"near_logo","header-elements-login-icon":"custom","header-elements-login-logout_url":"","header-elements-login-on-desktops":"show","header-elements-login-second-header-switch":"in_menu","header-elements-login-url":"http:\/\/themeforest.net","header-elements-login-use_logout_url":false,"header-elements-logout-caption":"Logout","header-elements-menu-first-header-switch":"near_logo","header-elements-menu-icon":"custom","header-elements-menu-on-desktops":"show","header-elements-menu-second-header-switch":"hidden","header-elements-menu-style":"list","header-elements-menu-style-first-switch":"dropdown","header-elements-menu-style-second-switch":"dropdown","header-elements-menu2-first-header-switch":"near_logo","header-elements-menu2-icon":"custom","header-elements-menu2-on-desktops":"show","header-elements-menu2-second-header-switch":"in_menu","header-elements-menu2-style":"dropdown","header-elements-menu2-style-first-switch":"dropdown","header-elements-menu2-style-second-switch":"dropdown","header-elements-menu2_custom-icon":"the7-mw-icon-dropdown-menu-bold","header-elements-menu_custom-icon":"the7-mw-icon-dropdown-menu-bold","header-elements-near_logo-font_color":"#3c3e45","header-elements-near_logo-font_family":"Open Sans","header-elements-near_logo-font_size":13,"header-elements-near_menu-font_color":"#333333","header-elements-near_menu-font_family":"Roboto:700","header-elements-near_menu-font_size":13,"header-elements-search-by":"general","header-elements-search-caption":"","header-elements-search-first-header-switch":"near_logo","header-elements-search-icon":"custom","header-elements-search-input-caption":"Type and hit enter \u2026","header-elements-search-on-desktops":"show","header-elements-search-second-header-switch":"near_logo","header-elements-search_custom-icon":"the7-mw-icon-search-bold","header-elements-search_custom-icon-size":16,"header-elements-soc_icons":[{"icon":"facebook","url":"\/"},{"icon":"twitter","url":"\/"},{"icon":"you-tube","url":"#"}],"header-elements-soc_icons-bg":"color","header-elements-soc_icons-bg-color":"rgba(47,207,222,0.15)","header-elements-soc_icons-bg-gradient":"135deg|#ffffff 30%|#000000 100%","header-elements-soc_icons-bg-size":"32px","header-elements-soc_icons-border":"disabled","header-elements-soc_icons-border-color":"#2fcfde","header-elements-soc_icons-color":"rgba(47,207,222,0.6)","header-elements-soc_icons-first-header-switch":"top_bar_right","header-elements-soc_icons-hover-bg":"color","header-elements-soc_icons-hover-bg-color":"rgba(47,207,222,0.15)","header-elements-soc_icons-hover-bg-gradient":"135deg|#ffffff 30%|#000000 100%","header-elements-soc_icons-hover-border":"disabled","header-elements-soc_icons-hover-border-color":"rgba(255,255,255,1)","header-elements-soc_icons-hover-color":"#2fcfde","header-elements-soc_icons-on-desktops":"show","header-elements-soc_icons-second-header-switch":"hidden","header-elements-soc_icons-size":"16px","header-elements-soc_icons_border_radius":"0px","header-elements-soc_icons_border_width":"0px","header-elements-soc_icons_gap":2,"header-elements-text":"[dt_default_button link=\"\/dental\/contact\/\" button_alignment=\"default\" animation=\"none\" size=\"medium\"]Book a visit[\/dt_default_button]","header-elements-text-2":"Some call to action text goes here!","header-elements-text-2-first-header-switch":"near_logo","header-elements-text-2-on-desktops":"show","header-elements-text-2-second-header-switch":"in_menu","header-elements-text-3":"","header-elements-text-3-first-header-switch":"hidden","header-elements-text-3-on-desktops":"show","header-elements-text-3-second-header-switch":"hidden","header-elements-text-4":"","header-elements-text-4-first-header-switch":"near_logo","header-elements-text-4-on-desktops":"show","header-elements-text-4-second-header-switch":"in_menu","header-elements-text-5":"","header-elements-text-5-first-header-switch":"near_logo","header-elements-text-5-on-desktops":"show","header-elements-text-5-second-header-switch":"in_menu","header-elements-text-first-header-switch":"near_logo","header-elements-text-on-desktops":"show","header-elements-text-second-header-switch":"in_menu","header-elements-woocommerce_cart-sub_cart-bg-color":"rgba(255,255,255,1)","header-elements-woocommerce_cart-sub_cart-bg-width":280,"header-elements-woocommerce_cart-sub_cart-font-color":"#333333","header-floating_navigation-active_item-font-color":"#ffffff","header-floating_navigation-active_item-font-gradient":"90deg|#ffffff 30%|#000000 100%","header-floating_navigation-bg-color":"rgba(255,255,255,1)","header-floating_navigation-bg-image":{"image":"","repeat":"repeat","position_x":"center","position_y":"center"},"header-floating_navigation-bg-is_fullscreen":false,"header-floating_navigation-decoration":"shadow","header-floating_navigation-decoration-color":"rgba(221,51,51,1)","header-floating_navigation-font-active":"default","header-floating_navigation-font-color":"#ffffff","header-floating_navigation-font-hover":"default","header-floating_navigation-font-normal":"default","header-floating_navigation-height":"70px","header-floating_navigation-hover-font-color":"#ffffff","header-floating_navigation-hover-font-gradient":"90deg|#ffffff 30%|#000000 100%","header-floating_navigation-show_after":"180px","header-floating_navigation-style":"sticky","header-floating_navigation-top-bar":"1","header-inline-elements":{"top_bar_left":["phone","address","working_hours"],"top_bar_right":["social_icons"],"near_menu_right":["button"]},"header-inline-elements-near_menu-custom-icon-color":"","header-inline-elements-near_menu-custom-icon-size":16,"header-inline-elements-near_menu-font_color":"#6a7990","header-inline-elements-near_menu-typography":{"font_family":"Fira Sans","font_size":"14"},"header-inline-elements-near_menu_right-padding":"0px 0px 0px 12px","header-inline-height":"100px","header-inline-is_fullwidth":"0","header-inline-menu-position":"right","header-inline-show_elements":"1","header-inline-side-padding":"50px 50px","header-inline-switch_paddings":"0px","header-inline_mobile_paddings":"0px 0px","header-layout":"inline","header-logo-padding":"0px 0px 0px 0px","header-logo_hd":["\/wp-content\/uploads\/sites\/45\/2020\/01\/l-dent-main-hd.png",1942],"header-logo_regular":["\/wp-content\/uploads\/sites\/45\/2020\/01\/l-dent-main.png",1941],"header-mega-menu-desc-font-color":"#333333","header-mega-menu-desc-typography":{"font_family":"Roboto","font_size":"13"},"header-mega-menu-items-padding":"0px 0px 10px 0px","header-mega-menu-submenu-bg-padding":"0px 10px 0px 10px","header-mega-menu-submenu-column-padding":"20px 10px 20px 10px","header-mega-menu-submenu-column-width":"240px","header-mega-menu-title-active_item-font-color":"#ffffff","header-mega-menu-title-active_item-font-color-style":"accent","header-mega-menu-title-active_item-font-gradient":"90deg|#ffffff 30%|#000000 100%","header-mega-menu-title-font-color":"#333333","header-mega-menu-title-hover-font-color":"#ffffff","header-mega-menu-title-hover-font-color-style":"accent","header-mega-menu-title-hover-font-gradient":"90deg|#ffffff 30%|#000000 100%","header-mega-menu-title-icon-size":16,"header-mega-menu-title-typography":{"font_family":"Roboto:700","font_size":"16","text_transform":"none"},"header-mega-menu-widget-accent-color":"","header-mega-menu-widget-font-color":"#333333","header-mega-menu-widget-title-color":"#333333","header-menu-active_item-font-color":"#ffffff","header-menu-active_item-font-color-style":"accent","header-menu-active_item-font-gradient":"90deg|#ffffff 30%|#000000 100%","header-menu-decoration-other-active-color":"rgba(255,255,255,1)","header-menu-decoration-other-active-color-style":"accent","header-menu-decoration-other-active-gradient":"135deg|#ffffff 30%|#000000 100%","header-menu-decoration-other-active-line":"0","header-menu-decoration-other-active-line-color":"rgba(130,36,227,0.3)","header-menu-decoration-other-active-line-color-style":"color","header-menu-decoration-other-active-line-gradient":"135deg|rgba(221,51,51,0.3) 30%|rgba(129,215,66,0.3) 100%","header-menu-decoration-other-active-line-opacity":30,"header-menu-decoration-other-active-opacity":100,"header-menu-decoration-other-active-style":"background","header-menu-decoration-other-border-radius":4,"header-menu-decoration-other-click_decor":"1","header-menu-decoration-other-click_decor-color":"rgba(255,255,255,0.2)","header-menu-decoration-other-click_decor-color-style":"accent","header-menu-decoration-other-click_decor-gradient":"135deg|rgba(255,255,255,0.2) 30%|rgba(0,0,0,0.2) 100%","header-menu-decoration-other-click_decor-opacity":20,"header-menu-decoration-other-hover-color":"rgba(221,51,51,1)","header-menu-decoration-other-hover-color-style":"accent","header-menu-decoration-other-hover-gradient":"135deg|#ffffff 30%|#000000 100%","header-menu-decoration-other-hover-line":"0","header-menu-decoration-other-hover-line-color":"rgba(221,51,51,0.23)","header-menu-decoration-other-hover-line-color-style":"gradient","header-menu-decoration-other-hover-line-gradient":"135deg|rgba(255,255,255,0.23) 30%|rgba(0,0,0,0.23) 100%","header-menu-decoration-other-hover-line-opacity":23,"header-menu-decoration-other-hover-style":"outline","header-menu-decoration-other-line_size":"2px","header-menu-decoration-other-links-is_justified":"0","header-menu-decoration-other-opacity":100,"header-menu-decoration-style":"underline","header-menu-decoration-underline-color":"#ffffff","header-menu-decoration-underline-color-style":"accent","header-menu-decoration-underline-direction":"upwards","header-menu-decoration-underline-gradient":"135deg|#ffffff 30%|#000000 100%","header-menu-decoration-underline-line_size":"2px","header-menu-dividers-color":"rgba(130,36,227,1)","header-menu-dividers-height":"20px","header-menu-dividers-height-style":"custom","header-menu-dividers-surround":"0","header-menu-font-color":"#364152","header-menu-hover-font-color":"#ffffff","header-menu-hover-font-color-style":"accent","header-menu-hover-font-gradient":"90deg|#8224e3 30%|#751257 100%","header-menu-icon-size":16,"header-menu-item-margin":"11px 8px 11px 0px","header-menu-item-padding":"7px 12px 5px 12px","header-menu-item-surround_margins-custom-margin":"15px","header-menu-item-surround_margins-style":"regular","header-menu-show_dividers":"0","header-menu-show_next_lvl_icons":false,"header-menu-submenu-active-bg-color":"rgba(137,92,184,0.07)","header-menu-submenu-active-bg-color-style":"accent","header-menu-submenu-active-bg-gradient":"90deg|#81d742 30%|#eeee22 100%","header-menu-submenu-active-bg-opacity":7,"header-menu-submenu-active-font-color":"#ffffff","header-menu-submenu-active-font-color-style":"accent","header-menu-submenu-active-font-gradient":"90deg|#ffffff 30%|#000000 100%","header-menu-submenu-bg-color":"rgba(255,255,255,1)","header-menu-submenu-bg-hover":"animated_background","header-menu-submenu-bg-padding":"10px 10px 10px 10px","header-menu-submenu-bg-width":"280px","header-menu-submenu-font-color":"#364152","header-menu-submenu-hover-bg-color":"rgba(137,92,184,0.07)","header-menu-submenu-hover-bg-color-style":"accent","header-menu-submenu-hover-bg-gradient":"90deg|#81d742 30%|#eeee22 100%","header-menu-submenu-hover-bg-opacity":7,"header-menu-submenu-hover-font-color":"#895cb8","header-menu-submenu-hover-font-color-style":"accent","header-menu-submenu-hover-font-gradient":"90deg|#81d742 30%|#eeee22 100%","header-menu-submenu-icon-size":16,"header-menu-submenu-item-margin":"0px 0px 0px 0px","header-menu-submenu-item-padding":"10px 10px 10px 10px","header-menu-submenu-parent_is_clickable":"1","header-menu-submenu-show_next_lvl_icons":"1","header-menu-submenu-subtitle-typography":{"font_family":"Arial:400italic","font_size":"10"},"header-menu-submenu-typography":{"font_family":"Fira Sans","font_size":"14","text_transform":"none"},"header-menu-subtitle-typography":{"font_family":"Arial:400italic","font_size":"11"},"header-menu-typography":{"font_family":"Fira Sans Condensed:500","font_size":"18","text_transform":"uppercase"},"header-menu_close_icon-margin":"30px 30px 30px 30px","header-menu_icon-bg-border-radius":"0px","header-menu_icon-bg-color":"rgba(255,255,255,0.75)","header-menu_icon-color":"#000000","header-menu_icon-elements":[],"header-menu_icon-elements-below_menu-padding":"0px 0px 0px 0px","header-menu_icon-elements-near_menu-custom-icon-color":"","header-menu_icon-elements-near_menu-custom-icon-size":16,"header-menu_icon-elements-near_menu-font_color":"#888888","header-menu_icon-elements-near_menu-typography":{"font_family":"Arial","font_size":"14"},"header-menu_icon-hover-bg-color":"rgba(255,255,255,0.75)","header-menu_icon-margin":"0px 0px 0px 0px","header-menu_icon-show_elements":"0","header-menu_icon-size":"medium","header-mixed-bg-color":"rgba(255,255,255,1)","header-mixed-decoration":"shadow","header-mixed-decoration-color":"rgba(221,153,51,1)","header-mixed-floating-top-bar":false,"header-mixed-sticky-bg-color":"#000000","header-mobile-first_switch-after":"1100px","header-mobile-first_switch-height":"70px","header-mobile-first_switch-layout":"right_left","header-mobile-first_switch-logo":"mobile","header-mobile-first_switch-side-padding":"50px 50px","header-mobile-floating_navigation":"sticky","header-mobile-header-bg-color":"rgba(255,255,255,1)","header-mobile-menu-align":"right","header-mobile-menu-bg-color":"rgba(255,255,255,1)","header-mobile-menu-bg-width":"300px","header-mobile-menu-font-color":"#364152","header-mobile-menu-font-hover-color":"#3c3e45","header-mobile-menu-font-hover-color-style":"accent","header-mobile-menu-font-hover-gradient":"90deg|#b78ce2 30%|#1e73be 100%","header-mobile-menu-typography":{"font_family":"Fira Sans Condensed:500","font_size":"18","text_transform":"uppercase"},"header-mobile-menu_icon-bg-border-radius":"0px","header-mobile-menu_icon-bg-color":"","header-mobile-menu_icon-bg-enable":"1","header-mobile-menu_icon-color":"#ffffff","header-mobile-menu_icon-size":"medium","header-mobile-microwidgets-custom-icon-color":"","header-mobile-microwidgets-custom-icon-size":16,"header-mobile-microwidgets-font-color":"#6a7990","header-mobile-microwidgets-typography":{"font_family":"Fira Sans","font_size":"14"},"header-mobile-overlay-bg-color":"rgba(17,17,17,0.5)","header-mobile-second_switch-after":"778px","header-mobile-second_switch-height":"70px","header-mobile-second_switch-layout":"right_left","header-mobile-second_switch-logo":"mobile","header-mobile-second_switch-side-padding":"20px 20px","header-mobile-submenu-typography":{"font_family":"Fira Sans","font_size":"14","text_transform":"none"},"header-overlay-content-padding":"0px 0px 0px 0px","header-overlay-content-position":"center","header-overlay-content-width":"300px","header-overlay-elements":{"below_menu":["social_icons","phone"]},"header-overlay-elements-below_menu-padding":"0px 0px 0px 0px","header-overlay-elements-top_line-padding":"0px 40px 0px 40px","header-overlay-icons_style":"light","header-overlay-layout":"menu_icon","header-overlay-layout-menu_icon-show_floating_logo":"1","header-overlay-layout-side_line-width":60,"header-overlay-layout-top_line-height":130,"header-overlay-layout-top_line-is_fullwidth":"0","header-overlay-layout-top_line-logo-position":"left","header-overlay-logo-position":"fully_inside","header-overlay-menu-items_alignment":"center","header-overlay-menu-items_link":"fullwidth","header-overlay-menu-padding":"40px 40px","header-overlay-menu-position":"v_center","header-overlay-show_elements":"1","header-show_floating_navigation":"1","header-side-content-padding":"50px 0px 40px 0px","header-side-content-position":"center","header-side-content-width":"300px","header-side-elements":{"below_menu":["phone","social_icons"]},"header-side-elements-below_menu-padding":"0px 35px 0px 35px","header-side-elements-near_menu-custom-icon-color":"","header-side-elements-near_menu-custom-icon-size":16,"header-side-elements-near_menu-font_color":"#888888","header-side-elements-near_menu-typography":{"font_family":"Arial","font_size":"14"},"header-side-logo-position":"inside","header-side-menu-items_alignment":"center","header-side-menu-items_link":"fullwidth","header-side-menu-padding":"50px 50px","header-side-menu-position":"v_top","header-side-menu-submenu-position":"down","header-side-position":"right","header-side-show_elements":"1","header-side-width":"300px","header-side_line-elements":[],"header-side_line-elements-below_menu-padding":"0px 0px 0px 0px","header-side_line-elements-near_menu-custom-icon-color":"","header-side_line-elements-near_menu-custom-icon-size":16,"header-side_line-elements-near_menu-font_color":"#888888","header-side_line-elements-near_menu-typography":{"font_family":"Arial","font_size":"14"},"header-side_line-show_elements":"0","header-side_line-width":"60px","header-slide_out-content-padding":"50px 0px 50px 0px","header-slide_out-content-position":"center","header-slide_out-content-width":"350px","header-slide_out-elements":{"side_top_line":["phone","social_icons"]},"header-slide_out-elements-below_menu-padding":"0px 0px 0px 0px","header-slide_out-elements-top_line-padding":"0px 40px 0px 40px","header-slide_out-icons_style":"light","header-slide_out-layout":"menu_icon","header-slide_out-layout-menu_icon-show_floating_logo":"1","header-slide_out-layout-side_line-position":"under","header-slide_out-layout-side_line-width":60,"header-slide_out-layout-top_line-height":90,"header-slide_out-layout-top_line-is_fullwidth":"1","header-slide_out-layout-top_line-logo-position":"left","header-slide_out-logo-position":"fully_inside","header-slide_out-menu-items_alignment":"center","header-slide_out-menu-items_link":"fullwidth","header-slide_out-menu-padding":"40px 40px","header-slide_out-menu-position":"v_top","header-slide_out-overlay-animation":"fade","header-slide_out-overlay-bg-color":"rgba(221,51,51,0.7)","header-slide_out-overlay-bg-color-style":"accent","header-slide_out-overlay-bg-gradient":"135deg|rgba(205,183,226,0.7) 30%|rgba(130,20,130,0.7) 100%","header-slide_out-overlay-bg-opacity":70,"header-slide_out-overlay-blur":"0","header-slide_out-overlay-x_cursor":"1","header-slide_out-overlay-x_cursor-color":"rgba(255,255,255,1)","header-slide_out-position":"left","header-slide_out-show_elements":"1","header-slide_out-width":"400px","header-split-elements":{"near_menu_left":["search"]},"header-split-elements-near_menu-custom-icon-color":"","header-split-elements-near_menu-custom-icon-size":16,"header-split-elements-near_menu-font_color":"#888888","header-split-elements-near_menu-typography":{"font_family":"Arial","font_size":"14"},"header-split-elements-near_menu_left-padding":"0px 20px 0px 20px","header-split-elements-near_menu_right-padding":"0px 20px 0px 20px","header-split-height":"100px","header-split-is_fullwidth":"0","header-split-menu-position":"outside","header-split-show_elements":"1","header-split-side-padding":"30px 30px","header-split-switch_paddings":"0px","header-split_mobile_paddings":"0px 0px","header-style-floating-choose_logo":"custom","header-style-floating-logo-padding":"0px 0px 0px 0px","header-style-floating-logo_hd":["\/wp-content\/uploads\/sites\/45\/2020\/01\/l-dent-small-hd.png",1943],"header-style-floating-logo_regular":["\/wp-content\/uploads\/sites\/45\/2020\/01\/l-dent-small.png",1944],"header-style-mixed-logo-padding":"0px 0px 0px 0px","header-style-mixed-logo_hd":["",0],"header-style-mixed-logo_regular":["",0],"header-style-mixed-top_line-floating-choose_logo":"main","header-style-mixed-top_line-floating-logo-padding":"0px 0px 0px 0px","header-style-mixed-top_line-floating-logo_hd":["",0],"header-style-mixed-top_line-floating-logo_regular":["",0],"header-style-mobile-logo-padding":"0px 0px 0px 0px","header-style-mobile-logo_hd":["\/wp-content\/uploads\/sites\/45\/2020\/01\/l-dent-small-hd.png",1943],"header-style-mobile-logo_regular":["\/wp-content\/uploads\/sites\/45\/2020\/01\/l-dent-small.png",1944],"header-style-transparent-choose_logo":"main","header-style-transparent-logo-padding":"0px 0px 0px 0px","header-style-transparent-logo_hd":["",0],"header-style-transparent-logo_regular":["",0],"header-style-transparent-mobile-logo-padding":"0px 0px 0px 0px","header-style-transparent-mobile-logo_hd":["\/wp-content\/uploads\/sites\/45\/2020\/01\/l-dent-small-hd.png",1943],"header-style-transparent-mobile-logo_regular":["\/wp-content\/uploads\/sites\/45\/2020\/01\/l-dent-small.png",1944],"header-top_line-elements":[],"header-top_line-elements-below_menu-padding":"0px 0px 0px 0px","header-top_line-elements-in_top_line-custom-icon-color":"","header-top_line-elements-in_top_line-custom-icon-size":16,"header-top_line-elements-in_top_line-font_color":"#888888","header-top_line-elements-in_top_line-font_family":"Arial","header-top_line-elements-in_top_line-font_size":14,"header-top_line-elements-in_top_line-typography":{"font_family":"Arial","font_size":"14"},"header-top_line-elements-near_menu-custom-icon-color":"","header-top_line-elements-near_menu-custom-icon-size":16,"header-top_line-elements-near_menu-font_color":"#888888","header-top_line-elements-near_menu-typography":{"font_family":"Arial","font_size":"14"},"header-top_line-elements-top_line-padding":"0px 0px 0px 0px","header-top_line-elements-top_line_right-padding":"0px 0px 0px 0px","header-top_line-show_elements":"0","header-top_line-side-padding":"30px 30px","header-top_line-switch_paddings":"0px","header-top_line_mobile_paddings":"0px 0px","header-transparent-mobile-first_switch-logo":"mobile","header-transparent-mobile-second_switch-logo":"mobile","header-transparent_bg_color":"rgba(238,238,34,1)","header_navigation":"slide_out","image_hover-album_miniatures_style":"style_2","image_hover-color":"rgba(255,255,255,0.2)","image_hover-color_gradient":"135deg|rgba(106,229,230,0.2) 30%|rgba(17,144,201,0.2) 100%","image_hover-color_mode":"color","image_hover-default_icon":"none","image_hover-onclick_animation":"1","image_hover-opacity":20,"image_hover-project_icons_style":"outline","image_hover-project_rollover_color":"rgba(53,130,222,0.85)","image_hover-project_rollover_color_gradient":"135deg|rgba(106,229,230,0.85) 30%|rgba(17,144,201,0.85) 100%","image_hover-project_rollover_color_mode":"color","image_hover-project_rollover_opacity":85,"image_hover-style":"none","input_bg_color":"#ffffff","input_border_color":"rgba(57,70,93,0.15)","input_border_radius":"0px","input_border_width":"1px 1px 1px 1px","input_color":"#39465d","input_height":"40px","input_padding":"5px 15px 5px 15px","layout-menu_icon-position":"menu_icon_right","layout-menu_icon-show_floating_logo":"1","layout-side_line-position":"above","layout-side_line-v_position":"left","layout-top_line-height":"130px","layout-top_line-is_fullwidth":"0","layout-top_line-is_sticky":"0","layout-top_line-logo-position":"left","menu-mobile-microwidgets-custom-icon-color":"rgba(55,209,223,0.7)","menu-mobile-microwidgets-custom-icon-size":16,"menu-mobile-microwidgets-font-color":"#6a7990","menu-mobile-microwidgets-typography":{"font_family":"Fira Sans","font_size":"12"},"message_bg_color":"","message_color":"#ffffff","microwidgets-search-active-width":"200px","microwidgets-search-height":"34px","microwidgets-search-typography":{"font_family":"Roboto","font_size":"14"},"microwidgets-search-width":"200px","microwidgets-search_bg-border-color":"#e2e2e2","microwidgets-search_bg-color":"#f4f4f4","microwidgets-search_bg_border_radius":"0px","microwidgets-search_bg_border_width":"0px","microwidgets-search_custom-icon":"the7-mw-icon-search-bold","microwidgets-search_font-color":"#aaaaaa","microwidgets-search_icon":"custom","microwidgets-search_icon-size":16,"microwidgets-search_input-padding":"12px 12px","microwidgets-search_overlay-bg":"color","microwidgets-search_overlay-bg-color":"rgba(0,0,0,0.9)","microwidgets-search_overlay-bg-gradient":"135deg|#ffffff 30%|#000000 100%","microwidgets-search_popup-bg-color":"rgba(255,255,255,1)","microwidgets-search_style":"popup","page_title-background-style-transparent-color_scheme":"light","page_title-padding":"30px 30px","post-show_fancy_categories":false,"post-show_fancy_date":"1","sidebar-bg_color":"rgba(57,70,93,0.05)","sidebar-bg_image":{"image":"","repeat":"repeat","position_x":"center","position_y":"center"},"sidebar-decoration":"none","sidebar-decoration_outline_color":"rgba(0,0,0,0.06)","sidebar-distance_to_content":"80px","sidebar-divider-horizontal":"0","sidebar-divider-vertical":"0","sidebar-floating":"1","sidebar-headers_color":"#39465d","sidebar-primary_text_color":"#6a7990","sidebar-responsiveness":"990px","sidebar-vertical_distance":"50px","sidebar-visual_style":"with_dividers","sidebar-width":"330px","social_buttons-page":[],"social_buttons-page-button_title":"Share this page","social_buttons-photo":[],"social_buttons-photo-button_title":"Share this image","social_buttons-portfolio_post":["facebook","twitter","google+","linkedin","pinterest","whatsapp"],"social_buttons-portfolio_post-button_title":"Share this post","social_buttons-post":["facebook","twitter","google+","pinterest","whatsapp","linkedin"],"social_buttons-post-button_title":"Share this post","social_buttons-visibility":"allways","stripes-stripe_1_bg_image":{"image":"","repeat":"repeat","position_x":"center","position_y":"center"},"stripes-stripe_1_color":"#f4f4f5","stripes-stripe_1_content_boxes_bg_color":"#ffffff","stripes-stripe_1_content_boxes_bg_opacity":100,"stripes-stripe_1_content_boxes_decoration":"none","stripes-stripe_1_content_boxes_decoration_outline_color":"#dd3333","stripes-stripe_1_content_boxes_decoration_outline_opacity":100,"stripes-stripe_1_headers_color":"#3c3e45","stripes-stripe_1_outline":"hide","stripes-stripe_1_outline_color":"#44bb70","stripes-stripe_1_outline_opacity":100,"stripes-stripe_1_text_color":"#72777d","stripes-stripe_2_bg_image":{"image":"","repeat":"repeat","position_x":"center","position_y":"center"},"stripes-stripe_2_color":"#23242a","stripes-stripe_2_content_boxes_bg_color":"#ffffff","stripes-stripe_2_content_boxes_bg_opacity":0,"stripes-stripe_2_content_boxes_decoration":"outline","stripes-stripe_2_content_boxes_decoration_outline_color":"#f4f4f5","stripes-stripe_2_content_boxes_decoration_outline_opacity":18,"stripes-stripe_2_headers_color":"#f4f4f5","stripes-stripe_2_outline":"hide","stripes-stripe_2_outline_color":"#c1edaf","stripes-stripe_2_outline_opacity":100,"stripes-stripe_2_text_color":"#f4f4f5","stripes-stripe_3_bg_image":{"image":"https:\/\/the7.io\/dental\/inc\/presets\/images\/full\/skin12r.stripes-stripe-3-bg-image.jpg","repeat":"repeat","position_x":"center","position_y":"center"},"stripes-stripe_3_color":"#235696","stripes-stripe_3_content_boxes_bg_color":"#235696","stripes-stripe_3_content_boxes_bg_opacity":0,"stripes-stripe_3_content_boxes_decoration":"outline","stripes-stripe_3_content_boxes_decoration_outline_color":"#ffffff","stripes-stripe_3_content_boxes_decoration_outline_opacity":30,"stripes-stripe_3_headers_color":"#ffffff","stripes-stripe_3_outline":"hide","stripes-stripe_3_outline_color":"#FFFFFF","stripes-stripe_3_outline_opacity":100,"stripes-stripe_3_text_color":"#ffffff","top-bar-height":"35px","top-bar-transparent_bg_color":"rgba(0,0,0,0.5)","top_bar-bg-color":"#ffffff","top_bar-bg-image":{"image":"","repeat":"repeat","position_x":"center","position_y":"center"},"top_bar-bg-style":"fullwidth_line","top_bar-custom-icon-color":"rgba(55,209,223,0.7)","top_bar-custom-icon-size":16,"top_bar-font-color":"#5e6b7f","top_bar-line-color":"rgba(47,207,222,0.24)","top_bar-line-in-transparent-header":false,"top_bar-line_size":"1px","top_bar-line_style":"solid","top_bar-padding":"0px 50px 0px 50px","top_bar-switch_paddings":"778px","top_bar-typography":{"font_family":"Fira Sans","font_size":"12","text_transform":"none"},"top_bar_mobile_paddings":"0px 20px 0px 20px","widgetareas":{"1":{"sidebar_name":"Default Sidebar","sidebar_desc":"Sidebar primary widget area"},"2":{"sidebar_name":"Default Footer","sidebar_desc":"Footer primary widget area"},"3":{"sidebar_name":"Services","sidebar_desc":""}},"header-mobile-menu_icon-caption-padding":"9px 6px 9px 6px","header-mobile-menu_icon-color-hover":"#ffffff","header-mobile-menu_icon-caption_color":"#ffffff","header-mobile-menu_icon-caption_color-hover":"#ffffff","header-mobile-menu_icon-bg-color-hover":"","header-mobile-menu-dividers-color":"rgba(54,65,82,0.12)","header-menu_icon-caption-padding":"18px 15px 18px 15px","header-menu_close_icon-padding":"15px 15px 15px 15px","header-menu-close_icon-size":"fade_medium","header-menu_icon-color-hover":"#000000","header-menu_icon-caption_color":"#000000","header-menu_icon-caption_color-hover":"#000000","header-menu_icon-bg-color-hover":"rgba(255,255,255,0.75)","header-menu_close_icon-caption_color":"#000000","header-menu_close_icon-caption_color-hover":"#000000","header-menu_close_icon-hover-color":"#000000","header-menu_close_icon-color":"#000000","header-menu_close_icon-bg-color":"rgba(255,255,255,0.75)","header-menu_close_icon-bg-border-radius":"0px","header-mobile-menu_icon-bg-hover":"1","header-mobile-floating-bg-color":"rgba(255,255,255,1)","fonts-widget-title":{"font_family":"Fira Sans Condensed","text_transform":"none","responsive_font_size":{"desktop":"18px"},"responsive_line_height":{"desktop":"28px"}},"fonts-woo-title":{"font_family":"Fira Sans Condensed","text_transform":"none","responsive_font_size":{"desktop":"18px"},"responsive_line_height":{"desktop":"28px"}},"fonts-woo-content":{"font_family":"Roboto","responsive_font_size":{"desktop":"16px"},"responsive_line_height":{"desktop":"28px"}},"fonts-widget-content":{"font_family":"Roboto","responsive_font_size":{"desktop":"14px"},"responsive_line_height":{"desktop":"26px"}},"header-elements-woocommerce_cart-font-content":{"font_family":"Roboto","responsive_font_size":{"desktop":"14px"},"responsive_line_height":{"desktop":"26px"}},"buttons-s-custom-icon-size":1,"buttons-m-custom-icon-size":1,"buttons-l-custom-icon-size":1,"buttons-lg-custom-icon-size":1,"buttons-xl-custom-icon-size":1,"button-shadow":{"color":"rgba(0, 0, 0, 0)","horizontal":"0","vertical":"0","blur":"10","spread":"0","position":"outline"},"button-shadow-hover":{"color":"rgba(0, 0, 0, 0)","horizontal":"0","vertical":"0","blur":"10","spread":"0","position":"outline"},"buttons-lg-typography":{"font_family":"Roboto:700","text_transform":"none"},"buttons-xl-typography":{"font_family":"Roboto:700","text_transform":"none"}},"the7_dashboard_settings":{"mega-menu":true,"elementor-buttons-integration":false,"elementor-theme-style":false,"portfolio":false,"testimonials":false,"team":true,"logos":false,"benefits":false,"albums":false,"slideshow":false},"wp_settings":{"show_on_front":"page","page_on_front":"416","page_for_posts":"0"},"widgets_settings":{"widget_archives":{"2":{"title":"","count":0,"dropdown":0},"_multiwidget":1},"widget_meta":{"2":{"title":""},"_multiwidget":1},"widget_search":{"2":{"title":""},"_multiwidget":1},"widget_text":{"1":[],"2":{"title":"","text":"<a href=\"\/dental\/wp-content\/uploads\/sites\/45\/2020\/01\/footer-dent-art.jpg\"><img style=\"margin: 5px 0px 10px 0px; max-width: 100%;\" src=\"\/dental\/wp-content\/uploads\/sites\/45\/2020\/01\/footer-dent-art.jpg\" width=\"720\" \/><\/a>\r\n<p style=\"color: #ffffff;\">Amet dolor from pellentesque vestibulum nibh diam, nec rhoncus dolor fringilla non. Nam id sem quis mauris porttitor conse quat et diam acnunc urna magna porttitor laoreet aliquam!<\/p>","filter":true,"visual":true},"_multiwidget":1},"widget_categories":{"2":{"title":"","count":0,"hierarchical":0,"dropdown":0},"_multiwidget":1},"widget_recent-posts":{"2":{"title":"","number":5},"_multiwidget":1},"widget_recent-comments":{"2":{"title":"","number":5},"_multiwidget":1},"widget_rss":{"1":[],"_multiwidget":1},"widget_presscore-contact-info-widget":{"2":{"title":"","text":"","links":[],"fields":[{"title":"Phone numbers:","content":"+001 234 56 78<br>\r\n+001 987 65 43"},{"title":"Address:","content":"SoHo 94 Broadway St New York, NY 1001"},{"title":"Mail:","content":"hello@dream-theme.com"},{"title":"Business hours:","content":"Mon. - Fri. 10:00 - 19:00"}]},"_multiwidget":1},"widget_presscore-custom-menu-one":{"2":{"title":"","menu":"10","divider":true,"bold_text":true,"show_arrow":true},"_multiwidget":1},"widget_presscore-blog-posts":{"2":{"title":"Recent posts","order":"DESC","orderby":"date","show":6,"select":"all","cats":[],"thumbnails":1,"round_images":1,"show_excerpts":0,"images_dimensions":{"w":60,"h":60}},"_multiwidget":1},"widget_presscore-contact-form-widget":{"2":{"title":"Any questions? Get in touch!","text":"","fields":{"name":{"on":true,"required":true},"email":{"on":true,"required":true},"telephone":{"on":false,"required":false},"country":{"on":false,"required":false},"city":{"on":false,"required":false},"company":{"on":false,"required":false},"website":{"on":false,"required":false},"message":{"on":true,"required":false}},"send_to":"test@example.com","msg_height":3,"button_size":"m","button_title":"","terms":false,"terms_msg":"By using this form you agree with the storage and handling of your data by this website."},"_multiwidget":1},"sidebars_widgets":{"wp_inactive_widgets":["archives-2","meta-2","categories-2","recent-posts-2","recent-comments-2","9022"],"sidebar_1":["search-2","presscore-blog-posts-2","presscore-portfolio-2"],"sidebar_2":["text-2","presscore-contact-info-widget-2","presscore-contact-form-widget-2"],"sidebar_3":["presscore-custom-menu-one-2"],"array_version":3}},"nav_menu_locations":{"primary":11},"ultimate_selected_google_fonts":[],"ultimate_icon_fonts":[],"the7_fontawesome_version":"fa5","revolution_sliders":["the7-dental"],"vc_settings":{"use_custom":"1","vc_color":"#f7f7f7","vc_color_hover":"#F0F0F0","vc_color_call_to_action_bg":"","vc_color_google_maps_bg":"","vc_color_post_slider_caption_bg":"","vc_color_progress_bar_bg":"","vc_color_separator_border":"","vc_color_tab_bg":"","vc_color_tab_bg_active":"","margin":"0px","gutter":"50","responsive_max":"778"}}