{"schema":{"folders":{"ultimate_icon_fonts":"Ultimate_VC_Addons\/icon-fonts"}},"theme_options":{"advanced-speed_img_resize":"0","blog-fancy_date-style":"horizontal","blog-thumbnail_proportions":{"width":3,"height":2},"blog-thumbnail_size":"original","bottom_bar-bg_color":"rgba(255,255,255,0)","bottom_bar-bg_image":{"image":"","repeat":"repeat","position_x":"center","position_y":"top"},"bottom_bar-bg_opacity":0,"bottom_bar-collapse_after":"990px","bottom_bar-color":"#ffffff","bottom_bar-copyrights":"","bottom_bar-credits":"1","bottom_bar-enabled":"1","bottom_bar-height":"60px","bottom_bar-layout":"logo_left","bottom_bar-logo-padding":"20px 12px 20px 0px","bottom_bar-logo-padding-bottom":20,"bottom_bar-logo-padding-left":0,"bottom_bar-logo-padding-right":12,"bottom_bar-logo-padding-top":20,"bottom_bar-logo_hd":["\/wp-content\/uploads\/sites\/3\/2017\/06\/skin05r.bottom-bar-logo-hd.png",2000],"bottom_bar-logo_regular":["\/wp-content\/uploads\/sites\/3\/2017\/06\/skin05r.bottom-bar-logo-regular.png",2001],"bottom_bar-menu-collapse_after":"778px","bottom_bar-padding":"10px 10px","bottom_bar-style":"solid_background","bottom_bar-text":"","breadcrumbs-typography":{"font_family":"Open Sans","font_size":12,"line_height":22,"text_transform":"none"},"breadcrumbs_bg_color":"rgba(255,255,255,0.12)","breadcrumbs_bg_opacity":12,"breadcrumbs_border_color":"rgba(255,255,255,0.5)","breadcrumbs_border_opacity":50,"breadcrumbs_border_radius":5,"breadcrumbs_border_width":0,"breadcrumbs_margin":"0px 0px 0px 0px","breadcrumbs_margin-bottom":"0px","breadcrumbs_margin-left":"0px","breadcrumbs_margin-right":"0px","breadcrumbs_margin-top":"0px","breadcrumbs_padding":"3px 12px 2px 12px","breadcrumbs_padding-bottom":"2px","breadcrumbs_padding-left":"12px","breadcrumbs_padding-right":"12px","breadcrumbs_padding-top":"3px","buttons-color":"#81d742","buttons-color_gradient":"135deg|#dd3333 30%|#3a892a 100%","buttons-color_mode":"accent","buttons-hover_color":"#0eade2","buttons-hover_color_gradient":"135deg|#cc4789 30%|#e57544 100%","buttons-hover_color_mode":"color","buttons-l-icon-size":17,"buttons-l-typography":{"font_family":"Roboto:700","font_size":17,"text_transform":"none"},"buttons-l_border_radius":5,"buttons-l_line_height":50,"buttons-l_padding":"16px 24px 16px 24px","buttons-m-icon-size":14,"buttons-m-typography":{"font_family":"Roboto:700","font_size":14,"text_transform":"none"},"buttons-m_border_radius":5,"buttons-m_line_height":38,"buttons-m_padding":"12px 18px 12px 18px","buttons-s-icon-size":12,"buttons-s-typography":{"font_family":"Roboto:700","font_size":12,"text_transform":"none"},"buttons-s_border_radius":5,"buttons-s_line_height":30,"buttons-s_padding":"8px 14px 8px 14px","buttons-text_color":"#ffffff","buttons-text_color_mode":"color","buttons-text_hover_color":"#ffffff","buttons-text_hover_color_mode":"color","content-headers_color":"#242e35","content-links_color":"#0fbcf5","content-primary_text_color":"#71787c","content-secondary_text_color":"#a1a7ab","dividers-color":"rgba(204,204,204,0.4)","dividers-opacity":40,"filter-typography":{"font_family":"Roboto:700","font_size":16,"text_transform":"uppercase"},"fonts-big_size":{"font_size":"16px","line_height":"28px"},"fonts-font_family":"Open Sans","fonts-h1-typography":{"font_family":"Roboto","text_transform":"none","responsive_font_size":{"desktop":"52px","tablet":"40px","mobile":"40px"},"responsive_line_height":{"desktop":"62px"}},"fonts-h2-typography":{"font_family":"Roboto","text_transform":"none","responsive_font_size":{"desktop":"40px"},"responsive_line_height":{"desktop":"50px"}},"fonts-h3-typography":{"font_family":"Roboto","text_transform":"none","responsive_font_size":{"desktop":"26px"},"responsive_line_height":{"desktop":"36px"}},"fonts-h4-typography":{"font_family":"Roboto","text_transform":"none","responsive_font_size":{"desktop":"22px"},"responsive_line_height":{"desktop":"32px"}},"fonts-h5-typography":{"font_family":"Roboto","text_transform":"none","responsive_font_size":{"desktop":"18px"},"responsive_line_height":{"desktop":"28px"}},"fonts-h6-typography":{"font_family":"Roboto:700","text_transform":"none","responsive_font_size":{"desktop":"16px"},"responsive_line_height":{"desktop":"26px"}},"fonts-normal_size":{"font_size":"14px","line_height":"26px"},"fonts-small_size":{"font_size":"12px","line_height":"22px"},"footer-accent_text_color":"","footer-bg_color":"rgba(32,38,42,1)","footer-bg_image":{"image":"https:\/\/the7.io\/creative\/inc\/presets\/images\/full\/skin05r.footer-bg-image.gif","repeat":"no-repeat","position_x":"right","position_y":"bottom"},"footer-bg_opacity":100,"footer-collapse_after":"778px","footer-collapse_columns_after":"778px","footer-decoration":"none","footer-decoration_outline_color":"rgba(47,47,49,0.96)","footer-decoration_outline_opacity":96,"footer-headers_color":"#ffffff","footer-is_fullwidth":"0","footer-layout":"1\/3+1\/3+1\/3","footer-mobile_padding":"60px 20px 0px 20px","footer-padding":"60px 50px 0px 50px","footer-padding-bottom":0,"footer-padding-top":60,"footer-paddings-columns":"25px","footer-primary_text_color":"#8f9294","footer-slide-out-mode":"0","footer-style":"solid_background","general-accent_bg_color":"#0fbcf5","general-accent_bg_color_gradient":"135deg|#2578e9 30%|#3fe7d9 100%","general-accent_color_mode":"color","general-album_back_button_url":"","general-album_meta_author":false,"general-album_meta_categories":"1","general-album_meta_comments":false,"general-album_meta_date":"1","general-album_meta_on":"1","general-beautiful_loading":"enabled","general-bg_color":"rgba(255,255,255,1)","general-bg_fixed":false,"general-bg_fullscreen":false,"general-bg_image":{"image":"","repeat":"repeat","position_x":"center","position_y":"top"},"general-bg_opacity":100,"general-blog_meta_author":"1","general-blog_meta_categories":"1","general-blog_meta_comments":"1","general-blog_meta_date":"1","general-blog_meta_on":"1","general-blog_meta_tags":"1","general-border_radius":"5px","general-box_width":"1280px","general-boxed_bg_color":"#f2f3f3","general-boxed_bg_fixed":"1","general-boxed_bg_fullscreen":"1","general-boxed_bg_image":{"image":"","repeat":"repeat","position_x":"center","position_y":"center"},"general-breadcrumbs_bg_color":"enabled","general-breadcrumbs_color":"#242e35","general-contact_form_style":"minimal","general-content_boxes_bg_color":"rgba(243,244,244,1)","general-content_boxes_bg_opacity":100,"general-content_boxes_decoration":"none","general-content_boxes_decoration_outline_color":"rgba(136,136,136,0.18)","general-content_boxes_decoration_outline_opacity":18,"general-content_width":"1300px","general-custom_css":"\/*Icons above menu items*\/\r\n.main-nav &gt; li &gt; a .text-wrap,\r\n.header-bar .main-nav &gt; li &gt; a,\r\n.menu-box .main-nav &gt; li &gt; a {\r\n-webkit-flex-flow: column wrap;\r\n-moz-flex-flow: column wrap;\r\n-ms-flex-flow: column wrap;\r\nflex-flow: column wrap;\r\n}\r\n.main-nav &gt; .menu-item &gt; a .fa {\r\npadding-right: 0;\r\npadding-bottom: 4px;\r\n}","general-custom_loader":"","general-favicon":"\/wp-content\/uploads\/sites\/3\/2016\/01\/the7-new-fav1.gif","general-favicon_hd":"\/wp-content\/uploads\/sites\/3\/2016\/01\/the7-new-fav-hd1.gif","general-filter-margin":"5px 5px 5px 5px","general-filter-margin-bottom":5,"general-filter-margin-left":5,"general-filter-margin-right":5,"general-filter-margin-top":5,"general-filter-padding":"8px 13px 6px 13px","general-filter-padding-bottom":6,"general-filter-padding-left":13,"general-filter-padding-right":13,"general-filter-padding-top":8,"general-filter_style":"minimal","general-filter_style-material-line_size":2,"general-filter_style-minimal-border_radius":5,"general-fullscreen_overlay_color":"rgba(255,255,255,1)","general-fullscreen_overlay_color_mode":"color","general-fullscreen_overlay_gradient":"135deg|#8224e3 30%|#dd3333 100%","general-fullscreen_overlay_opacity":100,"general-handheld_icon-old_ipad":"","general-handheld_icon-old_iphone":"","general-handheld_icon-retina_ipad":"","general-handheld_icon-retina_iphone":"","general-hd_images":"srcset_based","general-images_lazy_loading":"1","general-layout":"wide","general-lightbox_arrow_size":"62px","general-lightbox_overlay_opacity":85,"general-loader_style":"double_circles","general-navigation_margin":50,"general-next_prev_in_album":"1","general-next_prev_in_blog":"1","general-next_prev_in_portfolio":"1","general-page-title-typography":{"font_family":"Roboto","font_size":40,"line_height":50,"text_transform":"none"},"general-page_content_bottom_margin":70,"general-page_content_margin":"70px 50px 70px 50px","general-page_content_mobile_margin":"70px 20px 70px 20px","general-page_content_top_margin":70,"general-portfolio_meta_author":"1","general-portfolio_meta_categories":"1","general-portfolio_meta_comments":"1","general-portfolio_meta_date":"1","general-portfolio_meta_on":"1","general-portfolio_thumbnail_proportions":{"width":2,"height":1},"general-portfolio_thumbnail_size":"original","general-post_back_button_url":"\/creative\/news\/","general-project_back_button_url":"\/creative\/projects\/","general-rel_posts_head_title":"Related posts","general-rel_posts_max":6,"general-rel_projects_details":"1","general-rel_projects_excerpt":false,"general-rel_projects_fullwidth_height":275,"general-rel_projects_fullwidth_width":275,"general-rel_projects_fullwidth_width_style":"fixed","general-rel_projects_head_title":"Related projects","general-rel_projects_height":180,"general-rel_projects_info_author":false,"general-rel_projects_info_categories":"1","general-rel_projects_info_comments":false,"general-rel_projects_info_date":false,"general-rel_projects_link":false,"general-rel_projects_max":4,"general-rel_projects_title":"1","general-rel_projects_width":180,"general-rel_projects_width_style":"prop","general-rel_projects_zoom":"1","general-responsive":"1","general-responsive_title_height":100,"general-responsive_title_line_height":36,"general-responsive_title_size":26,"general-responsiveness-treshold":970,"general-show_author_in_blog":"1","general-show_back_button_in_album":"1","general-show_back_button_in_post":"1","general-show_back_button_in_project":"1","general-show_breadcrumbs":"0","general-show_rel_posts":"1","general-show_rel_projects":"1","general-show_titles":"1","general-slideshow_bullets_style":"accent","general-smooth_scroll":"off","general-spinner_color":"rgba(14,180,236,1)","general-spinner_opacity":100,"general-switch_content_paddings":"778px","general-template_content_vertical_margins":50,"general-title_align":"center","general-title_bg_color":"rgba(243,244,244,1)","general-title_bg_fixed":false,"general-title_bg_fullscreen":false,"general-title_bg_gradient":"135deg|#be3179 30%|#fa4b4e 100%","general-title_bg_image":{"image":"","repeat":"no-repeat","position_x":"center","position_y":"center"},"general-title_bg_mode":"background","general-title_bg_opacity":100,"general-title_bg_overlay":false,"general-title_bg_overlay_opacity":50,"general-title_bg_parallax":"","general-title_color":"#242e35","general-title_decoration":"none","general-title_decoration_line_color":"rgba(204,204,204,0.4)","general-title_decoration_line_height":1,"general-title_decoration_line_opacity":40,"general-title_decoration_line_style":"solid","general-title_decoration_outline_color":"rgba(136,136,136,0.14)","general-title_decoration_outline_height":1,"general-title_decoration_outline_opacity":14,"general-title_decoration_outline_style":"solid","general-title_enable_bg_img":"disabled","general-title_height":140,"general-title_overlay_color":"rgba(0,0,0,0.5)","general-title_responsive_breadcrumbs":false,"general-title_scroll_effect":"default","general-titles-responsiveness-switch":990,"general-titles_responsiveness":"1","header-background":"normal","header-bg-color":"rgba(32,38,42,1)","header-bg-image":{"image":"","repeat":"repeat","position_x":"center","position_y":"center"},"header-bg-is_fixed":false,"header-bg-is_fullscreen":false,"header-bg-opacity":100,"header-classic-elements":{"top_bar_left":["custom_menu"],"top_bar_right":["search"],"near_menu_right":["social_icons"],"near_logo_right":["phone","email"]},"header-classic-elements-near_logo-custom-icon-color":"","header-classic-elements-near_logo-custom-icon-size":16,"header-classic-elements-near_logo-font_color":"#888888","header-classic-elements-near_logo-typography":{"font_family":"Arial","font_size":"14"},"header-classic-elements-near_logo_left-padding":"0px 0px 0px 0px","header-classic-elements-near_logo_left-padding-bottom":0,"header-classic-elements-near_logo_left-padding-left":0,"header-classic-elements-near_logo_left-padding-right":0,"header-classic-elements-near_logo_left-padding-top":0,"header-classic-elements-near_logo_right-padding":"0px 0px 0px 0px","header-classic-elements-near_logo_right-padding-bottom":0,"header-classic-elements-near_logo_right-padding-left":0,"header-classic-elements-near_logo_right-padding-right":0,"header-classic-elements-near_logo_right-padding-top":0,"header-classic-elements-near_menu-custom-icon-color":"","header-classic-elements-near_menu-custom-icon-size":16,"header-classic-elements-near_menu-font_color":"#888888","header-classic-elements-near_menu-typography":{"font_family":"Arial","font_size":"14"},"header-classic-elements-near_menu_right-padding":"0px 0px 0px 40px","header-classic-elements-near_menu_right-padding-bottom":0,"header-classic-elements-near_menu_right-padding-left":40,"header-classic-elements-near_menu_right-padding-right":0,"header-classic-elements-near_menu_right-padding-top":0,"header-classic-height":"180px","header-classic-is_fullwidth":"1","header-classic-logo-position":"left","header-classic-menu-bg-color":"rgba(0,0,0,1)","header-classic-menu-bg-opacity":100,"header-classic-menu-bg-style":"disabled","header-classic-menu-margin":"0px 0px","header-classic-menu-margin-bottom":0,"header-classic-menu-margin-top":0,"header-classic-menu-position":"center","header-classic-show_elements":"1","header-classic-side-padding":"30px 30px","header-classic-switch_paddings":"0px","header-classic_mobile_paddings":"0px 0px","header-decoration":"disabled","header-decoration-color":"rgba(0,0,0,0.08)","header-decoration-opacity":8,"header-elements-button-1-bg":"accent","header-elements-button-1-bg-color":"#ffffff","header-elements-button-1-bg-gradient":"135deg|#ffffff 30%|#000000 100%","header-elements-button-1-border-color":"accent","header-elements-button-1-border-color-mono":"#ffffff","header-elements-button-1-border_radius":"0px","header-elements-button-1-border_width":"1px","header-elements-button-1-choose-icon":"","header-elements-button-1-first-header-switch":"near_logo","header-elements-button-1-hover-bg":"accent","header-elements-button-1-hover-bg-color":"#ffffff","header-elements-button-1-hover-bg-gradient":"135deg|#ffffff 30%|#000000 100%","header-elements-button-1-hover-border-color":"accent","header-elements-button-1-hover-border-color-mono":"#ffffff","header-elements-button-1-hover-icon-color":"color","header-elements-button-1-hover-icon-color-gradient":"90deg|#ffffff 30%|#000000 100%","header-elements-button-1-hover-icon-color-mono":"#ffffff","header-elements-button-1-icon":false,"header-elements-button-1-icon-color":"color","header-elements-button-1-icon-color-gradient":"90deg|#ffffff 30%|#000000 100%","header-elements-button-1-icon-color-mono":"#ffffff","header-elements-button-1-icon-position":"right","header-elements-button-1-icon-size":14,"header-elements-button-1-icon_gap":"5px","header-elements-button-1-name":"Button","header-elements-button-1-on-desktops":"show","header-elements-button-1-padding":"10px 20px 10px 20px","header-elements-button-1-second-header-switch":"in_menu","header-elements-button-1-smooth-scroll":false,"header-elements-button-1-target":false,"header-elements-button-1-typography":{"font_family":"Roboto:700","font_size":"14"},"header-elements-button-1-url":"","header-elements-button-2-bg":"accent","header-elements-button-2-bg-color":"#ffffff","header-elements-button-2-bg-gradient":"135deg|#ffffff 30%|#000000 100%","header-elements-button-2-border-color":"accent","header-elements-button-2-border-color-mono":"#ffffff","header-elements-button-2-border_radius":"0px","header-elements-button-2-border_width":"1px","header-elements-button-2-choose-icon":"","header-elements-button-2-first-header-switch":"near_logo","header-elements-button-2-hover-bg":"accent","header-elements-button-2-hover-bg-color":"#ffffff","header-elements-button-2-hover-bg-gradient":"135deg|#ffffff 30%|#000000 100%","header-elements-button-2-hover-border-color":"accent","header-elements-button-2-hover-border-color-mono":"#ffffff","header-elements-button-2-hover-icon-color":"color","header-elements-button-2-hover-icon-color-gradient":"90deg|#ffffff 30%|#000000 100%","header-elements-button-2-hover-icon-color-mono":"#ffffff","header-elements-button-2-icon":false,"header-elements-button-2-icon-color":"color","header-elements-button-2-icon-color-gradient":"90deg|#ffffff 30%|#000000 100%","header-elements-button-2-icon-color-mono":"#ffffff","header-elements-button-2-icon-position":"right","header-elements-button-2-icon-size":14,"header-elements-button-2-icon_gap":"5px","header-elements-button-2-name":"Button","header-elements-button-2-on-desktops":"show","header-elements-button-2-padding":"10px 20px 10px 20px","header-elements-button-2-second-header-switch":"in_menu","header-elements-button-2-smooth-scroll":false,"header-elements-button-2-target":false,"header-elements-button-2-typography":{"font_family":"Roboto:700","font_size":"14"},"header-elements-button-2-url":"","header-elements-contact-address-caption":"8500 Beverly Boulevard Los Angeles, CA 90048","header-elements-contact-address-custom-icon":"the7-mw-icon-address","header-elements-contact-address-first-header-switch":"near_logo","header-elements-contact-address-icon":"custom","header-elements-contact-address-on-desktops":"show","header-elements-contact-address-second-header-switch":"in_menu","header-elements-contact-address-url":"","header-elements-contact-clock-caption":"Monday \u2013 Friday 10 AM \u2013 8 PM","header-elements-contact-clock-custom-icon":"the7-mw-icon-clock","header-elements-contact-clock-first-header-switch":"near_logo","header-elements-contact-clock-icon":"custom","header-elements-contact-clock-on-desktops":"show","header-elements-contact-clock-second-header-switch":"hidden","header-elements-contact-clock-url":"","header-elements-contact-email-caption":"sales@yoursite.com","header-elements-contact-email-custom-icon":"the7-mw-icon-mail","header-elements-contact-email-first-header-switch":"near_logo","header-elements-contact-email-icon":"custom","header-elements-contact-email-on-desktops":"show","header-elements-contact-email-second-header-switch":"in_menu","header-elements-contact-email-url":"","header-elements-contact-multipurpose_1-caption":"","header-elements-contact-multipurpose_1-custom-icon":"","header-elements-contact-multipurpose_1-first-header-switch":"near_logo","header-elements-contact-multipurpose_1-icon":"custom","header-elements-contact-multipurpose_1-on-desktops":"show","header-elements-contact-multipurpose_1-second-header-switch":"in_menu","header-elements-contact-multipurpose_1-url":"","header-elements-contact-multipurpose_2-caption":"","header-elements-contact-multipurpose_2-custom-icon":"","header-elements-contact-multipurpose_2-first-header-switch":"near_logo","header-elements-contact-multipurpose_2-icon":"custom","header-elements-contact-multipurpose_2-on-desktops":"show","header-elements-contact-multipurpose_2-second-header-switch":"in_menu","header-elements-contact-multipurpose_2-url":"","header-elements-contact-multipurpose_3-caption":"","header-elements-contact-multipurpose_3-custom-icon":"","header-elements-contact-multipurpose_3-first-header-switch":"near_logo","header-elements-contact-multipurpose_3-icon":"custom","header-elements-contact-multipurpose_3-on-desktops":"show","header-elements-contact-multipurpose_3-second-header-switch":"in_menu","header-elements-contact-multipurpose_3-url":"","header-elements-contact-multipurpose_4-caption":"","header-elements-contact-multipurpose_4-custom-icon":"","header-elements-contact-multipurpose_4-first-header-switch":"near_logo","header-elements-contact-multipurpose_4-icon":"custom","header-elements-contact-multipurpose_4-on-desktops":"show","header-elements-contact-multipurpose_4-second-header-switch":"in_menu","header-elements-contact-multipurpose_4-url":"","header-elements-contact-phone-caption":"011 322 44 56","header-elements-contact-phone-custom-icon":"the7-mw-icon-phone","header-elements-contact-phone-first-header-switch":"near_logo","header-elements-contact-phone-icon":"custom","header-elements-contact-phone-on-desktops":"show","header-elements-contact-phone-second-header-switch":"in_menu","header-elements-contact-phone-url":"","header-elements-contact-skype-caption":"Your_Skype","header-elements-contact-skype-custom-icon":"the7-mw-icon-skype","header-elements-contact-skype-first-header-switch":"near_logo","header-elements-contact-skype-icon":"custom","header-elements-contact-skype-on-desktops":"show","header-elements-contact-skype-second-header-switch":"in_menu","header-elements-contact-skype-url":"","header-elements-edd_cart-sub_cart-bg-color":"rgba(255,255,255,1)","header-elements-edd_cart-sub_cart-bg-width":250,"header-elements-edd_cart-sub_cart-font-color":"#242e35","header-elements-login-caption":"Login","header-elements-login-custom-icon":"the7-mw-icon-login","header-elements-login-first-header-switch":"near_logo","header-elements-login-icon":"custom","header-elements-login-logout_url":"","header-elements-login-on-desktops":"show","header-elements-login-second-header-switch":"in_menu","header-elements-login-url":"http:\/\/themeforest.net","header-elements-login-use_logout_url":false,"header-elements-logout-caption":"Logout","header-elements-menu-first-header-switch":"near_logo","header-elements-menu-icon":"custom","header-elements-menu-on-desktops":"show","header-elements-menu-second-header-switch":"in_menu","header-elements-menu-style":"dropdown","header-elements-menu-style-first-switch":"dropdown","header-elements-menu-style-second-switch":"dropdown","header-elements-menu2-first-header-switch":"near_logo","header-elements-menu2-icon":"custom","header-elements-menu2-on-desktops":"show","header-elements-menu2-second-header-switch":"in_menu","header-elements-menu2-style":"dropdown","header-elements-menu2-style-first-switch":"dropdown","header-elements-menu2-style-second-switch":"dropdown","header-elements-menu2_custom-icon":"the7-mw-icon-dropdown-menu-bold","header-elements-menu_custom-icon":"the7-mw-icon-dropdown-menu-bold","header-elements-near_logo-font_color":"#ffffff","header-elements-near_logo-font_family":"Open Sans","header-elements-near_logo-font_size":13,"header-elements-near_menu-font_color":"#ffffff","header-elements-near_menu-font_family":"Open Sans","header-elements-near_menu-font_size":13,"header-elements-search-by":"general","header-elements-search-caption":"","header-elements-search-first-header-switch":"near_logo","header-elements-search-icon":"custom","header-elements-search-input-caption":"Type and hit enter \u2026","header-elements-search-on-desktops":"show","header-elements-search-second-header-switch":"near_logo","header-elements-search_custom-icon":"the7-mw-icon-search","header-elements-soc_icons":[{"icon":"facebook","url":""},{"icon":"facebook","url":"\/"},{"icon":"twitter","url":"\/"},{"icon":"dribbble","url":"\/"}],"header-elements-soc_icons-bg":"color","header-elements-soc_icons-bg-color":"rgba(255,255,255,1)","header-elements-soc_icons-bg-gradient":"135deg|#ffffff 30%|#000000 100%","header-elements-soc_icons-bg-hover-opacity":100,"header-elements-soc_icons-bg-opacity":100,"header-elements-soc_icons-bg-size":"26px","header-elements-soc_icons-border":"disabled","header-elements-soc_icons-border-color":"#ffffff","header-elements-soc_icons-color":"#20262a","header-elements-soc_icons-first-header-switch":"near_logo","header-elements-soc_icons-hover-bg":"accent","header-elements-soc_icons-hover-bg-color":"rgba(255,255,255,1)","header-elements-soc_icons-hover-bg-gradient":"135deg|#ffffff 30%|#000000 100%","header-elements-soc_icons-hover-border":"disabled","header-elements-soc_icons-hover-border-color":"#ffffff","header-elements-soc_icons-hover-color":"#ffffff","header-elements-soc_icons-on-desktops":"show","header-elements-soc_icons-second-header-switch":"in_menu","header-elements-soc_icons-size":"16px","header-elements-soc_icons_border_radius":"100px","header-elements-soc_icons_border_width":"1px","header-elements-soc_icons_gap":4,"header-elements-text":"Some call to action text goes here!","header-elements-text-2":"Some call to action text goes here!","header-elements-text-2-first-header-switch":"near_logo","header-elements-text-2-on-desktops":"show","header-elements-text-2-second-header-switch":"in_menu","header-elements-text-3":"Some call to action text goes here!","header-elements-text-3-first-header-switch":"near_logo","header-elements-text-3-on-desktops":"show","header-elements-text-3-second-header-switch":"in_menu","header-elements-text-4":"","header-elements-text-4-first-header-switch":"near_logo","header-elements-text-4-on-desktops":"show","header-elements-text-4-second-header-switch":"in_menu","header-elements-text-5":"","header-elements-text-5-first-header-switch":"near_logo","header-elements-text-5-on-desktops":"show","header-elements-text-5-second-header-switch":"in_menu","header-elements-text-first-header-switch":"near_logo","header-elements-text-on-desktops":"show","header-elements-text-second-header-switch":"in_menu","header-elements-woocommerce_cart-sub_cart-bg-color":"rgba(255,255,255,1)","header-elements-woocommerce_cart-sub_cart-bg-width":250,"header-elements-woocommerce_cart-sub_cart-font-color":"#242e35","header-floating_navigation-active_item-font-color":"#ffffff","header-floating_navigation-active_item-font-gradient":"90deg|#ffffff 30%|#000000 100%","header-floating_navigation-bg-color":"rgba(0,0,0,0.85)","header-floating_navigation-bg-image":{"image":"","repeat":"repeat","position_x":"center","position_y":"center"},"header-floating_navigation-bg-is_fullscreen":false,"header-floating_navigation-bg-opacity":85,"header-floating_navigation-decoration":"disabled","header-floating_navigation-decoration-color":"rgba(255,255,255,0.1)","header-floating_navigation-decoration-opacity":10,"header-floating_navigation-font-active":"default","header-floating_navigation-font-color":"#ffffff","header-floating_navigation-font-hover":"default","header-floating_navigation-font-normal":"default","header-floating_navigation-height":"90px","header-floating_navigation-hover-font-color":"#ffffff","header-floating_navigation-hover-font-gradient":"90deg|#ffffff 30%|#000000 100%","header-floating_navigation-show_after":"120px","header-floating_navigation-style":"sticky","header-floating_navigation-top-bar":false,"header-inline-elements":{"near_menu_right":["social_icons"]},"header-inline-elements-near_menu-custom-icon-color":"","header-inline-elements-near_menu-custom-icon-size":16,"header-inline-elements-near_menu-font_color":"#ffffff","header-inline-elements-near_menu-typography":{"font_family":"Open Sans","font_size":"13"},"header-inline-elements-near_menu_right-padding":"0px 0px 0px 10px","header-inline-elements-near_menu_right-padding-bottom":0,"header-inline-elements-near_menu_right-padding-left":10,"header-inline-elements-near_menu_right-padding-right":28,"header-inline-elements-near_menu_right-padding-top":0,"header-inline-height":"90px","header-inline-is_fullwidth":"1","header-inline-menu-position":"center","header-inline-show_elements":"1","header-inline-side-padding":"30px 30px","header-inline-switch_paddings":"778px","header-inline_mobile_paddings":"20px 20px","header-layout":"inline","header-logo-padding":"0px 10px 0px 0px","header-logo-padding-bottom":0,"header-logo-padding-left":30,"header-logo-padding-right":10,"header-logo-padding-top":0,"header-logo_hd":["\/wp-content\/uploads\/sites\/3\/2017\/06\/skin05r.header-logo-hd.png",2002],"header-logo_regular":["\/wp-content\/uploads\/sites\/3\/2017\/06\/skin05r.header-logo-regular.png",2003],"header-mega-menu-desc-font-color":"#242e35","header-mega-menu-desc-typography":{"font_family":"Open Sans","font_size":"12"},"header-mega-menu-items-padding":"0px 0px 10px 0px","header-mega-menu-submenu-bg-padding":"0px 10px 0px 10px","header-mega-menu-submenu-column-padding":"20px 10px 20px 10px","header-mega-menu-submenu-column-width":"240px","header-mega-menu-title-active_item-font-color":"#ffffff","header-mega-menu-title-active_item-font-color-style":"accent","header-mega-menu-title-active_item-font-gradient":"90deg|#ffffff 30%|#000000 100%","header-mega-menu-title-font-color":"#242e35","header-mega-menu-title-hover-font-color":"#ffffff","header-mega-menu-title-hover-font-color-style":"accent","header-mega-menu-title-hover-font-gradient":"90deg|#ffffff 30%|#000000 100%","header-mega-menu-title-icon-size":18,"header-mega-menu-title-typography":{"font_family":"Roboto","font_size":"18","text_transform":"none"},"header-mega-menu-widget-accent-color":"","header-mega-menu-widget-font-color":"#242e35","header-mega-menu-widget-title-color":"#242e35","header-menu-active_item-font-color":"#ffffff","header-menu-active_item-font-color-style":"color","header-menu-active_item-font-gradient":"90deg|#ffffff 30%|#000000 100%","header-menu-decoration-other-active-color":"rgba(255,255,255,1)","header-menu-decoration-other-active-color-style":"accent","header-menu-decoration-other-active-gradient":"135deg|#ffffff 30%|#000000 100%","header-menu-decoration-other-active-line":"0","header-menu-decoration-other-active-line-color":"rgba(255,255,255,1)","header-menu-decoration-other-active-line-color-style":"color","header-menu-decoration-other-active-line-gradient":"135deg|#dd3333 30%|#81d742 100%","header-menu-decoration-other-active-line-opacity":100,"header-menu-decoration-other-active-opacity":100,"header-menu-decoration-other-active-style":"background","header-menu-decoration-other-border-radius":0,"header-menu-decoration-other-click_decor":"0","header-menu-decoration-other-click_decor-color":"rgba(255,255,255,0.1)","header-menu-decoration-other-click_decor-color-style":"color","header-menu-decoration-other-click_decor-gradient":"135deg|rgba(255,255,255,0.1) 30%|rgba(0,0,0,0.1) 100%","header-menu-decoration-other-click_decor-opacity":10,"header-menu-decoration-other-hover-color":"rgba(255,255,255,0.1)","header-menu-decoration-other-hover-color-style":"color","header-menu-decoration-other-hover-gradient":"135deg|rgba(255,255,255,0.1) 30%|rgba(0,0,0,0.1) 100%","header-menu-decoration-other-hover-line":"0","header-menu-decoration-other-hover-line-color":"rgba(255,255,255,1)","header-menu-decoration-other-hover-line-color-style":"accent","header-menu-decoration-other-hover-line-gradient":"135deg|#ffffff 30%|#000000 100%","header-menu-decoration-other-hover-line-opacity":100,"header-menu-decoration-other-hover-style":"background","header-menu-decoration-other-line_size":"0px","header-menu-decoration-other-links-is_justified":"1","header-menu-decoration-other-opacity":10,"header-menu-decoration-style":"other","header-menu-decoration-underline-color":"#90929b","header-menu-decoration-underline-color-style":"color","header-menu-decoration-underline-direction":"from_center","header-menu-decoration-underline-gradient":"135deg|#ffffff 30%|#000000 100%","header-menu-decoration-underline-line_size":"2px","header-menu-dividers-color":"rgba(85,85,85,0.1)","header-menu-dividers-height":"20px","header-menu-dividers-height-style":"full","header-menu-dividers-opacity":10,"header-menu-dividers-surround":"0","header-menu-font-color":"#ffffff","header-menu-hover-font-color":"#ffffff","header-menu-hover-font-color-style":"color","header-menu-hover-font-gradient":"90deg|#8224e3 30%|#751257 100%","header-menu-icon-size":14,"header-menu-item-margin":"0px 1px 0px 0px","header-menu-item-margin-bottom":0,"header-menu-item-margin-left":0,"header-menu-item-margin-right":1,"header-menu-item-margin-top":0,"header-menu-item-padding":"7px 20px 7px 20px","header-menu-item-padding-bottom":7,"header-menu-item-padding-left":20,"header-menu-item-padding-right":20,"header-menu-item-padding-top":7,"header-menu-item-surround_margins-custom-margin":"30px","header-menu-item-surround_margins-style":"disabled","header-menu-show_dividers":"0","header-menu-show_next_lvl_icons":false,"header-menu-submenu-active-bg-color":"rgba(36,46,53,0.07)","header-menu-submenu-active-bg-color-style":"accent","header-menu-submenu-active-bg-gradient":"90deg|#81d742 30%|#eeee22 100%","header-menu-submenu-active-bg-opacity":7,"header-menu-submenu-active-font-color":"#90929b","header-menu-submenu-active-font-color-style":"accent","header-menu-submenu-active-font-gradient":"90deg|#ffffff 30%|#000000 100%","header-menu-submenu-bg-color":"rgba(255,255,255,1)","header-menu-submenu-bg-hover":"none","header-menu-submenu-bg-opacity":100,"header-menu-submenu-bg-padding":"10px 10px 10px 10px","header-menu-submenu-bg-width":"250px","header-menu-submenu-font-color":"#242e35","header-menu-submenu-hover-bg-color":"rgba(36,46,53,0.07)","header-menu-submenu-hover-bg-color-style":"accent","header-menu-submenu-hover-bg-gradient":"90deg|#81d742 30%|#eeee22 100%","header-menu-submenu-hover-bg-opacity":7,"header-menu-submenu-hover-font-color":"#242e35","header-menu-submenu-hover-font-color-style":"accent","header-menu-submenu-hover-font-gradient":"90deg|#81d742 30%|#eeee22 100%","header-menu-submenu-icon-size":14,"header-menu-submenu-item-margin":"0px 0px 0px 0px","header-menu-submenu-item-margin-bottom":0,"header-menu-submenu-item-margin-left":0,"header-menu-submenu-item-margin-right":0,"header-menu-submenu-item-margin-top":0,"header-menu-submenu-item-padding":"8px 8px 8px 8px","header-menu-submenu-item-padding-bottom":8,"header-menu-submenu-item-padding-left":8,"header-menu-submenu-item-padding-right":8,"header-menu-submenu-item-padding-top":8,"header-menu-submenu-parent_is_clickable":"1","header-menu-submenu-show_next_lvl_icons":"1","header-menu-submenu-subtitle-typography":{"font_family":"Arial:400italic","font_size":"10"},"header-menu-submenu-typography":{"font_family":"Roboto","font_size":"15","text_transform":"none"},"header-menu-subtitle-typography":{"font_family":"Arial:400italic","font_size":"12"},"header-menu-typography":{"font_family":"Roboto:700","font_size":"18","text_transform":"uppercase"},"header-menu_close_icon-margin":"30px 30px 30px 30px","header-menu_icon-bg-border-radius":"0px","header-menu_icon-bg-color":"rgba(255,255,255,0)","header-menu_icon-bg-opacity":0,"header-menu_icon-color":"#ffffff","header-menu_icon-elements":[],"header-menu_icon-elements-below_menu-padding":"0px 0px 0px 0px","header-menu_icon-elements-near_menu-custom-icon-color":"","header-menu_icon-elements-near_menu-custom-icon-size":16,"header-menu_icon-elements-near_menu-font_color":"#888888","header-menu_icon-elements-near_menu-typography":{"font_family":"Arial","font_size":"14"},"header-menu_icon-hover-bg-color":"rgba(255,255,255,0)","header-menu_icon-hover-bg-opacity":0,"header-menu_icon-margin":"0px 0px 0px 0px","header-menu_icon-margin-bottom":0,"header-menu_icon-margin-left":0,"header-menu_icon-margin-right":0,"header-menu_icon-margin-top":0,"header-menu_icon-show_elements":"0","header-menu_icon-size":"small","header-mixed-bg-color":"rgba(0,0,0,1)","header-mixed-bg-opacity":100,"header-mixed-decoration":"shadow","header-mixed-decoration-color":"rgba(0,0,0,0.1)","header-mixed-decoration-opacity":10,"header-mixed-floating-top-bar":false,"header-mixed-sticky-bg-color":"#000000","header-mobile-first_switch-after":"1150px","header-mobile-first_switch-height":"80px","header-mobile-first_switch-layout":"right_center","header-mobile-first_switch-logo":"desktop","header-mobile-first_switch-side-padding":"30px 30px","header-mobile-floating_navigation":"menu_icon","header-mobile-header-bg-color":"rgba(32,38,42,1)","header-mobile-menu-align":"right","header-mobile-menu-bg-color":"rgba(255,255,255,1)","header-mobile-menu-bg-opacity":100,"header-mobile-menu-bg-width":"340px","header-mobile-menu-font-color":"#33323f","header-mobile-menu-font-hover-color":"#90929b","header-mobile-menu-font-hover-color-style":"accent","header-mobile-menu-font-hover-gradient":"90deg|#b78ce2 30%|#1e73be 100%","header-mobile-menu-typography":{"font_family":"Roboto:700","font_size":"18","text_transform":"uppercase"},"header-mobile-menu_icon-bg-border-radius":"0px","header-mobile-menu_icon-bg-color":"rgba(32,38,42,0)","header-mobile-menu_icon-bg-enable":"1","header-mobile-menu_icon-color":"#ffffff","header-mobile-menu_icon-size":"small","header-mobile-microwidgets-custom-icon-color":"","header-mobile-microwidgets-custom-icon-size":16,"header-mobile-microwidgets-font-color":"#ffffff","header-mobile-microwidgets-typography":{"font_family":"Open Sans","font_size":"13"},"header-mobile-overlay-bg-color":"rgba(17,17,17,0.5)","header-mobile-second_switch-after":"778px","header-mobile-second_switch-height":"80px","header-mobile-second_switch-layout":"right_left","header-mobile-second_switch-logo":"desktop","header-mobile-second_switch-side-padding":"20px 20px","header-mobile-submenu-typography":{"font_family":"Open Sans","font_size":"15","text_transform":"none"},"header-overlay-content-padding":"0px 50px 0px 50px","header-overlay-content-padding-bottom":0,"header-overlay-content-padding-left":50,"header-overlay-content-padding-right":50,"header-overlay-content-padding-top":0,"header-overlay-content-position":"left","header-overlay-content-width":"500px","header-overlay-elements":{"side_top_line":["phone","email"],"below_menu":["search"]},"header-overlay-elements-below_menu-padding":"0px 0px 0px 0px","header-overlay-elements-below_menu-padding-bottom":0,"header-overlay-elements-below_menu-padding-left":0,"header-overlay-elements-below_menu-padding-right":0,"header-overlay-elements-below_menu-padding-top":0,"header-overlay-elements-top_line-padding":"0px 0px 0px 0px","header-overlay-elements-top_line-padding-bottom":0,"header-overlay-elements-top_line-padding-left":0,"header-overlay-elements-top_line-padding-right":0,"header-overlay-elements-top_line-padding-top":0,"header-overlay-icons_style":"light","header-overlay-layout":"top_line","header-overlay-layout-menu_icon-show_floating_logo":"1","header-overlay-layout-side_line-width":60,"header-overlay-layout-top_line-height":80,"header-overlay-layout-top_line-is_fullwidth":"0","header-overlay-layout-top_line-logo-position":"center","header-overlay-logo-position":"fully_inside","header-overlay-menu-items_alignment":"left","header-overlay-menu-items_link":"fullwidth","header-overlay-menu-padding":"0px 0px","header-overlay-menu-padding-bottom":0,"header-overlay-menu-padding-top":0,"header-overlay-menu-position":"v_top","header-overlay-show_elements":"1","header-show_floating_navigation":"1","header-side-content-padding":"50px 0px 40px 0px","header-side-content-padding-bottom":40,"header-side-content-padding-left":0,"header-side-content-padding-right":0,"header-side-content-padding-top":50,"header-side-content-position":"center","header-side-content-width":"300px","header-side-elements":{"below_menu":["social_icons","email","skype"]},"header-side-elements-below_menu-padding":"0px 35px 0px 35px","header-side-elements-below_menu-padding-bottom":0,"header-side-elements-below_menu-padding-left":35,"header-side-elements-below_menu-padding-right":35,"header-side-elements-below_menu-padding-top":0,"header-side-elements-near_menu-custom-icon-color":"","header-side-elements-near_menu-custom-icon-size":16,"header-side-elements-near_menu-font_color":"#888888","header-side-elements-near_menu-typography":{"font_family":"Arial","font_size":"14"},"header-side-logo-position":"inside","header-side-menu-items_alignment":"center","header-side-menu-items_link":"fullwidth","header-side-menu-padding":"50px 50px","header-side-menu-padding-bottom":50,"header-side-menu-padding-top":50,"header-side-menu-position":"v_top","header-side-menu-submenu-position":"down","header-side-position":"right","header-side-show_elements":"1","header-side-width":"300px","header-side_line-elements":[],"header-side_line-elements-below_menu-padding":"0px 0px 0px 0px","header-side_line-elements-near_menu-custom-icon-color":"","header-side_line-elements-near_menu-custom-icon-size":16,"header-side_line-elements-near_menu-font_color":"#888888","header-side_line-elements-near_menu-typography":{"font_family":"Arial","font_size":"14"},"header-side_line-show_elements":"0","header-side_line-width":"60px","header-slide_out-content-padding":"0px 60px 0px 120px","header-slide_out-content-padding-bottom":0,"header-slide_out-content-padding-left":120,"header-slide_out-content-padding-right":60,"header-slide_out-content-padding-top":0,"header-slide_out-content-position":"right","header-slide_out-content-width":"450px","header-slide_out-elements":{"below_menu":["search","login"]},"header-slide_out-elements-below_menu-padding":"18px 0px 40px 6px","header-slide_out-elements-below_menu-padding-bottom":40,"header-slide_out-elements-below_menu-padding-left":6,"header-slide_out-elements-below_menu-padding-right":0,"header-slide_out-elements-below_menu-padding-top":18,"header-slide_out-elements-top_line-padding":"0px 0px 0px 0px","header-slide_out-elements-top_line-padding-bottom":0,"header-slide_out-elements-top_line-padding-left":0,"header-slide_out-elements-top_line-padding-right":0,"header-slide_out-elements-top_line-padding-top":0,"header-slide_out-icons_style":"light","header-slide_out-layout":"side_line","header-slide_out-layout-menu_icon-show_floating_logo":"1","header-slide_out-layout-side_line-position":"under","header-slide_out-layout-side_line-width":60,"header-slide_out-layout-top_line-height":74,"header-slide_out-layout-top_line-is_fullwidth":"1","header-slide_out-layout-top_line-logo-position":"left","header-slide_out-logo-position":"fully_inside","header-slide_out-menu-items_alignment":"center","header-slide_out-menu-items_link":"textwidth","header-slide_out-menu-padding":"0px 0px","header-slide_out-menu-padding-bottom":0,"header-slide_out-menu-padding-top":0,"header-slide_out-menu-position":"v_top","header-slide_out-overlay-animation":"slide","header-slide_out-overlay-bg-color":"rgba(0,0,0,0.3)","header-slide_out-overlay-bg-color-style":"color","header-slide_out-overlay-bg-gradient":"135deg|rgba(205,183,226,0.3) 30%|rgba(130,20,130,0.3) 100%","header-slide_out-overlay-bg-opacity":30,"header-slide_out-overlay-blur":"0","header-slide_out-overlay-x_cursor":"1","header-slide_out-overlay-x_cursor-color":"rgba(255,255,255,1)","header-slide_out-overlay-x_cursor-opacity":100,"header-slide_out-position":"left","header-slide_out-show_elements":"1","header-slide_out-width":"450px","header-split-elements":{"top_bar_left":["phone","email"],"top_bar_right":["login","social_icons"]},"header-split-elements-near_menu-custom-icon-color":"","header-split-elements-near_menu-custom-icon-size":16,"header-split-elements-near_menu-font_color":"#888888","header-split-elements-near_menu-typography":{"font_family":"Arial","font_size":"14"},"header-split-elements-near_menu_left-padding":"0px 20px 0px 20px","header-split-elements-near_menu_left-padding-bottom":0,"header-split-elements-near_menu_left-padding-left":20,"header-split-elements-near_menu_left-padding-right":20,"header-split-elements-near_menu_left-padding-top":0,"header-split-elements-near_menu_right-padding":"0px 20px 0px 20px","header-split-elements-near_menu_right-padding-bottom":0,"header-split-elements-near_menu_right-padding-left":20,"header-split-elements-near_menu_right-padding-right":20,"header-split-elements-near_menu_right-padding-top":0,"header-split-height":"100px","header-split-is_fullwidth":"1","header-split-menu-position":"inside","header-split-show_elements":"1","header-split-side-padding":"30px 30px","header-split-switch_paddings":"0px","header-split_mobile_paddings":"0px 0px","header-style-floating-choose_logo":"main","header-style-floating-logo-padding":"0px 10px 0px 0px","header-style-floating-logo-padding-bottom":0,"header-style-floating-logo-padding-left":30,"header-style-floating-logo-padding-right":10,"header-style-floating-logo-padding-top":0,"header-style-floating-logo_hd":["",0],"header-style-floating-logo_regular":["",0],"header-style-mixed-logo-padding":"0px 0px 0px 0px","header-style-mixed-logo-padding-bottom":0,"header-style-mixed-logo-padding-left":0,"header-style-mixed-logo-padding-right":0,"header-style-mixed-logo-padding-top":0,"header-style-mixed-logo_hd":["",0],"header-style-mixed-logo_regular":["",0],"header-style-mixed-top_line-floating-choose_logo":"main","header-style-mixed-top_line-floating-logo-padding":"0px 0px 0px 0px","header-style-mixed-top_line-floating-logo_hd":["",0],"header-style-mixed-top_line-floating-logo_regular":["",0],"header-style-mobile-logo-padding":"0px 0px 0px 0px","header-style-mobile-logo-padding-bottom":0,"header-style-mobile-logo-padding-left":0,"header-style-mobile-logo-padding-right":0,"header-style-mobile-logo-padding-top":0,"header-style-mobile-logo_hd":["",0],"header-style-mobile-logo_regular":["",0],"header-style-transparent-choose_logo":"main","header-style-transparent-logo-padding":"0px 10px 0px 0px","header-style-transparent-logo-padding-bottom":0,"header-style-transparent-logo-padding-left":30,"header-style-transparent-logo-padding-right":10,"header-style-transparent-logo-padding-top":0,"header-style-transparent-logo_hd":["\/inc\/presets\/images\/full\/skin05r.header-style-transparent-logo-hd.png?w=160&h=84",0],"header-style-transparent-logo_regular":["\/inc\/presets\/images\/full\/skin05r.header-style-transparent-logo-regular.png?w=80&h=42",0],"header-style-transparent-mobile-logo-padding":"0px 0px 0px 0px","header-style-transparent-mobile-logo_hd":["",0],"header-style-transparent-mobile-logo_regular":["",0],"header-top_line-elements":[],"header-top_line-elements-below_menu-padding":"0px 0px 0px 0px","header-top_line-elements-in_top_line-custom-icon-color":"","header-top_line-elements-in_top_line-custom-icon-size":16,"header-top_line-elements-in_top_line-font_color":"#888888","header-top_line-elements-in_top_line-font_family":"Arial","header-top_line-elements-in_top_line-font_size":14,"header-top_line-elements-in_top_line-typography":{"font_family":"Arial","font_size":"14"},"header-top_line-elements-near_menu-custom-icon-color":"","header-top_line-elements-near_menu-custom-icon-size":16,"header-top_line-elements-near_menu-font_color":"#888888","header-top_line-elements-near_menu-typography":{"font_family":"Arial","font_size":"14"},"header-top_line-elements-top_line-padding":"0px 0px 0px 0px","header-top_line-elements-top_line_right-padding":"0px 0px 0px 0px","header-top_line-show_elements":"0","header-top_line-side-padding":"30px 30px","header-top_line-switch_paddings":"0px","header-top_line_mobile_paddings":"0px 0px","header-transparent-mobile-first_switch-logo":"desktop","header-transparent-mobile-second_switch-logo":"desktop","header-transparent_bg_color":"rgba(255,255,255,1)","header-transparent_bg_opacity":100,"header_navigation":"slide_out","image_hover-album_miniatures_style":"style_2","image_hover-color":"rgba(0,85,132,0.2)","image_hover-color_gradient":"135deg|rgba(0,0,0,0.2) 30%|rgba(48,48,48,0.2) 100%","image_hover-color_mode":"color","image_hover-default_icon":"none","image_hover-onclick_animation":false,"image_hover-opacity":20,"image_hover-project_icons_style":"transparent","image_hover-project_rollover_color":"rgba(0,0,0,0.8)","image_hover-project_rollover_color_gradient":"135deg|rgba(106,229,230,0.9) 30%|rgba(17,144,201,0.9) 100%","image_hover-project_rollover_color_mode":"color","image_hover-project_rollover_opacity":90,"image_hover-style":"none","layout-menu_icon-position":"menu_icon_right","layout-menu_icon-show_floating_logo":"1","layout-side_line-position":"above","layout-side_line-v_position":"left","layout-top_line-height":"130px","layout-top_line-is_fullwidth":"0","layout-top_line-is_sticky":"0","layout-top_line-logo-position":"left","menu-mobile-microwidgets-custom-icon-color":"","menu-mobile-microwidgets-custom-icon-size":16,"menu-mobile-microwidgets-font-color":"#33323f","menu-mobile-microwidgets-typography":{"font_family":"Open Sans","font_size":"15"},"microwidgets-search-active-width":"200px","microwidgets-search-height":"34px","microwidgets-search-typography":{"font_family":"Roboto","font_size":"14"},"microwidgets-search-width":"200px","microwidgets-search_bg-border-color":"#e2e2e2","microwidgets-search_bg-color":"#f4f4f4","microwidgets-search_bg_border_radius":"0px","microwidgets-search_bg_border_width":"0px","microwidgets-search_custom-icon":"the7-mw-icon-search","microwidgets-search_font-color":"#aaaaaa","microwidgets-search_icon":"custom","microwidgets-search_icon-size":16,"microwidgets-search_input-padding":"12px 12px","microwidgets-search_overlay-bg":"color","microwidgets-search_overlay-bg-color":"rgba(0,0,0,0.9)","microwidgets-search_overlay-bg-gradient":"135deg|#ffffff 30%|#000000 100%","microwidgets-search_style":"popup","modules-albums-status":"enabled","modules-benefits-status":"enabled","modules-logos-status":"enabled","modules-portfolio-status":"enabled","modules-slideshow-status":"enabled","modules-team-status":"enabled","modules-testimonials-status":"enabled","page_title-background-style-transparent-color_scheme":"from_options","page_title-padding":"20px 20px","page_title-padding-bottom":"20px","page_title-padding-top":"20px","post-show_fancy_categories":"1","post-show_fancy_date":"1","sidebar-bg_color":"rgba(242,243,243,1)","sidebar-bg_image":{"image":"","repeat":"repeat","position_x":"right","position_y":"top"},"sidebar-bg_opacity":100,"sidebar-decoration":"none","sidebar-decoration_outline_color":"rgba(152,154,159,0.18)","sidebar-decoration_outline_opacity":18,"sidebar-distance_to_content":"50px","sidebar-divider-horizontal":"0","sidebar-divider-vertical":"0","sidebar-floating":false,"sidebar-headers_color":"#242e35","sidebar-primary_text_color":"#71787c","sidebar-responsiveness":"992px","sidebar-vertical_distance":"30px","sidebar-visual_style":"with_widgets_bg","sidebar-width":"350px","social_buttons-page":[],"social_buttons-page-button_title":"Share this page","social_buttons-photo":[],"social_buttons-photo-button_title":"Share this image","social_buttons-portfolio_post":["twitter","facebook","google+","pinterest","linkedin"],"social_buttons-portfolio_post-button_title":"Share this project","social_buttons-post":["twitter","facebook","google+","pinterest","linkedin"],"social_buttons-post-button_title":"Share this post","social_buttons-visibility":"allways","stripes-stripe_1_bg_image":{"image":"https:\/\/the7.io\/creative\/inc\/presets\/images\/full\/skin05r.stripes-stripe-1-bg-image.gif","repeat":"repeat","position_x":"center","position_y":"center"},"stripes-stripe_1_color":"#f2f3f3","stripes-stripe_1_content_boxes_bg_color":"#ffffff","stripes-stripe_1_content_boxes_bg_opacity":100,"stripes-stripe_1_content_boxes_decoration":"none","stripes-stripe_1_content_boxes_decoration_outline_color":"#888888","stripes-stripe_1_content_boxes_decoration_outline_opacity":0,"stripes-stripe_1_headers_color":"#242e35","stripes-stripe_1_outline":"hide","stripes-stripe_1_outline_color":"#888888","stripes-stripe_1_outline_opacity":14,"stripes-stripe_1_text_color":"#5f676c","stripes-stripe_2_bg_image":{"image":"","repeat":"repeat","position_x":"center","position_y":"center"},"stripes-stripe_2_color":"#20262a","stripes-stripe_2_content_boxes_bg_color":"#373c40","stripes-stripe_2_content_boxes_bg_opacity":100,"stripes-stripe_2_content_boxes_decoration":"none","stripes-stripe_2_content_boxes_decoration_outline_color":"#ffffff","stripes-stripe_2_content_boxes_decoration_outline_opacity":17,"stripes-stripe_2_headers_color":"#ffffff","stripes-stripe_2_outline":"hide","stripes-stripe_2_outline_color":"#ffffff","stripes-stripe_2_outline_opacity":10,"stripes-stripe_2_text_color":"#ffffff","stripes-stripe_3_bg_image":{"image":"https:\/\/the7.io\/creative\/inc\/presets\/images\/full\/skin05r.stripes-stripe-3-bg-image.gif","repeat":"repeat","position_x":"center","position_y":"center"},"stripes-stripe_3_color":"#005484","stripes-stripe_3_content_boxes_bg_color":"#0071a7","stripes-stripe_3_content_boxes_bg_opacity":100,"stripes-stripe_3_content_boxes_decoration":"none","stripes-stripe_3_content_boxes_decoration_outline_color":"#ffffff","stripes-stripe_3_content_boxes_decoration_outline_opacity":0,"stripes-stripe_3_headers_color":"#ffffff","stripes-stripe_3_outline":"hide","stripes-stripe_3_outline_color":"#FFFFFF","stripes-stripe_3_outline_opacity":10,"stripes-stripe_3_text_color":"#ffffff","template_page_id_author":2063,"template_page_id_blog_category":2063,"template_page_id_blog_tags":2063,"template_page_id_date":2063,"template_page_id_portfolio_category":2057,"template_page_id_search":0,"top-bar-height":"0px","top_bar-bg-color":"rgba(255,255,255,1)","top_bar-bg-image":{"image":"","repeat":"repeat","position_x":"center","position_y":"center"},"top_bar-bg-opacity":100,"top_bar-bg-style":"disabled","top_bar-custom-icon-color":"","top_bar-custom-icon-size":16,"top_bar-font-color":"#242e35","top_bar-line-color":"#ffffff","top_bar-line-in-transparent-header":false,"top_bar-line_size":"1px","top_bar-line_style":"solid","top_bar-padding":"0px 30px 0px 30px","top_bar-paddings-bottom":0,"top_bar-paddings-horizontal":30,"top_bar-paddings-top":0,"top_bar-switch_paddings":"778px","top_bar-typography":{"font_family":"Tahoma","font_size":"13","text_transform":"none"},"top_bar_mobile_paddings":"0px 20px 0px 20px","widgetareas":{"1":{"sidebar_name":"Default Sidebar","sidebar_desc":"Sidebar primary widget area"},"2":{"sidebar_name":"Default Footer","sidebar_desc":"Footer primary widget area"}},"header-mobile-menu_icon-caption-padding":"4px 1px 4px 1px","header-mobile-menu_icon-color-hover":"#ffffff","header-mobile-menu_icon-caption_color":"#ffffff","header-mobile-menu_icon-caption_color-hover":"#ffffff","header-mobile-menu_icon-bg-color-hover":"rgba(32,38,42,0)","header-mobile-menu-dividers-color":"rgba(51,50,63,0.12)","header-menu_icon-caption-padding":"19px 16px 19px 16px","header-menu_close_icon-padding":"16px 16px 16px 16px","header-menu-close_icon-size":"fade_small","header-menu_icon-color-hover":"#ffffff","header-menu_icon-caption_color":"#ffffff","header-menu_icon-caption_color-hover":"#ffffff","header-menu_icon-bg-color-hover":"rgba(255,255,255,0)","header-menu_close_icon-caption_color":"#ffffff","header-menu_close_icon-caption_color-hover":"#ffffff","header-menu_close_icon-hover-color":"#ffffff","header-menu_close_icon-color":"#ffffff","header-menu_close_icon-bg-color":"rgba(255,255,255,0)","header-menu_close_icon-bg-border-radius":"0px","header-mobile-menu_icon-bg-hover":"1","header-mobile-floating-bg-color":"rgba(32,38,42,1)","fonts-widget-title":{"font_family":"Roboto","text_transform":"none","responsive_font_size":{"desktop":"18px"},"responsive_line_height":{"desktop":"28px"}},"fonts-woo-title":{"font_family":"Roboto","text_transform":"none","responsive_font_size":{"desktop":"18px"},"responsive_line_height":{"desktop":"28px"}},"fonts-woo-content":{"font_family":"Open Sans","responsive_font_size":{"desktop":"16px"},"responsive_line_height":{"desktop":"28px"}},"fonts-widget-content":{"font_family":"Open Sans","responsive_font_size":{"desktop":"14px"},"responsive_line_height":{"desktop":"26px"}},"header-elements-woocommerce_cart-font-content":{"font_family":"Open Sans","responsive_font_size":{"desktop":"14px"},"responsive_line_height":{"desktop":"26px"}},"buttons-s-custom-icon-size":1,"buttons-m-custom-icon-size":1,"buttons-l-custom-icon-size":1,"buttons-lg-custom-icon-size":1,"buttons-xl-custom-icon-size":1,"button-shadow":{"color":"rgba(0, 0, 0, 0)","horizontal":"0","vertical":"0","blur":"10","spread":"0","position":"outline"},"button-shadow-hover":{"color":"rgba(0, 0, 0, 0)","horizontal":"0","vertical":"0","blur":"10","spread":"0","position":"outline"},"buttons-lg-typography":{"font_family":"Roboto:700","text_transform":"none"},"buttons-xl-typography":{"font_family":"Roboto:700","text_transform":"none"}},"the7_dashboard_settings":{"mega-menu":true,"elementor-buttons-integration":false,"elementor-theme-style":false,"portfolio":true,"testimonials":true,"team":true,"logos":false,"benefits":false,"albums":false,"slideshow":false},"wp_settings":{"show_on_front":"page","page_on_front":"592","page_for_posts":"0"},"widgets_settings":{"widget_archives":{"2":{"title":"","count":0,"dropdown":0},"_multiwidget":1},"widget_meta":{"2":{"title":""},"_multiwidget":1},"widget_search":{"2":{"title":""},"_multiwidget":1},"widget_text":{"2":{"title":"","text":"<a href=\"http:\/\/themeforest.net\/item\/the7-responsive-multipurpose-wordpress-theme\/5556590?ref=Dream-Theme\"><img width=\"200\" style=\"margin: 5px 0px 15px 0px; max-width: 100%;\" src=\"https:\/\/the7.io\/creative\/wp-content\/uploads\/sites\/3\/2014\/03\/the7-creative-footer-img.jpg\"><\/a>\r\n\r\n<p><span style=\"color: #8f9294\">E-mail:<\/span><br><span style=\"color: #ffffff\">info@your-site.com<\/span><\/p>\r\n\r\n<p><span style=\"color: #8f9294\">Business time:<\/span><br>\r\n<span style=\"color: #ffffff\">Mon. \u2013 Fri. 09:00 - 17:00 CET<\/span><\/p>\r\n\r\n","filter":false,"visual":false},"_multiwidget":1},"widget_categories":{"2":{"title":"","count":0,"hierarchical":0,"dropdown":0},"_multiwidget":1},"widget_recent-posts":{"2":{"title":"","number":5},"_multiwidget":1},"widget_recent-comments":{"2":{"title":"","number":5},"3":{"title":"RECENT COMMENTS","number":4},"_multiwidget":1},"widget_presscore-blog-posts":{"2":{"title":"FROM OUR BLOG","order":"DESC","orderby":"date","show":5,"select":"all","cats":[],"thumbnails":0,"round_images":0,"images_dimensions":{"w":40,"h":40},"show_excerpts":0},"3":{"title":"RECENT POSTS","order":"DESC","orderby":"date","show":6,"select":"all","cats":[],"thumbnails":1,"round_images":0,"show_excerpts":0,"images_dimensions":{"w":70,"h":50}},"_multiwidget":1},"widget_presscore-progress-bars-widget":{"2":{"title":"WE ARE GOOD AT","text":"Cum sociis natoque penatibus et magnis dis parturient montes, nascetur ridiculus mus bibendum quis euismod.","fields":[{"title":"Design","percent":95,"color":"","show_percent":false},{"title":"Photography","percent":82,"color":"","show_percent":false},{"title":"Programming","percent":70,"color":"","show_percent":false},{"title":"Marketing","percent":55,"color":"","show_percent":false}]},"_multiwidget":1},"widget_presscore-portfolio":{"2":{"title":"RECENT PROJECTS","order":"DESC","orderby":"date","select":"all","show":12,"cats":[],"max_width":102},"_multiwidget":1},"widget_presscore-testimonials-slider":{"2":{"title":"TESTIMONIALS","order":"DESC","orderby":"date","select":"only","show":6,"cats":["24"],"autoslide":0},"_multiwidget":1},"sidebars_widgets":{"orphaned_widgets_1":["search-2","recent-posts-2","recent-comments-2","archives-2","categories-2","meta-2"],"wp_inactive_widgets":["9022"],"sidebar_1":["presscore-blog-posts-3","recent-comments-3","presscore-progress-bars-widget-2","presscore-testimonials-slider-2"],"sidebar_2":["text-2","presscore-blog-posts-2","presscore-portfolio-2"],"array_version":3}},"nav_menu_locations":{"primary":34,"top":0,"bottom":33},"ultimate_selected_google_fonts":[{"font_family":"Roboto","font_name":"Roboto","variants":[{"variant_value":"100","variant_selected":"false"},{"variant_value":"100italic","variant_selected":"false"},{"variant_value":"300","variant_selected":"false"},{"variant_value":"300italic","variant_selected":"false"},{"variant_value":"italic","variant_selected":"false"},{"variant_value":"500","variant_selected":"false"},{"variant_value":"500italic","variant_selected":"false"},{"variant_value":"700","variant_selected":"false"},{"variant_value":"700italic","variant_selected":"false"},{"variant_value":"900","variant_selected":"false"},{"variant_value":"900italic","variant_selected":"false"}],"subsets":[{"subset_value":"vietnamese","subset_selected":"false"},{"subset_value":"greek","subset_selected":"false"},{"subset_value":"latin-ext","subset_selected":"false"},{"subset_value":"cyrillic-ext","subset_selected":"false"},{"subset_value":"latin","subset_selected":"false"},{"subset_value":"cyrillic","subset_selected":"false"},{"subset_value":"greek-ext","subset_selected":"false"}]}],"ultimate_icon_fonts":{"icomoon-material-24x24":{"include":"smile_fonts\/icomoon-material-24x24","folder":"smile_fonts\/icomoon-material-24x24","style":"icomoon-material-24x24\/icomoon-material-24x24.css","config":"charmap.php"},"icomoon-icomoonfree-16x16":{"include":"smile_fonts\/icomoon-icomoonfree-16x16","folder":"smile_fonts\/icomoon-icomoonfree-16x16","style":"icomoon-icomoonfree-16x16\/icomoon-icomoonfree-16x16.css","config":"charmap.php"}},"the7_fontawesome_version":"fa4","revolution_sliders":["The7-creative-hero-image"],"vc_settings":{"use_custom":"1","vc_color":"#f7f7f7","vc_color_hover":"#F0F0F0","vc_color_call_to_action_bg":"","vc_color_google_maps_bg":"","vc_color_post_slider_caption_bg":"","vc_color_progress_bar_bg":"","vc_color_separator_border":"","vc_color_tab_bg":"","vc_color_tab_bg_active":"","margin":"0px","gutter":"50","responsive_max":"768"}}